time_elapsed,eplenmean,value_loss,nupdates,eprewmean,approxkl,fps,policy_entropy,explained_variance,serial_timesteps,policy_loss,clipfrac,total_timesteps
9.251476526260376,1260.6666666666667,18.938068,1,536.6666666666666,0.0003844461,486,0.742164,0.9670301340520382,1500,-0.0010549654,0.0,4500
18.28572940826416,1178.1666666666667,22.446833,2,450.0,0.00014607928,498,0.79188204,0.9504604339599609,3000,-0.0008118147,0.0,9000
27.643447160720825,1255.111111111111,20.375435,3,477.44444444444446,5.236386e-05,480,0.9032878,0.9619753956794739,4500,-0.00032271593,0.0,13500
36.723613262176514,1278.0833333333333,22.725632,4,505.25,3.2105145e-05,495,0.8763868,0.9577362686395645,6000,-0.00014091468,0.0,18000
45.64740347862244,1278.625,19.15624,5,481.3125,5.8721445e-05,504,0.90757316,0.964067917317152,7500,-0.00025872226,0.0,22500
54.6216242313385,1262.4,22.618702,6,485.05,3.258609e-05,501,0.7564021,0.9607056714594364,9000,-0.00026636155,0.0,27000
63.732839822769165,1282.0,19.506796,7,504.30434782608694,1.7311984e-05,493,0.93225074,0.9662093780934811,10500,-0.00022049024,0.0,31500
72.29913473129272,1282.2692307692307,18.364595,8,498.8076923076923,2.889926e-06,525,0.91345835,0.9618163146078587,12000,-4.7504356e-05,0.0,36000
81.48080801963806,1268.2333333333333,17.170732,9,473.7,3.2204414e-05,490,0.7924505,0.965784028172493,13500,-0.00014933216,0.0,40500
90.85928177833557,1258.3235294117646,21.26013,10,466.20588235294116,9.169199e-05,479,0.8210237,0.959782712161541,15000,-0.0003127534,0.0,45000
99.99284958839417,1270.0,21.125662,11,482.02702702702703,1.672771e-05,492,0.87508553,0.9639827497303486,16500,-0.00011163781,0.0,49500
109.23960208892822,1281.35,22.482437,12,489.25,1.69696e-05,486,0.98467463,0.9527031108736992,18000,-7.75969e-05,0.0,54000
118.4908094406128,1275.590909090909,21.265108,13,490.1363636363636,0.00022508831,486,0.8899429,0.9622054658830166,19500,-0.0009154334,0.0,58500
127.77235293388367,1256.7916666666667,19.302876,14,477.2083333333333,3.9443396e-05,484,0.71452,0.9599559344351292,21000,-8.2758095e-05,0.0,63000
137.21667790412903,1252.8653846153845,18.4591,15,468.65384615384613,3.236213e-05,476,0.7621944,0.9626861624419689,22500,-0.00031241073,0.0,67500
146.4630355834961,1254.267857142857,27.102112,16,475.5,7.187815e-05,486,0.9023351,0.9533374533057213,24000,-0.00026622962,0.0,72000
155.2816412448883,1259.8333333333333,23.532217,17,478.21666666666664,4.352677e-05,510,0.904841,0.9560801796615124,25500,-0.00024835355,0.0,76500
164.31332111358643,1257.4920634920634,19.514757,18,477.7142857142857,2.7631524e-05,498,0.87787145,0.9646163657307625,27000,-9.727507e-05,0.0,81000
173.7411344051361,1231.7941176470588,25.069891,19,458.3970588235294,0.00012964992,477,0.57333064,0.9332380592823029,28500,-0.00067464664,0.0,85500
182.88661527633667,1235.5,25.197472,20,462.6666666666667,8.331306e-05,492,0.891136,0.9529083520174026,30000,-0.0003860282,0.0,90000
192.21351766586304,1246.08,22.966467,21,475.1333333333333,0.000103126156,482,0.940056,0.958937656134367,31500,-0.00048003235,0.0,94500
201.15472269058228,1240.2564102564102,17.518042,22,470.62820512820514,2.5195732e-05,503,0.7023068,0.9628155939280987,33000,-0.00010374806,0.0,99000
210.08436846733093,1245.7407407407406,21.285751,23,475.82716049382714,1.6379561e-05,503,0.9481165,0.961431372910738,34500,-0.00019786063,0.0,103500
219.25977635383606,1239.9882352941177,22.810898,24,472.2470588235294,6.644568e-05,490,0.89965934,0.9602425210177898,36000,-0.0004783738,0.0,108000
228.57594275474548,1245.629213483146,23.435627,25,479.03370786516854,2.0268947e-06,483,0.9482318,0.9570430517196655,37500,-1.8725996e-06,0.0,112500
237.38105249404907,1253.9239130434783,22.766212,26,489.3478260869565,3.829579e-05,511,0.9314008,0.9573461711406708,39000,-0.00011203889,0.0,117000
247.0909924507141,1251.8020833333333,22.405857,27,489.71875,7.406989e-05,463,0.7082923,0.9571051523089409,40500,-0.00043647282,0.0,121500
256.178591966629,1248.1616161616162,20.646612,28,488.42424242424244,0.00012963904,495,0.8209315,0.9591375663876534,42000,-0.0003953314,0.0,126000
265.4307405948639,1243.62,21.254942,29,486.65,8.666811e-05,486,0.7709438,0.963315449655056,43500,-0.00040832444,0.0,130500
274.5665183067322,1236.02,29.185602,30,485.57,5.850893e-05,492,0.77881604,0.95152822509408,45000,-0.00032866816,0.0,135000
283.8439495563507,1225.72,21.301252,31,475.97,0.00015606113,485,0.8192997,0.9601003602147102,46500,-0.00051871146,0.0,139500
292.767249584198,1227.04,21.846165,32,484.17,0.00027391952,504,0.8750488,0.9638895876705647,48000,-0.0008946638,0.0,144000
301.4776043891907,1220.69,21.299572,33,476.22,3.0993993e-05,516,0.82336044,0.9551921971142292,49500,-0.00019730772,0.0,148500
310.0604577064514,1222.08,21.449627,34,476.23,2.0785468e-05,524,0.87056834,0.9507855139672756,51000,-0.00039610322,0.0,153000
319.61563515663147,1214.92,22.88445,35,467.44,0.00026868825,470,0.87751585,0.9553597681224346,52500,-0.0009630969,0.0,157500
328.73259830474854,1222.89,22.625717,36,475.44,2.714836e-05,493,1.0004573,0.9505072049796581,54000,-0.00017097156,0.0,162000
337.63355922698975,1231.8,21.127142,37,489.72,9.076308e-05,505,0.7873091,0.9630194082856178,55500,-0.00043099356,0.0,166500
346.04923915863037,1231.8,22.235584,38,488.78,6.9291025e-05,534,0.9737053,0.9557349346578121,57000,-0.0002562264,0.0,171000
354.6175043582916,1230.84,20.79289,39,493.08,6.149107e-05,525,0.89253867,0.9611575119197369,58500,-0.0002554313,0.0,175500
364.0385868549347,1225.64,24.92598,40,492.86,1.3577821e-05,477,0.7537738,0.9613892585039139,60000,-0.00010430627,0.0,180000
372.6082236766815,1231.45,20.728724,41,492.54,1.8146668e-05,525,0.96318036,0.9555885642766953,61500,-0.00010679159,0.0,184500
381.14188838005066,1234.2,21.264065,42,501.9,0.00016029712,527,0.9288141,0.9614194594323635,63000,-0.00043685606,0.0,189000
390.3373177051544,1235.59,20.658283,43,502.22,0.00032841257,489,0.80857027,0.9631318636238575,64500,-0.0011769497,4.4444445e-05,193500
400.476934671402,1233.2,23.73415,44,501.83,5.9687114e-05,443,0.82285255,0.9531344994902611,66000,-0.00031996716,0.0,198000
409.7126007080078,1240.37,20.841343,45,506.62,4.2954332e-05,487,0.8671158,0.9639143645763397,67500,-0.00026633788,0.0,202500
419.21019530296326,1243.45,21.94499,46,506.08,0.00035942424,473,0.9787319,0.9589667171239853,69000,-0.0011552981,0.0004,207000
429.01469111442566,1264.54,23.021656,47,522.47,4.0201972e-05,458,0.9617828,0.9547329992055893,70500,-0.00014508737,0.0,211500
438.2217216491699,1267.97,20.753027,48,527.33,5.546116e-05,488,0.9350792,0.9633419774472713,72000,-0.0002491771,0.0,216000
448.4598424434662,1256.91,27.195799,49,518.04,0.00020209649,439,0.79158455,0.9487010762095451,73500,-0.0008377633,0.0,220500
458.1102602481842,1267.6,21.239206,50,520.44,1.7873448e-05,466,0.94972056,0.9541555158793926,75000,-0.00010321418,0.0,225000
468.0318646430969,1265.46,25.045416,51,518.79,1.2566736e-05,453,0.8527129,0.9487511217594147,76500,-8.613361e-05,0.0,229500
477.46014499664307,1275.93,21.100092,52,526.97,0.00010544982,477,0.96197456,0.9653608910739422,78000,-0.00042294443,0.0,234000
486.5172040462494,1276.55,21.321482,53,519.89,9.032894e-05,496,0.8830635,0.9551695957779884,79500,-0.0003314308,0.0,238500
496.3538007736206,1274.25,21.530407,54,516.83,6.349871e-05,457,0.92943877,0.9577677883207798,81000,-0.00023068754,0.0,243000
505.8064467906952,1275.36,21.642376,55,520.15,0.0001037848,476,0.9534983,0.9647638872265816,82500,-0.0003485817,0.0,247500
515.6783926486969,1292.63,25.34523,56,528.67,3.822951e-05,455,0.9738265,0.952159833163023,84000,-0.00025462697,0.0,252000
525.5283062458038,1294.46,22.306545,57,525.45,3.7876503e-05,456,0.86642075,0.9581524915993214,85500,-0.00021180783,0.0,256500
535.1128530502319,1300.72,20.574797,58,533.04,9.53833e-06,469,0.81159806,0.9656571671366692,87000,-8.809057e-05,0.0,261000
544.9115071296692,1308.39,20.12749,59,532.66,5.1714094e-05,459,0.9379442,0.9614923149347305,88500,-0.00011093582,0.0,265500
555.2688148021698,1310.54,24.693804,60,536.9,7.019132e-05,434,0.8357043,0.9534724652767181,90000,-0.00031666935,0.0,270000
564.9292237758636,1313.62,21.282028,61,540.89,2.3154367e-05,465,0.92734766,0.9627609923481941,91500,-0.00013261073,0.0,274500
575.2991986274719,1314.96,25.379282,62,541.66,4.076033e-05,433,0.8000237,0.9505946673452854,93000,-0.00028966172,0.0,279000
584.545601606369,1313.96,19.38496,63,541.43,2.0824047e-05,486,0.8358787,0.9651271142065525,94500,-0.00022816895,0.0,283500
594.0518305301666,1322.51,23.005278,64,550.21,4.0274674e-05,473,0.98574275,0.9558490179479122,96000,-0.00020153208,0.0,288000
604.2339541912079,1314.46,25.014866,65,544.25,3.4153243e-05,441,0.8073204,0.9570227414369583,97500,-0.00018848653,0.0,292500
613.6355731487274,1314.7,19.940218,66,543.25,6.718836e-05,478,0.83613837,0.9604881107807159,99000,-0.0003896433,0.0,297000
623.3628284931183,1314.17,19.899494,67,542.47,1.9693247e-05,462,0.89423513,0.9658055603504181,100500,-0.00023113738,0.0,301500
633.3392162322998,1317.05,20.925556,68,540.77,6.807582e-05,451,0.94715714,0.9639974310994148,102000,-0.0002541323,0.0,306000
643.6307818889618,1317.61,21.841352,69,539.53,0.00012421524,437,0.8792092,0.9588501863181591,103500,-0.0003277073,0.0,310500
653.7247476577759,1328.0,21.159124,70,543.41,0.00016901994,445,0.95089567,0.9629344157874584,105000,-0.00047590662,0.0,315000
664.1804685592651,1324.83,18.437904,71,542.25,1.8086834e-05,430,0.7106436,0.9653271920979023,106500,-0.00014305399,0.0,319500
674.0667309761047,1320.11,19.226107,72,537.92,1.9929337e-05,455,0.8823269,0.9659914933145046,108000,-0.0002339515,0.0,324000
683.7188954353333,1322.75,25.311684,73,539.61,5.440521e-05,466,0.86489016,0.9559795893728733,109500,-0.00022297078,0.0,328500
693.204968214035,1323.2,27.08754,74,544.19,8.27264e-06,474,0.79355955,0.9520782977342606,111000,-0.00017089651,0.0,333000
702.700754404068,1317.43,20.46214,75,533.76,1.3608046e-05,473,0.9182914,0.9571149200201035,112500,-8.551134e-05,0.0,337500
713.3823552131653,1298.26,28.832737,76,519.24,4.94141e-06,421,0.79836404,0.9504583775997162,114000,-0.0001093524,0.0,342000
722.8882484436035,1295.62,24.50246,77,517.13,2.1356904e-05,473,0.81443816,0.9573185034096241,115500,-0.00027123356,0.0,346500
732.7806141376495,1296.49,25.106884,78,517.56,8.0305515e-05,454,0.88597727,0.9556187726557255,117000,-0.00028580858,0.0,351000
742.290929555893,1291.9,19.936201,79,517.98,2.5609323e-05,473,0.7918846,0.9600649438798428,118500,-5.4652824e-05,0.0,355500
751.6315174102783,1293.26,22.962715,80,520.34,0.00029202795,481,0.8792725,0.9583848528563976,120000,-0.0004813546,0.0,360000
761.8333377838135,1283.89,26.811583,81,517.1,4.257987e-05,441,0.8488979,0.9531504102051258,121500,-0.0002411005,0.0,364500
771.4227824211121,1289.37,21.154827,82,526.79,7.626933e-05,469,0.8961152,0.9648023396730423,123000,-0.00039243902,0.0,369000
781.0484189987183,1291.51,21.983631,83,527.35,5.6004712e-05,467,0.97129005,0.9619309529662132,124500,-0.00042514305,0.0,373500
791.1324696540833,1287.93,22.14855,84,519.12,5.9606937e-05,446,0.94648814,0.958753377199173,126000,-0.00024813705,0.0,378000
800.7646000385284,1290.34,22.45334,85,524.3,0.00013645427,467,0.9440052,0.9609453715384007,127500,-0.00028523474,0.0,382500
810.4496712684631,1287.16,25.622952,86,524.76,1.7833803e-05,464,0.8473728,0.9558071196079254,129000,-0.00012884777,0.0,387000
820.0853762626648,1283.78,26.912758,87,524.19,3.9570426e-05,467,0.851083,0.9522069171071053,130500,-0.00020911859,0.0,391500
828.9538586139679,1283.74,19.48675,88,521.35,1.00350335e-05,507,0.7453482,0.963595699518919,132000,-0.00010554982,0.0,396000
837.8595623970032,1289.35,20.85172,89,525.38,0.00042982175,505,0.8852684,0.9608792923390865,133500,-0.0012887933,0.0,400500
847.0280973911285,1280.62,30.005552,90,515.95,3.385766e-05,490,0.8761217,0.9503793157637119,135000,-0.00020402914,0.0,405000
855.6993083953857,1292.38,22.222422,91,525.92,5.0014365e-05,518,0.9083938,0.964660007506609,136500,-0.00033257063,0.0,409500
864.2792971134186,1287.48,17.30464,92,525.58,2.6198395e-05,524,0.7847077,0.9745552521198988,138000,-0.00017715027,0.0,414000
873.887421131134,1281.36,24.724773,93,522.69,0.00048243883,468,0.74494714,0.9512000940740108,139500,-0.001175411,0.0015777777,418500
882.8180270195007,1273.15,26.153624,94,517.01,0.00027859258,503,0.66524976,0.9487193785607815,141000,-0.0012487841,2.2222222e-05,423000
891.8474333286285,1265.51,24.758217,95,514.46,0.00026486607,498,0.85001457,0.9599763453006744,142500,-0.00077037304,0.0,427500
900.6509120464325,1258.09,18.57311,96,506.48,8.361575e-05,511,0.78698397,0.9664257355034351,144000,-0.00035347085,0.0,432000
909.1154274940491,1251.36,19.126368,97,501.72,1.80426e-05,531,0.8882967,0.9663315936923027,145500,-8.256506e-06,0.0,436500
918.3229784965515,1256.52,18.088768,98,504.05,7.647823e-06,488,0.9718772,0.9675557911396027,147000,-0.00012819165,0.0,441000
927.478283405304,1259.57,22.959906,99,508.37,6.243371e-05,491,0.93461436,0.9600492641329765,148500,-0.00030961543,0.0,445500
936.3598628044128,1259.69,21.576393,100,506.66,8.81006e-05,506,0.7948213,0.9612866193056107,150000,-0.00032261817,0.0,450000
945.8211374282837,1253.49,27.526142,101,503.66,8.670753e-06,475,0.74807304,0.9563801772892475,151500,-9.885204e-05,0.0,454500
955.1270227432251,1254.4,24.91909,102,508.98,0.00014109601,483,0.83393556,0.9582109823822975,153000,-0.0004470092,0.0,459000
963.4921834468842,1249.74,18.285236,103,509.54,2.5147181e-05,537,0.8920332,0.9683691188693047,154500,-0.00010766454,0.0,463500
972.8538777828217,1257.62,29.150364,104,514.86,0.00012294672,480,0.885079,0.9487551003694534,156000,-0.00043414536,0.0,468000
981.2681024074554,1262.92,19.15227,105,517.55,5.1247174e-05,534,0.9376299,0.9659793637692928,157500,-0.0003056815,0.0,472500
989.9694967269897,1267.56,22.442455,106,516.08,7.9286765e-06,517,0.932805,0.9555184915661812,159000,-3.9981533e-06,0.0,477000
998.7228472232819,1278.77,23.74,107,532.21,8.8377616e-05,514,0.9263826,0.9568949155509472,160500,-0.00018204095,0.0,481500
1007.6317539215088,1275.95,28.25538,108,531.26,7.6137167e-06,505,0.8985803,0.9526921920478344,162000,-2.9224542e-05,0.0,486000
1016.4476234912872,1271.95,20.330202,109,526.1,0.0002252743,510,0.79655993,0.9634480141103268,163500,-0.0007673797,0.0,490500
1025.0263373851776,1279.07,22.741016,110,523.04,0.00024567955,524,0.9727401,0.9533186182379723,165000,-0.0008125519,0.0,495000
1033.6724565029144,1279.07,24.07917,111,527.08,9.408098e-05,520,0.95504737,0.9556038342416286,166500,-0.0001954976,0.0,499500
1042.401347398758,1267.15,19.958883,112,518.09,6.6735543e-06,515,0.82934237,0.9629211686551571,168000,-5.0573515e-05,0.0,504000
1051.2755377292633,1264.1,18.618996,113,517.78,7.008155e-05,507,0.94734746,0.9657962173223495,169500,-0.00041756063,0.0,508500
1059.9893493652344,1271.66,17.147327,114,526.71,0.00011283985,516,0.91376436,0.9729687441140413,171000,-0.0002704452,0.0,513000
1069.3554861545563,1270.61,24.326208,115,525.89,5.1042764e-05,480,0.83892745,0.9581537954509258,172500,-0.00013430553,0.0,517500
1078.3627030849457,1274.38,21.804527,116,526.41,9.62583e-06,499,0.9414968,0.9631306640803814,174000,-8.419711e-05,0.0,522000
1086.9010338783264,1284.32,22.82616,117,540.52,5.7182042e-05,527,0.97444475,0.9631620980799198,175500,-0.00024903304,0.0,526500
1095.6358921527863,1286.23,22.199823,118,539.72,1.5815509e-05,515,0.8309884,0.9601515009999275,177000,-0.00021263916,0.0,531000
1104.3137686252594,1289.44,22.753796,119,542.42,3.418407e-05,518,0.919112,0.9547008201479912,178500,-0.00018720936,0.0,535500
1113.244466304779,1274.77,21.464859,120,533.31,2.7769413e-05,503,0.8349362,0.966013990342617,180000,-0.00017749956,0.0,540000
1122.1399240493774,1279.0,21.721182,121,531.29,4.4841134e-05,505,0.93338996,0.9566189087927341,181500,-0.0002859813,0.0,544500
1131.5453267097473,1288.95,29.485394,122,543.49,2.5231159e-06,478,0.7432995,0.9493953734636307,183000,-3.3121087e-05,0.0,549000
1140.16273355484,1302.58,21.703833,123,558.68,8.4706975e-05,522,0.8968091,0.9680660851299763,184500,-0.00037820754,0.0,553500
1148.5836992263794,1307.67,20.09184,124,560.87,1.3066148e-05,534,0.8499322,0.9661121889948845,186000,-7.2881434e-05,0.0,558000
1157.3818860054016,1309.29,20.61855,125,563.03,3.7520364e-05,511,0.9033954,0.9656571969389915,187500,-0.00017312028,0.0,562500
1165.832270860672,1314.28,21.759958,126,561.98,0.00015477186,532,0.9271019,0.9597783721983433,189000,-0.00039309793,0.0,567000
1174.3744006156921,1314.13,18.794855,127,560.36,4.87334e-05,526,0.96647555,0.9684126675128937,190500,-0.00026107254,0.0,571500
1183.6272842884064,1308.85,28.067377,128,558.97,2.7903348e-05,486,0.7708378,0.9534335136413574,192000,-0.00026406444,0.0,576000
1192.5652530193329,1315.0,23.481895,129,568.02,0.00013454068,503,0.8840255,0.9650131352245808,193500,-0.0005889779,0.0,580500
1201.5860595703125,1318.6,25.446377,130,565.08,8.4191495e-05,498,0.8649129,0.955681387335062,195000,-0.0003337924,0.0,585000
1210.6599614620209,1322.16,22.790833,131,572.15,0.0002814291,495,0.80379754,0.960620827972889,196500,-0.00060385355,0.0,589500
1219.6321918964386,1332.8,21.491175,132,583.38,0.00019148206,501,0.8624004,0.9714726731181145,198000,-0.00029225028,0.0,594000
1228.4213297367096,1340.92,21.75379,133,588.07,1.1578735e-05,512,0.9246155,0.9632133990526199,199500,-5.5249828e-05,0.0,598500
1237.2315719127655,1343.19,27.613876,134,589.53,2.0548865e-05,510,0.90453535,0.9570014625787735,201000,-0.000105262676,0.0,603000
1246.1021375656128,1332.16,26.008404,135,582.36,0.00017671274,507,0.81229776,0.9565735198557377,202500,-0.000650482,0.0,607500
1254.820160627365,1324.97,19.643059,136,581.47,0.00027193784,516,0.7899554,0.968132309615612,204000,-0.00075621455,0.0,612000
1263.5922203063965,1318.95,21.95889,137,570.08,5.5676628e-05,513,0.92760706,0.9615497030317783,205500,-0.00026230628,0.0,616500
1272.4993534088135,1324.47,27.46168,138,577.03,4.962058e-05,505,0.8688907,0.9554708413779736,207000,-0.00021759649,0.0,621000
1281.3613862991333,1311.15,23.050798,139,569.95,2.4234816e-05,507,0.722998,0.9618218019604683,208500,-0.00015162895,0.0,625500
1290.1458587646484,1305.39,23.891006,140,570.06,7.667172e-05,512,0.92539495,0.9583668559789658,210000,-0.0005675098,0.0,630000
1299.5327467918396,1317.38,32.28925,141,576.47,6.1879687e-06,479,0.892034,0.9463106989860535,211500,-4.250102e-05,0.0,634500
1308.4425151348114,1299.61,18.533092,142,560.15,5.0626317e-05,505,0.67481804,0.9646183885633945,213000,-0.00022683846,0.0,639000
1316.8737156391144,1292.2,21.352533,143,554.65,0.00029855364,533,0.81991965,0.9651400521397591,214500,-0.0009808635,0.0,643500
1325.7592887878418,1298.99,19.524544,144,559.41,4.0171246e-05,506,0.95323974,0.9705090504139662,216000,-0.00021810971,0.0,648000
1334.4712965488434,1295.02,20.363716,145,560.84,1.995183e-05,516,0.86831456,0.968243669718504,217500,-0.00010449001,0.0,652500
1343.593355178833,1285.63,23.060938,146,553.76,1.2798201e-05,493,0.8368494,0.9580209888517857,219000,-9.781056e-05,0.0,657000
1352.3878381252289,1281.11,24.894844,147,551.84,0.000107200925,511,0.79795045,0.9552015028893948,220500,-0.00056123233,0.0,661500
1361.58562707901,1288.26,25.578167,148,553.87,1.5891437e-05,489,0.8659913,0.9577013365924358,222000,-0.0001238123,0.0,666000
1370.5469555854797,1282.98,28.92518,149,551.26,4.3497024e-05,502,0.8608315,0.9482508897781372,223500,-0.00016223731,0.0,670500
1379.1643726825714,1286.89,21.162884,150,552.57,4.1982103e-06,522,0.89635885,0.9645438119769096,225000,-2.1035753e-06,0.0,675000
1387.998792886734,1286.29,22.32195,151,547.04,0.0002779137,509,0.96268135,0.9608488604426384,226500,-0.0009986744,0.0,679500
1396.8109402656555,1286.29,20.071733,152,547.01,8.7204084e-05,510,0.8649319,0.9671050421893597,228000,-0.00020005315,0.0,684000
1405.937663078308,1284.98,23.524233,153,545.36,0.00016486151,493,0.66766983,0.9532313197851181,229500,-0.0006429933,0.0,688500
1414.8808345794678,1275.93,23.995554,154,542.83,0.00017328345,503,0.82115656,0.9626617096364498,231000,-0.0005120177,0.0,693000
1423.9765801429749,1261.47,24.473793,155,534.98,8.64299e-06,494,0.71294165,0.9594896882772446,232500,-3.1344123e-05,0.0,697500
1432.937790632248,1270.41,24.262651,156,539.76,7.690101e-05,502,0.94522446,0.9548135623335838,234000,-0.0005080039,0.0,702000
1441.6074874401093,1277.11,21.526405,157,546.89,1.8493488e-06,519,0.92344093,0.960587028414011,235500,7.6248966e-06,0.0,706500
1450.443946838379,1277.11,22.310966,158,554.36,3.1060517e-05,509,0.9283286,0.9658138938248158,237000,-0.00026102012,0.0,711000
1458.835612297058,1283.47,24.940655,159,555.19,1.1506391e-05,536,0.96623963,0.9555151052772999,238500,-7.9899066e-05,0.0,715500
1468.2057900428772,1277.02,25.10766,160,541.43,1.835997e-05,480,0.8228371,0.9557856097817421,240000,-0.000110009016,0.0,720000
1476.8320455551147,1275.49,19.098364,161,544.49,4.6479963e-05,521,0.88163567,0.9694947842508554,241500,-0.0001426749,0.0,724500
1485.8875365257263,1267.87,24.65398,162,540.98,0.00013758539,496,0.78393227,0.961474072188139,243000,-0.0005059917,0.0,729000
1494.7622323036194,1268.68,23.094017,163,543.15,6.8008725e-05,507,0.87939435,0.9553947672247887,244500,-0.00039941334,0.0,733500
1503.4525129795074,1280.62,23.960894,164,550.62,0.0003869848,517,0.9522132,0.9581088423728943,246000,-0.001424976,0.0,738000
1512.8567578792572,1291.22,25.002676,165,558.81,3.372998e-05,478,0.89730716,0.9604542963206768,247500,-7.569188e-05,0.0,742500
1521.4514031410217,1280.59,17.908907,166,548.29,0.00018729642,523,0.7896755,0.9653316959738731,249000,-0.0003977486,0.0,747000
1530.742656469345,1282.73,27.921036,167,547.52,9.504098e-06,484,0.7906693,0.9498231075704098,250500,-7.742943e-05,0.0,751500
1539.520335674286,1292.34,24.45849,168,556.21,0.0003271231,512,0.9277584,0.9583120048046112,252000,-0.0010299874,0.0,756000
1548.408610343933,1281.52,18.395975,169,546.41,1.947162e-05,506,0.9074934,0.9684630334377289,253500,-7.768527e-05,0.0,760500
1557.2683029174805,1276.21,18.057152,170,542.58,0.000159888,507,0.7577207,0.9728046916425228,255000,-0.00051186647,0.0,765000
1566.2008562088013,1293.98,19.037254,171,561.27,3.345546e-05,503,0.9391005,0.969488063827157,256500,-9.326357e-05,0.0,769500
1575.5434448719025,1301.44,21.01927,172,563.78,1.9397861e-05,481,0.8579265,0.964061263948679,258000,-0.000118113865,0.0,774000
1584.6012363433838,1298.23,23.930653,173,564.31,0.00028297945,496,0.72073424,0.959025964140892,259500,-0.0009154094,8.888889e-05,778500
1593.3919496536255,1299.3,22.896746,174,564.13,2.256513e-05,511,0.87833685,0.9674138613045216,261000,-0.00012730953,0.0,783000
1601.8245289325714,1308.69,22.266718,175,570.86,1.9484089e-05,533,0.97686666,0.9617142528295517,262500,-0.00010654851,0.0,787500
1610.7839169502258,1313.45,23.308142,176,575.87,2.9042787e-05,502,0.91405296,0.9582720957696438,264000,-0.00018687718,0.0,792000
1619.3714458942413,1313.24,22.427711,177,573.76,6.3811705e-05,524,0.97513944,0.9600827880203724,265500,-0.00026965176,0.0,796500
1627.8626754283905,1323.59,22.007597,178,585.09,0.00014891184,529,0.9212859,0.967532966285944,267000,-0.0005140822,0.0,801000
1636.6828832626343,1327.5,22.711658,179,589.0,5.448757e-06,510,0.953188,0.960335947573185,268500,-4.5174154e-05,0.0,805500
1645.6100997924805,1318.76,18.49871,180,586.89,2.9745861e-05,504,0.7695911,0.9680853560566902,270000,-0.00023188777,0.0,810000
1654.1656029224396,1317.55,19.012209,181,588.76,9.268689e-05,526,0.8978571,0.9698388185352087,271500,-0.00028709348,0.0,814500
1663.4887518882751,1322.55,27.43512,182,591.29,7.637513e-05,482,0.82217705,0.9595696665346622,273000,-0.00032956022,0.0,819000
1672.2936673164368,1327.03,19.32875,183,591.71,7.3947806e-05,511,0.8345862,0.9664085730910301,274500,-0.0004138486,0.0,823500
1680.8499510288239,1331.35,20.033432,184,595.53,0.00011724798,525,0.8098061,0.9639241471886635,276000,-0.0005861553,0.0,828000
1689.3122878074646,1342.95,20.463741,185,604.55,0.00013363927,531,0.9256474,0.9700091183185577,277500,-0.0004932176,0.0,832500
1698.1292123794556,1339.65,22.93363,186,600.91,5.633546e-05,510,0.98282456,0.9578525982797146,279000,-0.00019148247,0.0,837000
1707.5194215774536,1318.16,22.75797,187,570.59,3.1875654e-05,479,0.7742399,0.9631127044558525,280500,-0.00017107034,0.0,841500
1716.083374261856,1311.29,22.246052,188,569.1,6.229673e-05,525,0.87353754,0.9596808664500713,282000,-0.00014362602,0.0,846000
1724.89297747612,1310.4,17.855633,189,570.69,8.941943e-05,510,0.9291061,0.9699783157557249,283500,-0.00026714613,0.0,850500
1733.9802916049957,1304.52,20.996128,190,566.05,0.00012912626,495,0.8031054,0.9654781594872475,285000,-0.00034877687,0.0,855000
1743.9045672416687,1307.43,22.076853,191,565.2,1.7293645e-05,453,0.7320911,0.9659091345965862,286500,-0.00014836267,0.0,859500
1753.1623849868774,1301.71,27.120245,192,566.2,4.001176e-05,486,0.8530012,0.9535595402121544,288000,-0.00032381256,0.0,864000
1762.3883905410767,1287.68,24.650637,193,552.32,2.9876544e-05,487,0.6567945,0.9561000540852547,289500,-0.00021509154,0.0,868500
1771.1303679943085,1280.38,18.48262,194,545.56,8.0262085e-05,514,0.79307365,0.964924581348896,291000,-0.00031415225,0.0,873000
1779.9574451446533,1278.16,25.142406,195,546.07,2.4019064e-05,509,0.8571538,0.9614338167011738,292500,-0.00013932401,0.0,877500
1789.0217037200928,1277.81,24.370022,196,544.55,2.8217857e-05,496,0.8088782,0.957605991512537,294000,-0.00017309451,0.0,882000
1798.097134590149,1282.74,25.598278,197,543.13,0.00016256176,495,0.82305753,0.9552938938140869,295500,-0.0006087807,0.0,886500
1806.7072172164917,1285.6,18.734228,198,542.15,1.7196913e-05,522,0.919275,0.97163618914783,297000,-0.00014794218,0.0,891000
1815.320647239685,1279.15,20.266466,199,535.56,5.0539995e-05,522,0.7679963,0.9649521559476852,298500,-0.00021322336,0.0,895500
1824.075189113617,1273.02,25.730846,200,530.71,0.00014323041,514,0.8057633,0.9632041119039059,300000,-0.00041500936,0.0,900000
1833.4607911109924,1264.23,26.328524,201,521.59,3.949122e-05,479,0.6723763,0.9456669054925442,301500,-0.00018021233,0.0,904500
1842.8949167728424,1250.95,25.923462,202,510.62,7.669231e-06,477,0.8523797,0.9595563896000385,303000,-2.9498962e-05,0.0,909000
1851.5096855163574,1245.81,21.739752,203,508.96,5.0911367e-05,522,0.8859248,0.9653766602277756,304500,-0.00014944721,0.0,913500
1860.37681722641,1241.35,26.101425,204,508.36,1.9730038e-05,507,0.7339748,0.9580916650593281,306000,-0.00018805052,0.0,918000
1869.3373174667358,1228.36,23.002338,205,495.34,1.5499609e-05,502,0.7754911,0.9619599729776382,307500,-0.00010423434,0.0,922500
1878.3246445655823,1219.0,21.987473,206,484.83,0.00031972572,500,0.7285698,0.9545305855572224,309000,-0.00090242014,6.666667e-05,927000
1886.837824344635,1233.77,18.47046,207,502.07,0.0001958073,528,0.861127,0.9717530645430088,310500,-0.0005138424,0.0,931500
1895.167490720749,1234.98,23.112507,208,504.9,1.1441179e-05,540,0.93253946,0.9652497135102749,312000,-3.8822775e-05,0.0,936000
1903.848230600357,1227.16,18.15511,209,496.32,0.00034111156,518,0.90120375,0.9679423086345196,313500,-0.00077710085,0.0,940500
1912.4097616672516,1232.45,21.859165,210,504.05,0.00010518347,525,0.9038166,0.9627078175544739,315000,-0.00025156143,0.0,945000
1921.529312133789,1229.56,26.570566,211,505.69,1.3506186e-05,493,0.80298966,0.9601635448634624,316500,-8.099171e-05,0.0,949500
1930.8442540168762,1219.73,29.603317,212,492.73,0.00015309514,483,0.79201174,0.9496373236179352,318000,-0.0004907678,0.0,954000
1939.6789388656616,1226.88,21.838324,213,503.98,2.5814057e-05,509,0.9373169,0.9675310999155045,319500,-0.00017467154,0.0,958500
1948.4506194591522,1233.88,21.11786,214,511.27,3.540718e-05,513,0.8939576,0.9645034521818161,321000,-0.00026298777,0.0,963000
1957.3113331794739,1238.75,24.330952,215,517.61,3.58822e-05,507,0.830811,0.958102285861969,322500,-0.00010432952,0.0,967500
1966.0036232471466,1226.3,20.546045,216,509.62,0.00018155055,517,0.82855934,0.967709019780159,324000,-0.0006787902,0.0,972000
1974.901239156723,1230.93,25.94255,217,513.66,4.7902446e-05,505,0.8467826,0.9577257111668587,325500,-0.00032805256,0.0,976500
1983.7571713924408,1237.66,25.994879,218,521.46,0.00010985907,508,0.8191202,0.9538997858762741,327000,-0.00033632648,0.0,981000
1992.576661348343,1239.37,27.34281,219,518.8,4.4153643e-05,510,0.79559714,0.9569370970129967,328500,-0.00011781576,0.0,985500
2001.3718464374542,1244.06,20.984472,220,525.92,6.7518627e-06,511,0.88537085,0.968758737668395,330000,-4.5818513e-05,0.0,990000
2009.927101135254,1256.59,24.026382,221,538.0,8.377911e-05,526,0.8529917,0.9628665335476398,331500,-0.00044345812,0.0,994500
2018.6156985759735,1271.82,20.556236,222,549.24,1.7370377e-05,517,0.97393954,0.967161200940609,333000,-0.00013163929,0.0,999000
2027.2759020328522,1275.01,24.182835,223,551.07,0.00016434502,519,0.89454454,0.9588186778128147,334500,-0.0005381466,0.0,1003500
2036.2359929084778,1271.76,27.206575,224,549.75,0.0003851234,502,0.72533345,0.956807155162096,336000,-0.0010645471,0.0,1008000
2044.9102220535278,1275.08,20.092731,225,553.3,2.2455884e-05,518,0.9208271,0.9695849772542715,337500,-0.00014643495,0.0,1012500
2054.1322753429413,1268.11,28.387407,226,555.59,0.00015260228,487,0.66067797,0.9559429921209812,339000,-0.00061116886,0.0,1017000
2063.3237414360046,1269.42,26.725136,227,560.13,7.696599e-06,489,0.7966554,0.9587740115821362,340500,-7.953834e-05,0.0,1021500
2071.9863798618317,1272.06,21.318027,228,558.39,3.6088222e-05,519,0.8317105,0.9648741446435452,342000,-0.00033779492,0.0,1026000
2080.289915561676,1276.18,19.253922,229,562.62,1.7695564e-05,541,0.8214538,0.9687694348394871,343500,-9.479893e-05,0.0,1030500
2088.740678548813,1285.78,20.981962,230,573.61,4.1344934e-05,532,0.88838583,0.9635460563004017,345000,-0.00016255505,0.0,1035000
2097.682599544525,1287.5,29.033642,231,577.42,2.1567774e-05,503,0.8214836,0.9561695940792561,346500,-9.172396e-05,0.0,1039500
2106.4717104434967,1285.94,21.131514,232,576.06,2.341868e-05,512,0.8350666,0.965276300907135,348000,-0.000123426,0.0,1044000
2115.902932167053,1278.01,29.387373,233,570.22,0.00010639183,477,0.58846873,0.9472297392785549,349500,-0.00039575555,0.0,1048500
2124.678727865219,1285.8,21.289463,234,575.24,2.3894705e-05,512,0.87522507,0.9647436402738094,351000,-9.062025e-05,0.0,1053000
2133.402017354965,1283.46,26.579563,235,571.2,6.695804e-05,515,0.8984868,0.9522448778152466,352500,-0.00025759364,0.0,1057500
2142.1341049671173,1273.72,25.825966,236,565.26,0.000105434534,515,0.74367505,0.9607825130224228,354000,-0.00031888115,0.0,1062000
2150.72349524498,1277.96,21.7808,237,569.54,6.19064e-05,523,0.87520427,0.9676855616271496,355500,-0.00031950875,0.0,1066500
2159.4071502685547,1267.85,18.809198,238,558.03,0.00015185143,518,0.8542696,0.9662644192576408,357000,-0.00033252363,0.0,1071000
2168.165519952774,1261.44,22.197624,239,547.3,0.00015422776,513,0.8534421,0.9658402614295483,358500,-0.00067076297,0.0,1075500
2177.2960860729218,1271.43,30.871782,240,560.54,3.95106e-06,492,0.8310087,0.9528857171535492,360000,-4.79363e-05,0.0,1080000
2186.1688888072968,1274.24,22.419651,241,563.3,1.42208755e-05,507,0.825124,0.9642917104065418,361500,-0.00012006217,0.0,1084500
2194.865068435669,1273.27,21.170073,242,563.47,3.2729076e-05,517,0.7830561,0.9652543365955353,363000,-0.0002196966,0.0,1089000
2203.6820933818817,1272.33,24.548254,243,559.28,0.00018494578,510,0.8568129,0.9590672962367535,364500,-0.00064887595,0.0,1093500
2212.5825588703156,1279.15,25.715849,244,564.26,1.4344564e-05,505,0.8772567,0.9611656814813614,366000,-5.3168038e-05,0.0,1098000
2221.174743413925,1275.86,19.204695,245,558.75,0.00010471319,523,0.7903636,0.967390388250351,367500,-0.00029608357,0.0,1102500
2230.3254346847534,1269.57,27.783699,246,555.03,4.2662414e-06,491,0.8874576,0.9552619159221649,369000,-3.0768664e-05,0.0,1107000
2239.2566888332367,1272.42,27.087635,247,555.59,9.15532e-06,503,0.7968674,0.9570089131593704,370500,-6.2926774e-05,0.0,1111500
2248.016166448593,1263.27,20.376976,248,548.08,1.699718e-05,513,0.79753387,0.9648852720856667,372000,-0.000110486966,0.0,1116000
2256.8792266845703,1253.37,23.157438,249,538.3,5.8139387e-05,507,0.7941467,0.9662119895219803,373500,-0.00033263786,0.0,1120500
2265.4953937530518,1250.24,24.760792,250,540.68,4.8319066e-06,522,0.8811554,0.9573465883731842,375000,-2.5360901e-05,0.0,1125000
2274.441530942917,1248.06,28.583319,251,540.48,1.1177948e-05,503,0.8311753,0.9580178894102573,376500,-7.2556424e-05,0.0,1129500
2283.283196210861,1255.85,26.230293,252,546.71,1.1012448e-05,508,0.7180593,0.9561230540275574,378000,-9.4735195e-05,0.0,1134000
2291.8813581466675,1261.5,22.888618,253,560.19,9.799916e-05,523,0.8979972,0.9593448787927628,379500,-0.00025466774,0.0,1138500
2300.5928876399994,1268.25,20.322971,254,567.06,2.0983269e-05,516,0.81745446,0.9715927597135305,381000,-0.00017993293,0.0,1143000
2309.541306257248,1270.8,23.504812,255,568.31,0.00027977675,502,0.85630506,0.9605081379413605,382500,-0.0006814746,0.0,1147500
2318.630091905594,1270.26,25.22038,256,573.73,0.00018049282,495,0.71429557,0.9593690410256386,384000,-0.00045593787,0.0,1152000
2327.7797400951385,1256.84,25.797964,257,561.91,2.9807901e-05,491,0.73949623,0.9579829424619675,385500,-0.00032422118,0.0,1156500
2336.993567466736,1246.48,26.675152,258,543.71,0.00059573166,488,0.686384,0.9483669213950634,387000,-0.0016654693,0.0010444444,1161000
2345.550521373749,1245.71,20.0515,259,540.7,3.0892308e-05,525,0.84304786,0.9684359990060329,388500,-0.00012712272,0.0,1165500
2354.5969381332397,1243.32,19.941513,260,539.08,2.7802731e-05,497,0.7684117,0.9666513204574585,390000,-0.00011243033,0.0,1170000
2363.6104712486267,1246.06,29.843882,261,539.36,2.438377e-05,499,0.85798186,0.946943111717701,391500,-0.00016227984,0.0,1174500
2372.4639325141907,1253.06,20.499968,262,540.28,5.7629997e-05,508,0.8878773,0.9615519419312477,393000,-0.00026022285,0.0,1179000
2381.2547273635864,1263.33,21.308603,263,552.59,1.5064359e-05,511,0.96051115,0.9658391438424587,394500,-0.00014154568,0.0,1183500
2390.2762472629547,1259.77,25.464872,264,547.61,1.1418139e-05,498,0.77896637,0.957445789128542,396000,-8.422308e-05,0.0,1188000
2399.0159990787506,1255.62,27.443293,265,545.3,0.00040423396,514,0.8663299,0.9561754949390888,397500,-0.000821117,0.0,1192500
2407.4337227344513,1263.31,21.11075,266,557.09,2.4889481e-05,534,0.8028358,0.966735202819109,399000,-0.00010675654,0.0,1197000
2415.973523378372,1265.05,21.453215,267,563.66,0.0002621537,526,0.7630567,0.9680268131196499,400500,-0.00048033506,0.0,1201500
2424.785567998886,1265.05,23.339893,268,559.72,1.9185922e-05,510,0.89312035,0.9586867801845074,402000,-0.00012617759,0.0,1206000
2433.265889644623,1271.56,15.235307,269,568.69,4.9515296e-05,530,0.8578843,0.9790472388267517,403500,-0.0001354364,0.0,1210500
2442.137869119644,1270.86,18.005764,270,568.89,7.9313184e-05,507,0.96179014,0.97129200771451,405000,-0.00036588134,0.0,1215000
2450.501354455948,1274.49,21.595064,271,575.09,0.00023915945,538,0.90654665,0.9652518704533577,406500,-0.0007523381,2.2222222e-05,1219500
2459.750676870346,1269.0,28.887075,272,570.52,0.00011059253,486,0.89978826,0.9524329602718353,408000,-0.00032385634,0.0,1224000
2468.1836783885956,1278.04,25.037518,273,581.07,0.00015284512,533,0.87334275,0.9563236124813557,409500,-0.0003277919,0.0,1228500
2476.702600955963,1285.9,23.342232,274,591.14,0.00044914347,528,0.8917778,0.9609685204923153,411000,-0.0007096188,0.0,1233000
2485.3360369205475,1285.68,17.993542,275,591.73,6.930117e-05,521,0.74465024,0.9713517725467682,412500,-0.00025114394,0.0,1237500
2493.8170857429504,1291.39,20.605003,276,596.52,2.4538524e-05,530,0.86583257,0.9646129608154297,414000,-0.0001377245,0.0,1242000
2502.2160103321075,1294.85,21.860579,277,597.17,0.00013402861,535,0.84869415,0.962832860648632,415500,-0.0005685515,0.0,1246500
2511.010433912277,1300.99,23.982811,278,604.58,7.649358e-05,511,0.93658274,0.9624089226126671,417000,-0.0005133042,0.0,1251000
2519.8356347084045,1293.96,23.124435,279,590.93,6.27765e-05,509,0.81843597,0.9607218615710735,418500,-0.00026041348,0.0,1255500
2528.310322999954,1290.67,21.067974,280,588.74,7.1064685e-05,531,0.82308507,0.9655059427022934,420000,-0.0001102235,0.0,1260000
2537.9078550338745,1284.0,33.294956,281,581.38,6.127921e-05,468,0.74612314,0.9444165602326393,421500,-0.00021928636,0.0,1264500
2546.479532957077,1278.62,20.886242,282,574.72,3.9012943e-05,525,0.84890807,0.9655593298375607,423000,-0.0001614721,0.0,1269000
2555.1932916641235,1289.01,23.86477,283,583.01,9.959128e-05,516,0.88763756,0.9639991633594036,424500,-0.00034327936,0.0,1273500
2564.0983016490936,1286.11,26.823902,284,575.66,2.0505593e-05,505,0.8991865,0.953963503241539,426000,-0.0002037707,0.0,1278000
2572.6103959083557,1299.18,22.647524,285,587.78,0.00032054284,528,0.8587175,0.967046394944191,427500,-0.0006331426,0.0,1282500
2581.106604576111,1304.14,20.903135,286,588.54,3.462674e-06,529,0.94216,0.9628361910581589,429000,-4.8125064e-05,0.0,1287000
2589.622748851776,1308.04,23.537687,287,597.54,0.00010936019,528,0.7478041,0.9651872180402279,430500,-0.00022205399,0.0,1291500
2598.7590832710266,1312.67,29.19437,288,599.26,7.9824036e-05,492,0.80972815,0.9522169232368469,432000,-0.00033524894,0.0,1296000
2607.337976694107,1319.71,19.638355,289,605.83,3.5611167e-05,524,0.78728765,0.971185177564621,433500,-0.0001406874,0.0,1300500
2616.202132701874,1317.12,23.921421,290,603.78,5.243382e-05,507,0.9151722,0.9619940370321274,435000,-0.00015628347,0.0,1305000
2624.810157775879,1322.81,18.523792,291,609.06,1.9307887e-05,522,0.8109749,0.9681083187460899,436500,-0.00019936195,0.0,1309500
2633.538565158844,1316.83,18.973513,292,604.23,3.6866793e-05,515,0.8278917,0.9688699077814817,438000,-0.00013981253,0.0,1314000
2642.3367943763733,1308.84,27.86431,293,594.29,2.8485132e-05,511,0.89634806,0.9542594067752361,439500,-0.0001480881,0.0,1318500
2651.0004568099976,1314.73,21.935997,294,597.35,1.3266241e-05,519,0.8294498,0.9669041857123375,441000,-0.00015331512,0.0,1323000
2660.3713488578796,1307.14,21.455853,295,587.34,0.00020754003,480,0.83486295,0.9651710949838161,442500,-0.0006978944,0.0,1327500
2668.911279439926,1308.9,17.884424,296,585.41,5.9793774e-06,526,0.83972734,0.9718969538807869,444000,-1.2615903e-05,0.0,1332000
2678.049108982086,1303.31,20.771713,297,578.78,4.761854e-05,492,0.7730568,0.9689937401562929,445500,-0.00033333802,0.0,1336500
2687.139234304428,1307.24,18.71372,298,576.78,1.5025747e-05,495,0.8629843,0.9701450113207102,447000,-4.0335784e-05,0.0,1341000
2695.819035768509,1307.06,20.709023,299,573.46,2.5708809e-05,518,0.8255217,0.9604511521756649,448500,-0.00027011184,0.0,1345500
2704.475010871887,1300.06,24.185339,300,562.92,9.304961e-05,519,0.8606325,0.9573164246976376,450000,-0.00030395357,0.0,1350000
2713.9098405838013,1290.29,24.71482,301,545.45,0.000105068444,477,0.7112574,0.9473048560321331,451500,-0.00037571424,0.0,1354500
2722.94447350502,1271.74,21.663641,302,522.98,4.268316e-05,498,0.7931848,0.9638067930936813,453000,-0.00031844305,0.0,1359000
2731.936168193817,1276.06,21.161846,303,525.01,4.3789143e-05,500,0.90036935,0.965438686311245,454500,-0.0003330579,0.0,1363500
2740.917172193527,1278.33,22.295279,304,528.71,0.00020060994,501,0.8362369,0.9653761088848114,456000,-0.0005742958,0.0,1368000
2749.7165701389313,1280.94,20.704138,305,531.42,4.565965e-05,511,0.8728716,0.9640965275466442,457500,-0.0002403152,0.0,1372500
2759.0292532444,1274.3,24.506018,306,524.97,0.000114118724,483,0.8834637,0.9612164944410324,459000,-0.00036978777,0.0,1377000
2767.5585749149323,1280.9,24.23184,307,538.04,1.49510215e-05,527,0.87670743,0.9616798907518387,460500,-5.30551e-05,0.0,1381500
2776.2452499866486,1289.24,21.72451,308,548.78,3.0990857e-05,518,0.80059403,0.968221440911293,462000,-6.2335144e-05,0.0,1386000
2785.252023935318,1282.9,26.082003,309,537.42,0.00028881402,499,0.79022604,0.9513329043984413,463500,-0.0010082868,0.0,1390500
2793.921108007431,1286.56,21.178215,310,542.5,4.1664447e-05,519,0.8285477,0.9678161069750786,465000,-0.00025016002,0.0,1395000
2803.1046726703644,1279.89,26.60354,311,534.58,4.4059452e-05,490,0.84042966,0.9529619961977005,466500,-0.00031955296,0.0,1399500
2811.428009748459,1273.46,20.80711,312,531.31,9.722346e-05,540,0.7519829,0.9694908577948809,468000,-0.00041244886,0.0,1404000
2820.1932723522186,1279.86,22.313305,313,535.71,6.7838926e-05,513,0.94311357,0.9626762792468071,469500,-0.00035951284,0.0,1408500
2829.123802423477,1278.3,22.390877,314,532.37,9.8651064e-05,503,0.89949083,0.9654608182609081,471000,-0.0005127704,0.0,1413000
2837.383686065674,1280.35,21.636873,315,532.72,7.629681e-05,544,0.953128,0.9616580903530121,472500,-0.0002800758,0.0,1417500
2846.440325498581,1287.83,29.3052,316,542.69,0.0007698755,496,0.88066965,0.9492389857769012,474000,-0.0011387602,0.0,1422000
2855.6473336219788,1285.01,26.651169,317,544.24,7.475887e-05,488,0.6924498,0.9602020159363747,475500,-0.00039821517,0.0,1426500
2864.0691769123077,1271.32,20.289036,318,533.59,5.3929758e-05,534,0.67033845,0.9636395424604416,477000,-0.00018566742,0.0,1431000
2872.8608767986298,1274.62,22.574835,319,541.1,3.958691e-05,511,0.97195214,0.960702158510685,478500,-0.00023252457,0.0,1435500
2881.9557597637177,1265.5,25.67812,320,539.72,1.0042993e-05,494,0.8313008,0.9608854353427887,480000,-0.000106606036,0.0,1440000
2890.774270057678,1269.8,21.87003,321,544.4,0.00014633917,510,0.6782782,0.9671945422887802,481500,-0.00057652144,0.0,1444500
2899.511021375656,1269.94,19.073248,322,540.38,8.180517e-06,515,0.952804,0.9701899290084839,483000,-4.1929394e-05,0.0,1449000
2908.101714849472,1272.82,21.833336,323,545.59,1.8090706e-05,523,0.9155722,0.9641919322311878,484500,-9.576699e-05,0.0,1453500
2916.6092641353607,1283.67,17.403597,324,560.88,5.0815277e-05,528,0.8844754,0.9754370003938675,486000,-0.00018367881,0.0,1458000
2925.727069377899,1277.46,20.71192,325,546.84,6.376961e-05,493,0.8316158,0.9683365412056446,487500,-0.0004471802,0.0,1462500
2934.465038061142,1272.8,23.672129,326,551.58,9.73539e-06,515,0.7014082,0.9613203816115856,489000,-5.2020205e-05,0.0,1467000
2943.190079689026,1265.85,24.033276,327,545.32,6.734964e-05,515,0.8997227,0.9595444798469543,490500,-0.00035167427,0.0,1471500
2952.314733505249,1275.04,26.79428,328,551.93,2.5202406e-05,493,0.90111107,0.9578453972935677,492000,-8.004796e-05,0.0,1476000
2961.367723941803,1282.49,28.472614,329,564.71,1.7332422e-05,497,0.81969714,0.9601251780986786,493500,-0.0001324531,0.0,1480500
2970.7639393806458,1291.6,22.604599,330,577.25,7.4162817e-06,478,0.86153525,0.9683939404785633,495000,-0.00010479101,0.0,1485000
2979.5455644130707,1298.61,19.44725,331,583.47,0.00019684518,512,0.8149352,0.969852689653635,496500,-0.00079565635,0.0,1489500
2988.561118364334,1287.77,27.939531,332,576.23,6.129103e-05,499,0.81625754,0.9550063759088516,498000,-0.00023120029,0.0,1494000
2997.828407764435,1277.72,34.876614,333,567.83,0.00023572205,485,0.6291282,0.9459421634674072,499500,-0.00074522494,0.0,1498500
3006.7403841018677,1272.6,21.366167,334,562.64,1.7412904e-05,504,0.9026956,0.9649447649717331,501000,-0.0001060186,0.0,1503000
3015.54007935524,1275.49,24.883913,335,564.55,0.00011140024,511,0.9488504,0.9618513956665993,502500,-0.00059189834,0.0,1507500
3024.3356518745422,1271.8,20.670977,336,558.66,1.9553783e-05,511,0.9391874,0.9672406911849976,504000,-7.661194e-05,0.0,1512000
3033.505973815918,1274.69,28.246033,337,562.84,6.833388e-05,490,0.8676771,0.9582837298512459,505500,-0.0006309976,0.0,1516500
3042.324251651764,1277.6,23.163513,338,564.1,2.3666107e-05,510,0.87911355,0.9634714014828205,507000,-0.00018500851,0.0,1521000
3051.652190208435,1278.29,27.051424,339,564.2,3.6970087e-05,482,0.8502576,0.9552788622677326,508500,-0.00012866718,0.0,1525500
3060.8680276870728,1279.95,27.062141,340,563.98,2.8021474e-05,488,0.8516974,0.9589008428156376,510000,-0.00016372748,0.0,1530000
3069.654623746872,1282.86,20.889168,341,568.08,0.0001799212,512,0.83639574,0.9709229301661253,511500,-0.0004619198,0.0,1534500
3078.163883447647,1279.09,21.171711,342,566.59,0.00020189642,528,0.8834542,0.9630391150712967,513000,-0.0005052757,0.0,1539000
3087.091297388077,1279.09,20.337248,343,569.31,0.00031825903,504,0.89811563,0.972015080973506,514500,-0.0008238403,2.2222222e-05,1543500
3095.6741847991943,1277.67,21.37501,344,563.38,3.2433592e-05,524,0.97828275,0.9679175205528736,516000,-0.00017254813,0.0,1548000
3104.3585011959076,1285.46,20.593203,345,567.33,4.850988e-05,518,0.92115027,0.9681244157254696,517500,-0.00031174265,0.0,1552500
3112.832563638687,1291.95,23.325048,346,573.11,6.7995734e-06,531,0.9670926,0.9638228379189968,519000,-2.604712e-05,0.0,1557000
3122.0437054634094,1302.47,26.925133,347,575.37,2.467171e-05,488,0.834786,0.9582676775753498,520500,-0.00013947181,0.0,1561500
3131.1201136112213,1305.29,29.47969,348,575.27,8.653817e-05,495,0.8428537,0.9550298936665058,522000,-0.00025227814,0.0,1566000
3140.172163963318,1306.67,27.333258,349,567.49,2.6748006e-05,497,0.87515086,0.9535659849643707,523500,-6.8150955e-05,0.0,1570500
3149.140468597412,1313.91,20.7244,350,572.05,0.000243136,501,0.91962737,0.9679988548159599,525000,-0.0006871373,0.0,1575000
3157.8833169937134,1322.8,23.965452,351,585.59,2.0163798e-05,514,0.96124613,0.9620697982609272,526500,-0.0001653798,0.0,1579500
3166.5226480960846,1318.78,25.622429,352,581.2,0.0002269737,520,0.8248297,0.9610944129526615,528000,-0.000600007,0.0,1584000
3175.1478700637817,1319.92,22.996504,353,580.7,4.7392066e-05,521,0.8714866,0.9671238102018833,529500,-0.00012107159,0.0,1588500
3184.1978764533997,1316.13,20.816862,354,578.6,1.8345423e-05,497,0.8142104,0.967183455824852,531000,-9.626962e-05,0.0,1593000
3193.2698941230774,1316.01,25.148436,355,579.18,0.00032085806,496,0.68673635,0.9644163325428963,532500,-0.00072448864,0.0,1597500
3202.148227930069,1323.85,24.399918,356,585.56,7.2544253e-06,506,0.98989207,0.9577084220945835,534000,2.6113079e-05,0.0,1602000
3210.7988188266754,1318.22,21.418879,357,586.58,4.7375877e-05,520,0.83603936,0.9682754091918468,535500,-0.00017431592,0.0,1606500
3219.871079683304,1314.61,26.618187,358,584.8,0.00022068319,496,0.7980699,0.9542291536927223,537000,-0.0006702265,0.0,1611000
3228.5772693157196,1319.59,21.820707,359,586.08,7.838014e-06,516,0.9144616,0.9667011201381683,538500,-3.569891e-05,0.0,1615500
3237.655893087387,1311.12,24.917387,360,577.77,0.00014551113,495,0.6459474,0.9579832926392555,540000,-0.0005425855,0.0,1620000
3246.7351636886597,1316.61,23.528358,361,582.93,5.5931203e-05,495,0.878908,0.968224186450243,541500,-0.0003754382,0.0,1624500
3255.5987927913666,1331.2,20.231054,362,595.3,4.195072e-06,507,0.9462856,0.9720551706850529,543000,-1.301033e-05,0.0,1629000
3264.2980637550354,1338.05,20.599478,363,595.48,3.553007e-05,517,0.82803047,0.9631608538329601,544500,-0.0002502465,0.0,1633500
3273.6934349536896,1319.9,31.43614,364,577.59,6.9060356e-05,478,0.72397184,0.9512740448117256,546000,-0.00069175963,0.0,1638000
3282.4788773059845,1323.59,24.356285,365,582.2,5.9124748e-05,512,0.9364904,0.9615865014493465,547500,-0.00023793611,0.0,1642500
3291.203253030777,1327.35,21.761097,366,584.6,1.1237837e-05,515,0.9311468,0.963242419064045,549000,-0.0001202178,0.0,1647000
3299.9927158355713,1327.66,22.973282,367,585.6,0.00013620604,512,0.8654357,0.9595539383590221,550500,-0.00057294266,0.0,1651500
3308.75479221344,1333.57,23.235573,368,590.68,2.3696884e-05,513,0.89864403,0.9639010615646839,552000,-0.00016536925,0.0,1656000
3317.51478099823,1327.96,22.086187,369,586.36,3.617791e-05,513,0.86458045,0.9656539373099804,553500,-0.00027135154,0.0,1660500
3326.54395198822,1329.74,26.951286,370,585.08,4.314448e-06,498,0.89747804,0.9612365216016769,555000,-4.8633156e-05,0.0,1665000
3335.34929227829,1330.79,22.549265,371,589.23,0.00026457952,511,0.8918539,0.9617487154901028,556500,-0.00048284561,0.0,1669500
3344.670809030533,1328.78,31.057781,372,589.59,1.3741427e-05,482,0.81731725,0.9567253701388836,558000,-0.00011424947,0.0,1674000
3353.53387260437,1325.6,24.51486,373,585.84,0.00017083791,507,0.8178683,0.9623329192399979,559500,-0.00043813855,0.0,1678500
3362.6040699481964,1317.89,28.470406,374,579.25,0.00019001875,496,0.68614787,0.9500962160527706,561000,-0.0006844372,0.0,1683000
3371.8211715221405,1309.09,27.310192,375,570.84,0.00013100017,488,0.832638,0.9609985388815403,562500,-0.00052201643,0.0,1687500
3380.9007308483124,1299.12,30.923328,376,567.31,1.3638694e-05,495,0.7954612,0.9472985416650772,564000,-0.0002235051,0.0,1692000
3389.710282802582,1298.61,21.571983,377,566.27,3.4580858e-06,510,0.83024263,0.9683741070330143,565500,-3.4178759e-06,0.0,1696500
3399.085656642914,1285.24,34.194107,378,562.34,0.00016030436,480,0.79890037,0.94703059643507,567000,-0.00053452817,0.0,1701000
3407.7822573184967,1285.26,23.80551,379,566.93,4.2089167e-05,517,0.8850259,0.9654239006340504,568500,-0.00025369166,0.0,1705500
3416.6800532341003,1285.17,23.560093,380,559.69,5.4620454e-05,505,0.8333891,0.9633684977889061,570000,-0.00039493895,0.0,1710000
3425.5078914165497,1279.6,23.88689,381,555.15,2.749185e-05,509,0.80747116,0.9616095311939716,571500,-0.0001903392,0.0,1714500
3434.015100955963,1286.38,23.892036,382,562.66,0.00017163344,528,0.91612387,0.960368387401104,573000,-0.00031477763,0.0,1719000
3442.6882054805756,1282.3,21.328482,383,559.49,1.7200404e-05,518,0.7184947,0.9662362150847912,574500,-0.00012451685,0.0,1723500
3451.8562355041504,1275.82,27.336103,384,551.06,1.65531e-05,490,0.7630951,0.9557339027523994,576000,-8.797446e-05,0.0,1728000
3461.0334227085114,1277.73,20.92593,385,552.75,5.061781e-05,490,0.8380457,0.9664061293005943,577500,-0.00015256299,0.0,1732500
3469.97217297554,1280.79,21.94361,386,551.0,0.0001130446,503,0.95103526,0.9672510027885437,579000,-0.000343768,0.0,1737000
3478.5601015090942,1285.23,22.896805,387,561.52,6.0052906e-05,524,0.8848326,0.9653478302061558,580500,-0.00031543217,0.0,1741500
3488.028500556946,1283.38,33.55674,388,561.14,2.363486e-05,475,0.73462236,0.9526660963892937,582000,-0.00021666955,0.0,1746000
3496.9707713127136,1283.23,23.267101,389,561.29,0.00010466555,503,0.78129107,0.9641302302479744,583500,-0.00040864397,0.0,1750500
3506.105057477951,1266.4,27.721506,390,548.02,4.3263617e-06,492,0.69354093,0.9561072215437889,585000,8.758311e-06,0.0,1755000
3515.0548570156097,1261.71,26.943886,391,546.32,0.00012763617,502,0.8687834,0.9624149650335312,586500,-0.000524268,0.0,1759500
3523.9218072891235,1262.13,21.09564,392,547.61,4.734991e-05,507,0.75049645,0.9651520624756813,588000,-0.0001038593,0.0,1764000
3533.2730844020844,1256.73,32.28296,393,541.59,1.34406855e-05,481,0.83260083,0.9538636729121208,589500,-8.265306e-05,0.0,1768500
3542.0685501098633,1245.97,24.478426,394,531.64,4.6124696e-05,511,0.5941793,0.9534720629453659,591000,-0.00033982485,0.0,1773000
3551.0272431373596,1228.14,25.653938,395,520.54,0.00022635041,502,0.7338324,0.961489837616682,592500,-0.0005675552,0.0,1777500
3559.7238824367523,1235.13,19.470768,396,525.3,9.120771e-05,517,0.89240366,0.9698348119854927,594000,-0.00024880705,0.0,1782000
3568.173439979553,1238.86,22.8471,397,527.7,0.00022765675,532,0.9299709,0.9662630446255207,595500,-0.0007849822,0.0,1786500
3576.908942461014,1242.39,22.253025,398,531.01,8.2619e-05,515,0.91782767,0.9687464646995068,597000,-0.00015857157,0.0,1791000
3585.6345522403717,1244.38,22.138416,399,528.8,4.2433006e-05,515,0.9806338,0.9636300466954708,598500,-0.00015619857,0.0,1795500
3594.444501399994,1250.68,24.507065,400,535.2,3.2155134e-05,510,0.91562444,0.9628144204616547,600000,-0.00016342357,0.0,1800000
3603.430789232254,1236.92,22.301846,401,522.29,5.70257e-05,500,0.8241556,0.9645304419100285,601500,-0.0002219659,0.0,1804500
3612.4006860256195,1252.97,24.988031,402,540.16,7.1978197e-06,501,0.8293212,0.9663794673979282,603000,-6.332302e-05,0.0,1809000
3621.203361749649,1256.34,24.474068,403,536.33,0.00033157435,511,0.95709336,0.9594412706792355,604500,-0.0009956553,0.0,1813500
3629.8704895973206,1264.95,22.93955,404,542.42,0.00010179216,519,0.9290742,0.9650434739887714,606000,-0.00025025333,0.0,1818000
3638.6954774856567,1268.11,22.871702,405,548.43,0.00011381368,509,0.77316874,0.9658243432641029,607500,-0.0005205179,0.0,1822500
3647.6763966083527,1274.58,23.538397,406,554.8,9.3173885e-06,501,0.89202476,0.9680103473365307,609000,-3.8408067e-05,0.0,1827000
3656.4657855033875,1282.41,20.609308,407,555.77,0.000533113,512,0.93107176,0.9710937850177288,610500,-0.0014569995,2.2222222e-05,1831500
3665.4482872486115,1273.72,28.595598,408,544.42,1.839154e-05,500,0.6948758,0.9488453157246113,612000,-7.582313e-05,0.0,1836000
3674.6015286445618,1269.89,18.892052,409,544.24,7.6790624e-05,491,0.83310837,0.9712260700762272,613500,-0.0004714485,0.0,1840500
3683.9783008098602,1262.84,30.185207,410,535.2,7.6174016e-05,479,0.7549739,0.9570790342986584,615000,-0.00036471034,0.0,1845000
3692.609251022339,1273.8,22.620949,411,547.08,0.00028396893,521,0.9005487,0.9655634239315987,616500,-0.00070271845,0.0,1849500
3701.67897439003,1280.96,22.378412,412,556.36,2.2004635e-05,496,0.85564756,0.9646251648664474,618000,-0.00010121181,0.0,1854000
3710.5299668312073,1280.39,26.240107,413,555.96,0.00010157615,508,0.7861233,0.9623079635202885,619500,-0.0004632561,0.0,1858500
3719.391530275345,1275.97,21.891657,414,556.75,1.9758649e-05,507,0.8440285,0.9655615128576756,621000,-0.00012377648,0.0,1863000
3728.6417887210846,1275.02,25.14395,415,552.04,2.536701e-05,486,0.8926252,0.9615401290357113,622500,-0.0001774284,0.0,1867500
3737.44681763649,1278.23,21.16467,416,554.86,3.493465e-05,511,0.7979647,0.9699370376765728,624000,-0.00019260657,0.0,1872000
3746.4322316646576,1277.21,26.61512,417,555.71,7.961465e-05,500,0.7548329,0.9618940390646458,625500,-0.00016663714,0.0,1876500
3754.9867284297943,1285.7,23.20489,418,564.37,0.0001312727,526,0.9199255,0.9620150551199913,627000,-0.0004772065,0.0,1881000
3763.9194145202637,1291.43,19.985392,419,568.23,3.5467456e-05,503,0.72668344,0.9668167755007744,628500,-0.00020905219,0.0,1885500
3772.9689021110535,1280.28,20.940525,420,557.23,0.00017633633,497,0.77715623,0.9704398550093174,630000,-0.0008209512,0.0,1890000
3782.127703666687,1286.81,29.537807,421,565.31,0.00018030476,491,0.66892123,0.95596519485116,631500,-0.0010728001,0.00033333336,1894500
3790.843355178833,1284.35,23.295412,422,564.37,1.1653097e-05,516,0.8673685,0.962767206132412,633000,-7.5317585e-05,0.0,1899000
3799.517995119095,1297.49,21.438484,423,577.22,5.9546064e-06,518,0.8836354,0.9681469239294529,634500,-0.00011719605,0.0,1903500
3808.324488401413,1301.31,22.259886,424,579.0,6.2430874e-05,511,0.8739485,0.9662092551589012,636000,-0.0003778306,0.0,1908000
3817.0000965595245,1312.12,22.930098,425,588.91,4.417466e-05,518,0.89079916,0.9617618545889854,637500,-0.00030249354,0.0,1912500
3825.965374469757,1300.7,27.50084,426,578.63,0.00024068393,501,0.7231717,0.9532315507531166,639000,-0.0007876769,0.0,1917000
3834.8053345680237,1300.79,20.795164,427,576.74,4.4850553e-05,509,0.8839024,0.9676695391535759,640500,-0.0003616616,0.0,1921500
3844.071433544159,1282.54,26.739752,428,564.37,0.0002621571,485,0.7373391,0.9605767652392387,642000,-0.0009273889,0.0,1926000
3853.53892660141,1282.98,28.11347,429,563.58,1.7972918e-05,475,0.7574533,0.9580506235361099,643500,-0.0001466361,0.0,1930500
3863.047613143921,1273.0,24.200686,430,543.91,0.00032622452,473,0.69316626,0.9508198574185371,645000,-0.0011771839,0.0009111112,1935000
3871.6580879688263,1261.57,17.631533,431,546.47,1.9457075e-05,522,0.8416889,0.9748146757483482,646500,-9.909011e-06,0.0,1939500
3880.196388244629,1261.06,13.462574,432,550.06,6.712508e-05,527,0.9433819,0.9806337282061577,648000,-0.00032460372,0.0,1944000
3889.114819049835,1267.82,12.205357,433,551.68,7.7221885e-05,504,0.95606524,0.9824992306530476,649500,-0.00035326392,0.0,1948500
3897.571449279785,1272.97,12.843625,434,555.6,9.996524e-05,532,0.97828645,0.9811516851186752,651000,-0.0002914218,0.0,1953000
3906.4475858211517,1277.89,13.947968,435,560.9,2.2514732e-05,506,0.96655524,0.9786101095378399,652500,-8.308825e-05,0.0,1957500
3915.924758911133,1265.17,25.404596,436,553.94,3.095545e-05,474,0.6487652,0.9577314332127571,654000,-0.00017009806,0.0,1962000
3925.2225444316864,1274.21,25.554739,437,563.87,6.3469866e-05,484,0.8388171,0.9635418839752674,655500,-0.0001835034,0.0,1966500
3934.396219730377,1272.91,27.094688,438,561.76,5.9914826e-05,490,0.8012793,0.9586821272969246,657000,-0.00033013272,0.0,1971000
3943.1567833423615,1272.99,24.199743,439,561.01,1.1105556e-05,513,0.9163976,0.9640609957277775,658500,-8.2783845e-05,0.0,1975500
3951.9209792613983,1275.5,24.441614,440,562.65,0.00014021137,513,0.95027566,0.964952789247036,660000,-0.0004698801,0.0,1980000
3960.706340789795,1272.97,23.558107,441,558.02,0.000301371,512,0.8581282,0.9634114801883698,661500,-0.0006730207,0.0,1984500
3969.989145755768,1270.11,29.719448,442,551.59,1.3609898e-05,484,0.64643157,0.9533726722002029,663000,-0.00019140089,0.0,1989000
3979.3178791999817,1261.13,28.800442,443,546.41,1.633455e-05,482,0.9035083,0.9565686397254467,664500,-0.00021447183,0.0,1993500
3988.6309678554535,1253.03,26.342161,444,536.73,1.0518099e-05,483,0.8400074,0.9547646269202232,666000,-8.292947e-05,0.0,1998000
3997.856259584427,1251.45,26.39051,445,532.5,2.1766486e-05,487,0.68293524,0.9579523578286171,667500,-0.00014477175,0.0,2002500
4007.1044421195984,1239.82,30.712269,446,515.23,1.02017975e-05,486,0.84620523,0.9510377123951912,669000,-0.00014007691,0.0,2007000
4015.8159742355347,1256.69,21.470938,447,530.39,2.0892636e-05,516,0.9355839,0.9688108861446381,670500,-8.176709e-05,0.0,2011500
4024.7535316944122,1258.7,22.719193,448,532.16,9.881222e-06,503,0.83965814,0.9613501131534576,672000,-8.021712e-05,0.0,2016000
4034.0069432258606,1262.34,24.683918,449,538.46,0.00013280465,486,0.8307402,0.9669612944126129,673500,-0.000445282,0.0,2020500
4043.7141983509064,1274.84,26.900267,450,544.41,3.9927512e-05,463,0.9052762,0.9567918814718723,675000,-0.00038861114,0.0,2025000
4052.159604549408,1273.63,20.892738,451,541.83,0.0001318391,532,0.9399937,0.9643482081592083,676500,-0.00045719053,0.0,2029500
4061.1138548851013,1274.22,27.110447,452,545.35,1.41345e-05,502,0.880843,0.9588492289185524,678000,-4.219736e-05,0.0,2034000
4070.0964267253876,1263.05,26.67217,453,532.85,1.0362935e-05,500,0.7111756,0.9501063860952854,679500,-0.00012965576,0.0,2038500
4078.504563808441,1274.57,25.997126,454,544.8,3.393274e-05,535,0.8915923,0.9628557674586773,681000,-0.00018323204,0.0,2043000
4086.9275171756744,1275.26,24.911009,455,547.72,4.4889886e-05,534,0.8815168,0.9643399938941002,682500,-0.00026783202,0.0,2047500
4095.6651747226715,1286.82,23.332169,456,553.1,4.434225e-05,515,0.9437027,0.9640583656728268,684000,-0.00018415561,0.0,2052000
4104.162884712219,1293.63,23.765085,457,558.87,8.009471e-05,529,0.97281134,0.9614521339535713,685500,-0.0002852308,0.0,2056500
4113.202533483505,1301.75,21.62076,458,567.6,3.08244e-05,497,0.83238596,0.9713350590318441,687000,-0.00024086062,0.0,2061000
4121.954869508743,1313.96,24.308588,459,577.7,5.4260494e-05,514,0.996752,0.9591063745319843,688500,-0.00030328508,0.0,2065500
4130.709441423416,1329.52,23.496067,460,589.62,6.986996e-06,514,0.92438245,0.9618756473064423,690000,-4.2033742e-05,0.0,2070000
4139.495110750198,1329.95,22.686806,461,590.59,3.956762e-05,512,0.8868489,0.9653297588229179,691500,-0.00016570603,0.0,2074500
4148.137145996094,1326.52,21.38941,462,589.99,5.1247123e-05,520,0.9420338,0.9664481207728386,693000,-0.00022013561,0.0,2079000
4156.966034889221,1319.75,27.321995,463,586.66,4.9895094e-05,509,0.85702,0.9612268805503845,694500,-0.00021672009,0.0,2083500
4165.313648939133,1319.75,22.731342,464,584.91,0.00054262084,539,0.9811721,0.9676930345594883,696000,-0.0015100383,0.0,2088000
4174.074988126755,1319.52,16.052654,465,584.26,0.00013365096,513,0.9518759,0.978077931329608,697500,-0.00034455743,0.0,2092500
4182.814719676971,1341.75,18.41651,466,601.16,3.470508e-05,514,0.8976778,0.9725569095462561,699000,-0.000104858445,0.0,2097000
4192.166370391846,1329.67,29.214096,467,587.95,0.000104067876,481,0.7619261,0.9521593265235424,700500,-0.0006001284,0.0,2101500
4201.316411495209,1334.71,23.939238,468,595.01,0.00024924197,491,0.83975065,0.9642129652202129,702000,-0.00046740365,0.0,2106000
4209.844227552414,1328.41,24.974194,469,592.4,0.00019110953,527,0.8243675,0.9632487557828426,703500,-0.00054602727,0.0,2110500
4218.914986133575,1325.67,27.48591,470,587.02,6.7514443e-06,496,0.777523,0.957401417195797,705000,-7.2971474e-05,0.0,2115000
4227.6591918468475,1325.82,26.074848,471,589.31,0.000101823316,514,0.889103,0.9587409198284149,706500,-0.00031563223,0.0,2119500
4236.859173774719,1332.31,29.791533,472,596.92,0.00017611808,489,0.73248535,0.9556124322116375,708000,-0.00063705794,0.0,2124000
4246.063495159149,1331.03,18.68434,473,586.71,5.4800847e-05,488,0.83999896,0.9682684354484081,709500,-0.0002217998,0.0,2128500
4255.494824647903,1334.21,27.947515,474,589.99,2.3312554e-05,477,0.7666023,0.9533437006175518,711000,-0.00013547183,0.0,2133000
4264.642706871033,1338.79,29.278618,475,592.05,2.9688352e-05,491,0.7580391,0.9544723331928253,712500,-0.00021627512,0.0,2137500
4273.813233375549,1324.53,25.781578,476,585.44,2.413392e-05,490,0.6296066,0.9580247439444065,714000,-0.00019822909,0.0,2142000
4282.502641677856,1324.29,22.846365,477,587.23,2.7525462e-05,517,0.86858034,0.9643695577979088,715500,-0.0001466084,0.0,2146500
4291.398617506027,1313.81,27.80213,478,575.82,0.00014058912,505,0.8418934,0.955721128731966,717000,-0.00047779325,0.0,2151000
4300.295787572861,1312.26,28.43022,479,580.94,9.647963e-05,505,0.7553856,0.9605333060026169,718500,-0.00037229114,0.0,2155500
4309.06554889679,1315.62,24.164711,480,585.12,9.680886e-05,513,0.9387915,0.9641240872442722,720000,-0.00023071302,0.0,2160000
4318.082852602005,1314.23,23.590382,481,582.14,3.5411627e-05,499,0.7793631,0.9643101431429386,721500,-0.00030248013,0.0,2164500
4327.3436715602875,1312.16,20.767673,482,576.63,0.00011662521,485,0.7668307,0.9679122567176819,723000,-0.0002643841,0.0,2169000
4336.049520015717,1312.02,23.791193,483,576.69,3.3280267e-05,516,0.8530199,0.9637021273374557,724500,-0.00017783046,0.0,2173500
4345.470285177231,1302.5,30.276463,484,570.89,0.00021417864,477,0.84805024,0.952963326126337,726000,-0.001327761,2.2222222e-05,2178000
4354.449917316437,1298.95,23.82231,485,565.81,3.334713e-05,501,0.8032042,0.967101190239191,727500,-0.00012652054,0.0,2182500
4363.374680280685,1289.76,22.537363,486,558.78,1.1662864e-05,504,0.76722467,0.9634812101721764,729000,-0.00013397138,0.0,2187000
4372.69128704071,1288.66,29.351038,487,561.66,8.765332e-05,483,0.9282334,0.9579728804528713,730500,-0.0003375462,0.0,2191500
4381.247006416321,1290.41,23.513987,488,564.06,2.0705424e-05,525,0.94075227,0.9649134986102581,732000,-0.00022907562,0.0,2196000
4390.031033754349,1289.29,23.407646,489,561.13,5.1155366e-05,512,0.7973761,0.9645864926278591,733500,-0.00040686593,0.0,2200500
4398.499465942383,1288.87,22.482002,490,562.42,2.2005082e-05,531,0.79265857,0.9672466181218624,735000,-0.00019649022,0.0,2205000
4407.289619207382,1285.65,20.947842,491,561.94,5.9937407e-05,511,0.81226677,0.9711171239614487,736500,-0.00015361875,0.0,2209500
4416.312142133713,1285.35,22.966324,492,556.04,7.046998e-05,498,0.91214395,0.9608572944998741,738000,-0.0003098492,0.0,2214000
4425.121207475662,1284.38,21.754864,493,560.35,2.6549655e-05,510,0.84800935,0.9693866427987814,739500,-8.602697e-05,0.0,2218500
4434.621329545975,1274.9,32.67179,494,552.3,2.1925505e-05,473,0.7386812,0.954741682857275,741000,-0.00017843816,0.0,2223000
4443.443197727203,1279.15,24.345547,495,558.23,4.6138657e-06,510,0.862462,0.9658421650528908,742500,-7.8364965e-06,0.0,2227500
4452.2604603767395,1287.65,20.185762,496,563.65,2.1456814e-05,510,0.8038474,0.9680165164172649,744000,-0.00018787936,0.0,2232000
4461.4390704631805,1289.64,23.963478,497,564.6,5.75939e-06,490,0.8516296,0.964087288826704,745500,-2.0577465e-05,0.0,2236500
4470.353942871094,1285.83,29.256336,498,563.76,3.8995095e-06,504,0.8653736,0.9580043703317642,747000,-4.1111143e-05,0.0,2241000
4479.1713654994965,1291.12,24.37507,499,574.45,9.8426564e-05,510,0.87308615,0.9643233083188534,748500,-0.00012523978,0.0,2245500
4488.135071516037,1296.2,24.763165,500,577.66,2.2651633e-05,502,0.81512815,0.9601393304765224,750000,-0.0002779571,0.0,2250000
4497.073650360107,1290.73,26.882595,501,574.78,1.6149344e-05,503,0.8409634,0.9612686522305012,751500,-0.00020073386,0.0,2254500
4506.552132844925,1290.97,24.3534,502,580.34,2.286558e-06,474,0.8098632,0.964418288320303,753000,-3.318079e-05,0.0,2259000
4516.536719083786,1293.65,28.561787,503,580.1,2.807215e-05,450,0.7473762,0.9507112950086594,754500,-0.00016828156,0.0,2263500
4525.446860074997,1300.74,26.771553,504,584.77,5.3739655e-05,505,0.9081552,0.9596979543566704,756000,-0.00033462472,0.0,2268000
4534.644268274307,1319.23,25.425415,505,602.83,0.00040788634,489,0.88599104,0.9604767821729183,757500,-0.00073726213,0.0,2272500
4543.976188659668,1310.18,24.064837,506,589.71,4.2645483e-05,482,0.79714173,0.9634954556822777,759000,-9.857781e-05,0.0,2277000
4553.103544950485,1313.05,27.363792,507,583.21,0.00024379438,493,0.70190156,0.9656316861510277,760500,-0.0008924199,0.0,2281500
4561.717016458511,1316.1,21.127348,508,585.15,3.2616186e-05,522,0.89526415,0.9688148144632578,762000,-0.00020002718,0.0,2286000
4571.038944005966,1310.28,26.005999,509,580.05,5.69971e-05,482,0.8990753,0.9547250792384148,763500,-0.00029486022,0.0,2290500
4580.262036323547,1312.11,23.20384,510,583.23,1.31068155e-05,487,0.81022555,0.9694087579846382,765000,-0.00012898767,0.0,2295000
4589.672675848007,1315.81,21.520819,511,591.61,3.8561055e-05,478,0.6939983,0.9644856750965118,766500,-0.00018622032,0.0,2299500
4599.388030529022,1302.55,30.520058,512,574.66,1.0131737e-05,463,0.8345523,0.9569127969443798,768000,-8.693238e-05,0.0,2304000
4609.078760147095,1299.62,37.254967,513,570.49,1.1297396e-05,464,0.75204396,0.9574322924017906,769500,-0.00022566637,0.0,2308500
4618.019665956497,1295.59,24.16712,514,567.95,0.0001609917,503,0.87900025,0.9636648707091808,771000,-0.0005662861,0.0,2313000
4627.107175350189,1293.32,30.037573,515,567.28,0.00011093707,495,0.78853506,0.9554970227181911,772500,-0.0007678119,0.0,2317500
4635.9379024505615,1290.55,22.225813,516,563.48,5.6645313e-05,509,0.7530304,0.9647028893232346,774000,-0.0002782514,0.0,2322000
4644.532633304596,1290.55,21.261822,517,566.82,2.6025895e-05,523,0.8442489,0.9700447898358107,775500,-0.00012422111,0.0,2326500
4653.169461727142,1292.98,22.688122,518,570.71,6.2201485e-05,521,0.9347989,0.9685865938663483,777000,-0.00024124366,0.0,2331000
4661.569541692734,1296.83,22.987661,519,569.03,2.1314503e-05,535,0.9556633,0.9661330617964268,778500,-9.634609e-05,0.0,2335500
4671.291289567947,1282.07,27.967066,520,551.33,0.00019167316,462,0.6702271,0.9374746009707451,780000,-0.00081611564,0.0,2340000
4680.724526643753,1275.89,22.332548,521,534.47,0.00012155213,477,0.7010545,0.9517864249646664,781500,-0.00038948838,0.0,2344500
4689.293577432632,1273.31,22.238924,522,533.79,0.00021896063,525,0.8499198,0.9654359966516495,783000,-0.0004179297,0.0,2349000
4698.092309713364,1276.78,21.369541,523,540.58,2.1507098e-05,511,0.8842791,0.9691294357180595,784500,-7.23189e-05,0.0,2353500
4707.156097650528,1270.45,26.703997,524,533.76,6.48921e-05,496,0.89390326,0.9610290601849556,786000,-0.00025856553,0.0,2358000
4716.009441614151,1282.68,23.892323,525,544.3,9.772516e-05,508,0.90341455,0.9643929712474346,787500,-0.000353763,0.0,2362500
4725.556961297989,1272.68,31.992577,526,531.55,5.8408255e-05,471,0.69228125,0.955024279654026,789000,-0.00018458668,0.0,2367000
4734.312257528305,1269.3,21.86076,527,525.32,5.2400745e-05,513,0.74320877,0.9650638550519943,790500,-0.000241723,0.0,2371500
4743.054913043976,1261.54,23.113537,528,517.46,3.8343944e-05,514,0.8956816,0.9667424112558365,792000,-0.00027428378,0.0,2376000
4752.244879245758,1267.54,26.500906,529,523.18,1.9169693e-05,489,0.8593919,0.9617411457002163,793500,-4.4338594e-05,0.0,2380500
4761.155356884003,1276.34,23.262669,530,528.75,2.0311116e-05,505,0.88480216,0.9616396315395832,795000,-0.00012263685,0.0,2385000
4770.023779630661,1279.48,26.54671,531,539.67,0.00016429722,507,0.7308346,0.9642106108367443,796500,-0.0005195185,0.0,2389500
4779.082627534866,1269.84,26.843733,532,536.88,8.734289e-06,496,0.74578786,0.9563845805823803,798000,-0.00015544031,0.0,2394000
4787.833918094635,1258.66,21.160337,533,527.26,0.0010457282,514,0.8372435,0.96790486946702,799500,-0.0013358465,2.2222222e-05,2398500
4797.147494316101,1261.18,20.157202,534,529.51,0.00012087939,483,0.8410797,0.9712676294147968,801000,-0.00053287717,0.0,2403000
4806.444725751877,1263.16,25.935623,535,533.84,7.804606e-05,484,0.71282035,0.9600903280079365,802500,-0.00037350217,0.0,2407500
4815.1365287303925,1252.77,21.975288,536,522.22,8.924295e-05,517,0.68983847,0.9649168998003006,804000,-0.00041842047,0.0,2412000
4824.1715388298035,1253.36,29.046406,537,521.79,1.367419e-05,498,0.9300597,0.9522757828235626,805500,-0.00011242731,0.0,2416500
4832.8288543224335,1248.23,19.116274,538,515.28,6.959177e-05,519,0.89803255,0.9729461874812841,807000,-0.0002613762,0.0,2421000
4842.084887504578,1250.47,19.422754,539,517.17,6.115339e-05,486,0.62747365,0.9622442722320557,808500,-0.0001932555,0.0,2425500
4850.94277048111,1255.11,18.654913,540,521.14,4.5084213e-05,508,0.8626557,0.975162710994482,810000,-0.00018313799,0.0,2430000
4860.386946678162,1256.19,24.032219,541,519.55,7.5787626e-05,476,0.817843,0.9605712331831455,811500,-0.00025625053,0.0,2434500
4869.85910820961,1253.23,30.380093,542,516.51,1.073968e-05,475,0.70561135,0.956896860152483,813000,-2.3516372e-05,0.0,2439000
4878.46089887619,1264.69,22.658358,543,532.21,6.511213e-05,523,0.8642533,0.9655179530382156,814500,-0.0001950783,0.0,2443500
4887.453332424164,1267.37,21.744001,544,533.35,4.6219066e-05,500,0.7954316,0.9691354297101498,816000,-0.0001397559,0.0,2448000
4896.589314699173,1264.36,22.624966,545,527.52,0.00015156351,492,0.873201,0.9667354375123978,817500,-0.00051541126,0.0,2452500
4905.1014013290405,1264.46,22.146711,546,528.97,1.5428543e-05,528,0.8275849,0.9645380228757858,819000,-4.5364417e-05,0.0,2457000
4913.494697570801,1261.11,22.804018,547,527.39,8.5314125e-05,536,0.8120927,0.9657266400754452,820500,-0.00029187897,0.0,2461500
4922.770575284958,1267.29,32.071777,548,535.55,2.3075776e-05,485,0.83676505,0.9553465060889721,822000,-0.00023117084,0.0,2466000
4931.303385972977,1277.63,23.418135,549,554.94,5.0430765e-05,527,0.8714066,0.9622573032975197,823500,-0.00020989013,0.0,2470500
4939.770453214645,1286.94,23.787727,550,569.99,0.00013559982,531,0.8767145,0.9602466821670532,825000,-0.00033977724,0.0,2475000
4948.95579624176,1285.91,30.812681,551,572.18,7.307417e-05,489,0.84163797,0.9555656723678112,826500,-0.0002135846,0.0,2479500
4957.634083271027,1289.78,21.068628,552,576.22,0.00017757014,518,0.75623584,0.9708884190768003,828000,-0.00043802173,0.0,2484000
4966.527998685837,1284.76,21.909092,553,568.12,2.8899882e-05,505,0.8648215,0.9652813822031021,829500,-9.976886e-05,0.0,2488500
4975.8365659713745,1274.61,35.25626,554,559.08,1.0243895e-05,483,0.715364,0.953521154820919,831000,-5.9197595e-05,0.0,2493000
4984.697144031525,1283.92,22.60841,555,568.9,3.3076838e-05,507,0.8330898,0.9653796777129173,832500,-0.00015187677,0.0,2497500
4993.437614440918,1295.65,24.015942,556,580.34,0.00014646523,514,0.86444956,0.9676470644772053,834000,-0.00046162575,0.0,2502000
5002.075960159302,1281.08,22.599337,557,570.13,0.00014065759,520,0.68141055,0.9646701887249947,835500,-0.0005950234,0.0,2506500
5011.189424276352,1277.62,23.631964,558,562.08,2.5098396e-05,493,0.80929834,0.9685830362141132,837000,-0.00020132495,0.0,2511000
5020.105350732803,1267.43,28.116522,559,554.2,2.708237e-06,504,0.7706707,0.9559645503759384,838500,-2.6771233e-05,0.0,2515500
5028.631543397903,1279.28,24.544903,560,564.75,0.00018704908,527,0.7557611,0.9667187482118607,840000,-0.00028796785,0.0,2520000
5037.5018129348755,1290.82,22.872108,561,576.2,0.000113453374,507,0.92523354,0.9635709710419178,841500,-0.00061435025,0.0,2524500
5047.405046701431,1289.79,29.417147,562,569.95,2.0789583e-05,454,0.69344544,0.9640883281826973,843000,-0.00019078403,0.0,2529000
5056.007919549942,1295.02,23.399822,563,581.81,0.00012974329,523,0.8698019,0.9655449390411377,844500,-0.00037783638,0.0,2533500
5064.909246683121,1288.5,25.907742,564,577.99,5.6621604e-05,505,0.5941242,0.946762453764677,846000,-0.0002345264,0.0,2538000
5074.258097410202,1284.11,24.554022,565,570.51,8.284969e-05,481,0.75259393,0.9668341502547264,847500,-0.00044049474,0.0,2542500
5083.158761501312,1288.91,23.02439,566,571.78,0.00028481527,505,0.8290103,0.9716435596346855,849000,-0.0005940456,0.0,2547000
5092.679023981094,1289.07,33.016838,567,572.06,1.3009101e-05,472,0.8435137,0.9549232497811317,850500,-9.977788e-05,0.0,2551500
5101.367766618729,1296.27,21.734943,568,579.16,8.2520404e-05,517,0.7762332,0.9692562650889158,852000,-0.00020687171,0.0,2556000
5110.648884773254,1282.31,28.471497,569,570.26,0.00010886655,484,0.70141023,0.9447853043675423,853500,-0.00044754348,0.0,2560500
5119.794890403748,1284.13,23.590977,570,567.79,7.907418e-05,492,0.7653214,0.9650234989821911,855000,-0.00019676868,0.0,2565000
5128.442944765091,1287.48,23.795443,571,569.8,2.1825585e-05,520,0.8847567,0.965495727956295,856500,-7.296794e-05,0.0,2569500
5136.999287605286,1286.37,22.102915,572,562.94,5.132258e-05,525,0.8771449,0.9664793089032173,858000,-0.00031925668,0.0,2574000
5146.028769016266,1278.64,28.029896,573,552.8,4.1255924e-05,498,0.71786475,0.957289632409811,859500,-0.00023530505,0.0,2578500
5154.552643537521,1281.77,22.372375,574,553.11,0.00010143673,527,0.9710391,0.9673795662820339,861000,-0.0003116307,0.0,2583000
5163.200957775116,1285.12,23.554417,575,556.97,1.5056361e-05,520,0.8855473,0.9637702070176601,862500,-5.6947752e-05,0.0,2587500
5171.797156095505,1290.78,24.721352,576,562.87,0.00010835169,523,0.8893319,0.9668249972164631,864000,-0.00033903934,0.0,2592000
5180.533412694931,1291.57,24.521225,577,560.1,1.0445288e-05,515,0.9037178,0.960906233638525,865500,-5.886958e-05,0.0,2596500
5189.267622232437,1293.25,24.502592,578,560.94,7.740733e-05,515,0.89956534,0.963364701718092,867000,-0.00029883505,0.0,2601000
5198.417716503143,1293.25,25.029814,579,554.65,0.00037310395,491,0.94729966,0.9599241502583027,868500,-0.00095976243,0.0,2605500
5207.005355834961,1296.33,22.90835,580,556.11,6.745462e-05,524,0.7796571,0.9682341404259205,870000,-8.00002e-05,0.0,2610000
5215.5795266628265,1301.13,24.659592,581,561.48,2.6387754e-05,524,0.87489563,0.958382572978735,871500,-0.00021211918,0.0,2614500
5224.38534617424,1299.06,25.661657,582,567.36,5.0396207e-05,511,0.80545187,0.9635029397904873,873000,-0.00015753866,0.0,2619000
5233.756738185883,1299.36,29.115067,583,563.35,4.2024636e-05,480,0.7296196,0.9532451890408993,874500,-0.00013485733,0.0,2623500
5242.741894960403,1293.42,28.93948,584,557.37,0.00010247604,500,0.84163773,0.9615677744150162,876000,-0.0005960562,0.0,2628000
5251.694262742996,1295.08,24.808575,585,552.07,3.539096e-05,502,0.7790352,0.9609477482736111,877500,-0.0002716096,0.0,2632500
5260.664387226105,1306.31,23.892641,586,561.13,2.0246236e-05,501,0.9527279,0.9609067104756832,879000,-8.42175e-05,0.0,2637000
5269.524364709854,1312.59,24.085241,587,571.13,0.00013019888,507,0.8469103,0.960773654282093,880500,-0.00033823782,0.0,2641500
5278.375835418701,1316.66,25.006407,588,575.21,0.00028545858,508,0.81874084,0.9615914337337017,882000,-0.0004990538,0.0,2646000
5287.006568670273,1319.14,22.38053,589,575.53,9.99369e-06,521,0.8935042,0.9669491648674011,883500,-4.3810134e-05,0.0,2650500
5296.0427069664,1318.65,30.451693,590,578.12,0.00014357452,498,0.84562653,0.9561813399195671,885000,-0.00054127385,0.0,2655000
5305.018304109573,1317.46,23.319239,591,571.48,5.0112434e-05,501,0.83144534,0.9648200199007988,886500,-0.00023948503,0.0,2659500
5314.214310884476,1313.19,29.470741,592,571.88,4.0081927e-06,489,0.7636289,0.9515800550580025,888000,-5.376365e-05,0.0,2664000
5322.777370929718,1324.11,23.597395,593,583.3,8.230055e-05,525,0.903099,0.9673106297850609,889500,-0.00028248352,0.0,2668500
5331.595219373703,1333.49,20.200098,594,592.47,0.00013158603,510,0.9387068,0.9681451208889484,891000,-0.0005057497,0.0,2673000
5340.467348575592,1336.15,16.666573,595,597.95,1.5419195e-05,507,0.7960582,0.9773153457790613,892500,-0.0002240116,0.0,2677500
5349.717430830002,1335.8,20.788027,596,600.62,3.4329983e-05,486,0.80421937,0.9693457894027233,894000,-9.914417e-05,0.0,2682000
5358.303046703339,1330.16,11.958685,597,596.68,1.74202e-05,524,0.8467565,0.9821438509970903,895500,-0.00016746378,0.0,2686500
5366.98410487175,1333.32,14.076079,598,603.22,0.00045114302,518,0.86535376,0.9777469728142023,897000,-0.0010117958,0.0,2691000
5376.109848022461,1347.89,17.433659,599,619.79,4.4595035e-05,493,0.78090215,0.9737500641494989,898500,-0.0002308351,0.0,2695500
5384.894312381744,1345.19,24.971148,600,622.4,0.000279349,512,0.6910164,0.9647296741604805,900000,-0.0008219696,0.0,2700000
5394.057924032211,1336.22,28.524399,601,606.25,0.000104682724,491,0.9279804,0.9533804506063461,901500,-0.00055890443,0.0,2704500
5403.057720422745,1337.53,23.797853,602,612.2,9.627643e-05,500,0.7877353,0.9654284380376339,903000,-0.00059889554,0.0,2709000
5411.814246416092,1339.79,22.165823,603,616.52,4.517484e-05,513,0.9202087,0.9643111675977707,904500,-0.00035079778,0.0,2713500
5420.527099132538,1345.47,25.215725,604,630.56,7.491335e-05,516,0.87068087,0.9662189520895481,906000,-0.000268946,0.0,2718000
5429.931850910187,1336.73,25.421455,605,616.82,7.7692435e-05,478,0.7084406,0.9602531790733337,907500,-0.00036317346,0.0,2722500
5439.371534347534,1324.39,29.97006,606,601.29,0.00015891172,476,0.72258246,0.9500229060649872,909000,-0.00068471563,0.0,2727000
5448.164638996124,1324.39,27.51269,607,598.85,2.353186e-05,511,0.8913228,0.9584242664277554,910500,-0.00017971237,0.0,2731500
5457.143753528595,1312.67,24.690441,608,586.5,2.1071692e-05,501,0.79255396,0.9613949209451675,912000,-0.00018104253,0.0,2736000
5465.847815990448,1309.99,21.97167,609,584.2,6.38442e-05,517,0.9097257,0.9673748277127743,913500,-0.0003043502,0.0,2740500
5475.234268903732,1298.77,37.96486,610,566.38,5.020896e-05,479,0.7349237,0.9422378726303577,915000,-0.0002133666,0.0,2745000
5483.711760520935,1308.89,23.647337,611,580.09,3.0463187e-05,530,0.943261,0.9667409956455231,916500,-0.00018059823,0.0,2749500
5492.84827709198,1313.48,21.406235,612,579.21,0.0001538149,492,0.8251263,0.9666370041668415,918000,-0.0004498937,0.0,2754000
5501.9354746341705,1317.23,24.384205,613,577.89,2.5124811e-05,495,0.9216295,0.9568560756742954,919500,-0.00011795436,0.0,2758500
5510.764635324478,1321.6,23.178574,614,592.01,2.62191e-05,509,0.8867988,0.9621009603142738,921000,-3.459719e-05,0.0,2763000
5519.302474498749,1323.81,23.071945,615,601.12,2.5673231e-05,527,0.83620715,0.9683970808982849,922500,-0.0001542164,0.0,2767500
5528.349812269211,1323.99,22.126768,616,600.69,5.3163123e-05,497,0.8939436,0.9692513514310122,924000,-0.00042401103,0.0,2772000
5537.950773715973,1315.86,27.849625,617,589.12,3.174126e-05,468,0.8520131,0.9589393809437752,925500,-0.00023079883,0.0,2776500
5547.142588853836,1320.85,27.256319,618,591.31,4.1142075e-06,489,0.86869943,0.9620675034821033,927000,-5.9781232e-05,0.0,2781000
5555.698238372803,1320.66,16.795435,619,583.67,4.6517656e-05,525,0.8262476,0.9734955690801144,928500,-0.00026497195,0.0,2785500
5564.376962661743,1314.39,23.808054,620,578.41,0.0002206639,518,0.8101588,0.9627862274646759,930000,-0.0008233961,0.0,2790000
5572.997573137283,1318.77,22.718325,621,584.94,6.726112e-05,522,0.84884447,0.9703273568302393,931500,-5.274748e-05,0.0,2794500
5582.267639875412,1320.76,20.629078,622,585.25,1.3776815e-05,485,0.863408,0.9697438906878233,933000,-0.00015024793,0.0,2799000
5591.208772420883,1309.18,25.839933,623,569.4,1.606116e-05,503,0.7247138,0.9583668820559978,934500,-0.00017911608,0.0,2803500
5599.471767663956,1311.61,24.438496,624,571.08,2.4635337e-05,544,0.84100145,0.9622630253434181,936000,-0.0002826539,0.0,2808000
5608.098264932632,1313.56,22.767115,625,567.88,0.00011827159,521,0.896722,0.9691970814019442,937500,-0.00045405485,0.0,2812500
5616.904809713364,1320.08,19.643845,626,572.56,4.189325e-05,511,0.9913363,0.9694434143602848,939000,-0.00014650695,0.0,2817000
5625.957501173019,1320.27,32.66809,627,576.03,2.156627e-05,497,0.91797143,0.9506220147013664,940500,-0.00014663975,0.0,2821500
5634.523401737213,1315.62,23.11656,628,567.9,7.731022e-05,525,0.86092246,0.9680739715695381,942000,-0.0005049528,0.0,2826000
5643.980097532272,1325.06,34.93294,629,577.52,9.7865595e-06,475,0.8235474,0.9490061588585377,943500,-8.9978275e-05,0.0,2830500
5652.598730325699,1327.44,26.180916,630,586.0,2.9064873e-05,522,0.9447386,0.9594954252243042,945000,-0.00010742167,0.0,2835000
5661.030059576035,1327.7,23.292025,631,584.98,7.615016e-05,533,0.8017478,0.9674926213920116,946500,-0.00029560394,0.0,2839500
5669.753843784332,1330.32,23.556652,632,585.09,0.00038673254,515,0.8862332,0.9666661694645882,948000,-0.0010538233,0.0,2844000
5678.437224388123,1323.84,26.119696,633,573.37,1.4167636e-05,518,0.96237,0.9566155411303043,949500,2.8810613e-05,0.0,2848500
5687.371760606766,1320.46,27.871208,634,571.09,2.7375228e-05,503,0.8466867,0.95961844176054,951000,-0.00021729733,0.0,2853000
5696.22589802742,1325.95,23.178755,635,581.37,0.00031752844,508,0.83546376,0.9668158106505871,952500,-0.0008969304,0.0,2857500
5704.787874698639,1332.0,23.819258,636,589.25,2.6773554e-05,525,0.95733756,0.9606346413493156,954000,-0.00013465487,0.0,2862000
5713.332161426544,1339.15,23.982824,637,598.18,0.00031107082,526,0.8727663,0.9678365252912045,955500,-0.00079407846,0.0,2866500
5721.993421316147,1348.4,25.96255,638,609.36,5.8376714e-05,519,1.0005752,0.9604085348546505,957000,-0.0001535499,0.0,2871000
5730.765393257141,1349.9,25.831388,639,609.9,1.6113834e-05,513,0.8874217,0.963459026068449,958500,-0.00014231255,0.0,2875500
5739.458983659744,1354.2,21.448547,640,608.12,1.8438983e-05,517,0.9839276,0.9645178392529488,960000,-3.908319e-05,0.0,2880000
5748.255983114243,1355.22,25.299759,641,608.73,0.00027384667,511,0.8591911,0.9642976000905037,961500,-0.0008468253,0.0,2884500
5757.000033855438,1356.94,20.576126,642,611.24,9.538419e-05,514,0.93519855,0.9677694961428642,963000,-0.00043364504,0.0,2889000
5766.109902143478,1360.23,23.435188,643,612.34,2.1593145e-05,493,0.8858255,0.9688567407429218,964500,-0.00023225314,0.0,2893500
5775.063139438629,1359.74,23.017239,644,608.07,6.4016625e-05,502,0.8785298,0.9656090177595615,966000,-0.00013664553,0.0,2898000
5783.434815645218,1361.2,19.93997,645,604.68,8.061898e-05,537,0.95207345,0.9715707134455442,967500,-0.0003037367,0.0,2902500
5791.959664821625,1360.64,20.631653,646,602.53,4.823642e-05,527,0.8510255,0.9697994086891413,969000,-0.0003077523,0.0,2907000
5800.532946586609,1361.41,22.440079,647,604.25,2.933623e-05,524,0.85956264,0.9682890996336937,970500,-0.00019940715,0.0,2911500
5809.670080900192,1356.26,34.939766,648,595.55,2.6021586e-05,492,0.86210716,0.958683293312788,972000,-0.00031687066,0.0,2916000
5818.439337015152,1364.77,25.01458,649,608.19,4.385212e-05,513,0.9690595,0.9634158797562122,973500,-0.0001747841,0.0,2920500
5827.4955496788025,1365.64,18.576107,650,606.75,0.00027801807,496,0.7213398,0.9688605330884457,975000,-0.00055838196,0.0,2925000
5836.505087137222,1362.01,23.260103,651,602.54,4.9247206e-05,499,0.90056205,0.9657158851623535,976500,-0.0002503283,0.0,2929500
5845.265970468521,1367.58,26.504475,652,608.63,1.4704005e-05,513,0.9432184,0.9589097276329994,978000,-6.08269e-05,0.0,2934000
5854.021137237549,1375.11,21.383778,653,618.26,9.285729e-05,514,0.8827021,0.9681768268346786,979500,-0.00031442006,0.0,2938500
5863.012897968292,1379.78,29.732979,654,629.81,1.480049e-05,500,0.81727755,0.9626237861812115,981000,-8.7391054e-05,0.0,2943000
5871.6551859378815,1386.74,24.7824,655,637.21,0.00016210075,520,0.9615903,0.9617040231823921,982500,-0.00045595903,0.0,2947500
5880.705938339233,1378.76,24.903454,656,627.36,3.0946576e-05,497,0.6865931,0.9644090682268143,984000,-0.00011515073,0.0,2952000
5889.923527002335,1366.14,34.090527,657,612.14,2.7784274e-05,488,0.82462037,0.951874490827322,985500,-0.0001594049,0.0,2956500
5899.089821815491,1344.54,33.747013,658,596.19,0.00035582855,490,0.7165193,0.9480731636285782,987000,-0.0011005796,0.0,2961000
5907.907459974289,1348.18,16.462828,659,597.69,0.00014044362,510,0.655781,0.9727623742073774,988500,-0.00028131125,0.0,2965500
5917.255978345871,1321.92,35.29123,660,573.84,0.0006846354,481,0.6410189,0.9467082768678665,990000,-0.0016407077,0.00013333333,2970000
5925.666388750076,1327.25,23.50407,661,577.7,9.487025e-05,535,0.94175315,0.9622400067746639,991500,-0.00035466158,0.0,2974500
5934.329584121704,1333.73,25.359818,662,588.68,0.00021247639,519,0.8910528,0.9606936685740948,993000,-0.00062115205,0.0,2979000
5942.79114484787,1329.38,24.279314,663,586.54,7.555546e-05,531,0.88022745,0.961714792996645,994500,-0.0002952089,0.0,2983500
5951.641730546951,1334.05,20.86541,664,590.67,3.4806122e-05,508,0.7254679,0.9716771431267262,996000,-0.0004730477,0.0,2988000
5960.678260564804,1330.13,25.58736,665,581.78,1.421155e-05,497,0.9289685,0.9594535641372204,997500,-5.197745e-05,0.0,2992500
5969.37118935585,1330.13,23.481295,666,579.34,4.837189e-05,517,0.91789335,0.9682072624564171,999000,-0.00025918224,0.0,2997000
