steps,episode,episode steps,episode reward,loss,mse,mean_q,test episode,test reward,test steps,test steps(s)
34/500000,1,34,-91.938,0.409461,1.946604,0.435892,1,21.401,431,201
70/500000,2,36,-84.557,93.155495,66.141846,0.470333,2,-94.285,79,138
314/500000,3,244,-65.38,63.44368,55.948452,-0.057292,3,-66.83,139,201
448/500000,4,134,-86.117,43.174152,44.766514,-0.037189,4,-58.601,166,161
583/500000,5,135,-68.053,37.769497,40.978642,-0.026167,5,140.915,853,143
951/500000,6,368,-37.841,37.095734,39.151905,-0.133189,6,173.082,933,123
1100/500000,7,149,-81.061,21.428776,26.088215,0.077519,7,297.821,1002,151
1278/500000,8,178,-46.622,37.285946,35.181499,-0.032546,8,351.873,1002,121
1934/500000,9,656,90.928,20.099112,20.084187,0.072693,9,17.387,357,70
2002/500000,10,68,-95.099,30.018784,24.047441,0.080751,10,77.337,539,201
2173/500000,11,171,-73.031,20.894127,17.359535,0.012188,11,333.411,1002,109
2227/500000,12,54,-96.193,37.655777,28.344334,0.068368,12,-18.651,296,180
2396/500000,13,169,-57.561,35.693127,26.770041,-0.160326,13,203.285,906,201
2594/500000,14,198,-69.02,22.958973,18.201441,0.010097,14,286.791,1002,178
3055/500000,15,461,10.059,20.246737,16.416492,0.073245,15,121.933,762,188
3118/500000,16,63,-95.582,22.79936,17.69141,0.099744,16,-41.307,236,165
3767/500000,17,649,79.804,22.833637,18.111837,0.035345,17,2.828,362,197
4078/500000,18,311,82.723,26.988787,20.932043,-0.026252,18,39.537,451,62
4119/500000,19,41,-96.512,23.115658,18.626997,0.004719,19,-95.313,55,185
4556/500000,20,437,16.294,23.543173,19.741026,0.038451,20,292.474,1002,143
4762/500000,21,206,-18.527,19.145878,16.625612,0.151325,21,20.749,362,128
4897/500000,22,135,-83.311,22.236139,18.585546,0.097477,22,87.978,655,103
4944/500000,23,47,-96.854,23.547276,19.515076,0.116943,23,286.463,1002,194
5410/500000,24,466,65.16,20.89661,17.306339,0.08947,24,-82.006,115,201
5607/500000,25,197,-33.541,26.038467,20.290466,0.029903,25,301.065,1002,201
5663/500000,26,56,-94.179,17.082516,14.39113,-0.065734,26,215.051,935,110
5770/500000,27,107,-84.435,27.641361,21.383076,0.01927,27,305.815,1002,201
5795/500000,28,25,-98.904,6.526901,7.101002,0.03878,28,155.227,758,107
5823/500000,29,28,-98.613,33.347588,25.082134,0.08492,29,131.425,814,194
5847/500000,30,24,-97.902,19.919083,16.223955,0.03412,30,39.014,551,140
5911/500000,31,64,-94.621,19.702625,15.756866,0.040751,31,72.335,652,149
5941/500000,32,30,-98.392,20.886408,16.35133,-0.054709,32,32.989,474,132
5964/500000,33,23,-98.919,20.605148,16.095482,-0.016365,33,129.901,776,162
6038/500000,34,74,-83.923,31.740456,23.343431,0.068224,34,277.847,1002,201
6083/500000,35,45,-84.659,27.881533,20.633299,-0.036947,35,286.855,1002,177
6134/500000,36,51,-85.692,27.326221,20.308535,0.091237,36,275.037,1002,201
6187/500000,37,53,-89.5,32.388775,24.071558,0.217945,37,305.408,1002,167
6251/500000,38,64,-54.738,22.052967,16.946819,0.147806,38,177.714,550,201
6290/500000,39,39,-87.608,47.479145,33.805946,-0.021459,39,-67.261,140,169
6358/500000,40,68,-63.133,32.245663,23.758329,0.008036,40,-7.042,231,185
6432/500000,41,74,-67.773,42.011803,30.282589,-0.134853,41,203.759,940,110
6527/500000,42,95,-79.047,32.74649,23.942532,-0.241185,42,349.418,1002,181
6623/500000,43,96,-61.514,45.36729,32.286491,-0.146948,43,314.785,1002,201
6809/500000,44,186,-28.088,35.878792,26.127129,-0.236805,44,79.826,544,201
7201/500000,45,392,50.946,27.965847,20.568264,-0.021571,45,183.19,822,151
7774/500000,46,573,69.356,29.560001,21.560226,-0.00402,46,67.584,543,181
7879/500000,47,105,-88.842,23.799326,17.459911,0.004536,47,37.591,509,137
8007/500000,48,128,-55.197,26.527428,19.006203,0.050193,48,-21.844,265,144
8362/500000,49,355,11.279,27.158556,19.415501,0.039029,49,109.471,645,28
8740/500000,50,378,39.243,18.483007,13.477755,0.225687,50,-63.601,164,174
9064/500000,51,324,20.236,27.761002,19.544407,0.087189,51,-77.379,173,90
9270/500000,52,206,-37.643,21.064543,15.069504,0.136547,52,294.757,1002,201
9531/500000,53,261,-45.791,28.573362,20.098185,0.084079,53,-15.852,275,186
9821/500000,54,290,-0.083,20.154709,14.48842,0.265661,54,-25.148,263,111
9927/500000,55,106,-77.555,20.30094,14.685654,0.176053,55,162.734,801,130
10785/500000,56,858,257.625,28.945559,20.396156,0.05769,56,300.641,1002,160
11273/500000,57,488,39.784,29.670101,21.193779,0.063512,57,58.217,534,115
11442/500000,58,169,-48.819,26.547621,19.139082,0.158209,58,87.842,733,201
11738/500000,59,296,-17.065,20.95941,15.510523,0.199827,59,283.791,1002,150
11911/500000,60,173,-49.198,22.833351,16.726229,0.206901,60,56.915,479,201
12161/500000,61,250,-45.348,27.060247,19.597351,0.145934,61,294.684,1002,112
12410/500000,62,249,-29.697,21.085949,15.492796,0.140579,62,28.913,487,201
12497/500000,63,87,-89.87,29.04348,20.650112,0.200154,63,269.75,1002,59
12720/500000,64,223,-39.438,18.805973,13.908257,0.139556,64,157.925,858,108
12994/500000,65,274,-14.277,25.766733,18.402266,0.13635,65,276.038,1002,201
13087/500000,66,93,-90.159,16.732513,12.501381,0.222891,66,157.651,833,120
13417/500000,67,330,16.268,19.459463,14.174008,0.281641,67,131.117,852,117
14185/500000,68,768,142.609,24.008413,17.306623,0.137484,68,47.161,491,201
14442/500000,69,257,-20.717,29.923855,21.341145,0.061906,69,138.156,801,116
15139/500000,70,697,182.77,18.7314,13.968413,0.194213,70,-47.171,236,114
15318/500000,71,179,-51.946,21.276056,15.721688,0.214657,71,273.845,1002,201
15377/500000,72,59,-95.619,39.233734,27.778149,0.119857,72,42.119,572,201
15714/500000,73,337,-2.828,21.614397,16.011839,0.15695,73,126.946,725,183
15847/500000,74,133,-54.704,16.558527,12.586001,0.154347,74,290.42,1002,201
15971/500000,75,124,-72.069,19.953226,14.760454,0.168213,75,-52.581,179,177
16183/500000,76,212,-43.957,14.648967,11.005229,0.207358,76,-35.888,250,201
16432/500000,77,249,-38.341,24.453106,17.702936,0.109733,77,-65.496,154,201
17003/500000,78,571,70.823,22.386318,16.472698,0.162881,78,304.322,1002,128
17187/500000,79,184,-55.964,27.0177,19.750961,0.065665,79,179.179,849,201
17573/500000,80,386,4.67,19.19199,14.460209,0.178958,80,266.396,1002,200
18058/500000,81,485,30.055,24.38361,18.187016,0.124969,81,294.024,1002,161
18280/500000,82,222,-28.433,21.458832,16.338991,0.164495,82,84.422,353,201
18369/500000,83,89,-91.629,23.941288,18.01186,0.067322,83,-20.009,301,190
18831/500000,84,462,19.476,21.782911,16.339212,0.115618,84,340.241,1002,150
18944/500000,85,113,-72.809,21.213453,16.100782,0.111522,85,122.87,799,56
19300/500000,86,356,7.268,23.898684,17.948986,0.10945,86,290.957,1002,57
19415/500000,87,115,-43.659,15.734562,12.321673,0.214429,87,29.41,463,201
20074/500000,88,659,98.135,21.699306,16.451256,0.165618,88,-77.444,170,131
20666/500000,89,592,70.199,23.902891,17.79188,0.16209,89,90.203,710,161
21129/500000,90,463,27.034,21.164324,15.915851,0.248113,90,104.321,751,104
21333/500000,91,204,0.732,12.733212,10.351652,0.319505,91,-17.914,318,157
21822/500000,92,489,56.532,16.566647,12.767391,0.300019,92,170.326,927,151
22699/500000,93,877,161.575,21.059555,15.86366,0.190664,93,84.577,570,170
23041/500000,94,342,-8.712,20.118538,15.228539,0.225482,94,222.995,973,162
23484/500000,95,443,19.59,20.334253,15.419596,0.162075,95,174.78,958,201
24021/500000,96,537,30.872,17.276764,13.384739,0.248449,96,96.099,744,139
24300/500000,97,279,-39.492,12.842663,10.47936,0.29897,97,296.7,1002,201
24355/500000,98,55,-85.081,31.084173,22.576147,0.24778,98,-7.071,325,104
25211/500000,99,856,162.756,20.330591,15.601847,0.189345,99,24.882,474,106
25955/500000,100,744,109.356,21.240751,16.38121,0.154634,100,83.009,705,201
26645/500000,101,690,103.497,19.82493,15.296931,0.17929,101,-86.841,119,124
26836/500000,102,191,-45.27,10.243163,9.074549,0.247376,102,-41.038,195,151
27091/500000,103,255,3.903,16.426075,13.148729,0.221183,103,304.216,1002,201
28093/500000,104,1002,293.376,17.300102,13.779096,0.225914,104,-96.071,53,201
28193/500000,105,100,-77.925,33.970757,25.214968,-0.059089,105,-74.142,171,114
28732/500000,106,539,54.46,16.254995,13.120395,0.202822,106,294.048,1002,131
28865/500000,107,133,-63.011,17.460155,14.213438,0.269807,107,117.418,669,154
29330/500000,108,465,25.538,19.547813,15.705667,0.213809,108,96.841,680,110
29669/500000,109,339,25.285,16.073708,13.07907,0.248178,109,116.625,765,29
29972/500000,110,303,2.799,22.136982,17.396521,0.134642,110,93.587,601,201
30109/500000,111,137,-81.956,18.97084,15.055902,0.277555,111,100.052,685,150
30413/500000,112,304,-26.419,17.374249,14.167722,0.287859,112,154.785,768,162
30513/500000,113,100,-90.468,18.642828,15.249356,0.284811,113,82.048,574,201
30605/500000,114,92,-91.596,12.626095,11.214146,0.316098,114,-18.992,333,117
30637/500000,115,32,-97.127,18.51598,14.612629,0.435157,115,260.749,1002,129
30880/500000,116,243,-38.712,16.958736,13.973783,0.301899,116,171.188,931,201
31084/500000,117,204,-66.078,13.093221,11.685195,0.307532,117,23.127,445,201
31262/500000,118,178,-40.472,17.821106,14.540415,0.307704,118,-22.422,256,117
31406/500000,119,144,-66.103,18.075287,14.647396,0.306879,119,-92.567,71,120
31806/500000,120,400,17.835,12.080004,10.604719,0.309231,120,186.835,871,122
31950/500000,121,144,-11.076,21.247276,16.631617,0.253994,121,319.052,1002,127
32062/500000,122,112,-83.26,16.7103,13.533498,0.244792,122,284.108,1002,142
32318/500000,123,256,34.225,17.740112,14.269454,0.242398,123,-86.657,104,142
32437/500000,124,119,-82.413,13.849495,11.73111,0.345318,124,71.277,616,93
33042/500000,125,605,93.34,21.775303,17.191011,0.223816,125,282.559,1002,63
33251/500000,126,209,-54.054,16.6654,13.94818,0.269597,126,-61.807,179,66
33389/500000,127,138,-67.414,17.808031,14.705194,0.269745,127,285.543,1002,199
33845/500000,128,456,62.231,20.989834,16.905443,0.280128,128,-60.483,155,108
33975/500000,129,130,-64.638,11.975292,10.99926,0.256503,129,36.118,461,201
34394/500000,130,419,-10.941,18.481171,15.228256,0.294133,130,374.135,1002,115
34528/500000,131,134,-54.35,23.353001,18.345963,0.249633,131,180.013,976,201
34697/500000,132,169,-71.997,13.214751,11.76276,0.280097,132,298.508,1002,102
34884/500000,133,187,-40.941,22.773174,18.311779,0.253869,133,-70.178,151,85
35024/500000,134,140,-72.207,19.257463,15.777257,0.286492,134,59.33,570,122
35312/500000,135,288,-36.595,18.662815,15.124348,0.242136,135,107.95,625,123
35449/500000,136,137,-64.832,16.389261,13.683641,0.292663,136,6.802,375,152
35622/500000,137,173,-69.174,20.35775,16.38434,0.225528,137,272.894,1002,201
36384/500000,138,762,109.939,18.735277,15.519535,0.240657,138,330.094,1002,178
36678/500000,139,294,-3.641,19.241835,15.906635,0.193668,139,82.891,674,134
37001/500000,140,323,-14.365,15.257955,12.905796,0.272404,140,310.148,1002,201
37173/500000,141,172,-76.989,16.24695,13.595672,0.275232,141,282.362,1002,121
37952/500000,142,779,118.249,16.890543,14.050048,0.308568,142,305.034,1002,201
38269/500000,143,317,13.776,18.679678,15.30611,0.233345,143,3.612,390,91
38465/500000,144,196,-48.173,23.197655,18.471344,0.127592,144,-38.924,215,107
39016/500000,145,551,74.165,16.799656,14.129967,0.221474,145,289.851,1002,137
39087/500000,146,71,-93.26,24.569513,19.071188,0.243485,146,26.043,499,201
39188/500000,147,101,-88.827,29.773775,22.758345,0.075504,147,29.789,491,201
39334/500000,148,146,-56.844,12.414349,11.181698,0.199129,148,329.487,1002,141
39511/500000,149,177,-62.845,16.876173,14.105201,0.306727,149,1.14,417,149
39790/500000,150,279,3.521,14.714754,12.847693,0.249121,150,57.419,507,124
39870/500000,151,80,-93.373,18.972174,15.760828,0.295466,151,-62.648,139,123
40003/500000,152,133,-76.797,13.800802,12.042539,0.267218,152,-24.893,331,201
40394/500000,153,391,16.969,18.030832,15.037395,0.361083,153,-26.871,317,199
40647/500000,154,253,-22.732,17.282001,14.65807,0.401938,154,299.311,1002,51
40904/500000,155,257,-20.234,18.969742,15.67622,0.419074,155,25.959,483,201
41045/500000,156,141,-80.646,24.109001,19.462509,0.312475,156,275.63,1002,26
41211/500000,157,166,-47.929,16.078085,14.070839,0.385162,157,-63.59,147,201
41477/500000,158,266,-10.187,14.591141,13.18879,0.460511,158,206.913,999,107
41530/500000,159,53,-96.277,22.611959,18.317205,0.440917,159,298.048,1002,110
41952/500000,160,422,7.822,16.736645,14.610481,0.413236,160,10.653,395,201
42155/500000,161,203,-61.338,19.657644,16.499395,0.405006,161,213.08,976,118
42406/500000,162,251,-36.443,22.634871,18.56031,0.312518,162,113.637,778,201
42588/500000,163,182,-60.524,22.884628,18.677271,0.320621,163,168.417,955,174
42977/500000,164,389,-2.606,20.855951,17.133179,0.355517,164,114.244,716,134
43199/500000,165,222,-35.485,18.529388,16.180414,0.325373,165,-39.611,195,164
44043/500000,166,844,256.184,16.257988,14.065876,0.41634,166,321.29,1002,201
44170/500000,167,127,-83.856,12.923337,11.868339,0.465743,167,-94.745,71,201
45172/500000,168,1002,242.403,17.828289,15.192102,0.421374,168,-26.77,263,198
45672/500000,169,500,49.388,19.660343,16.419407,0.363395,169,11.504,335,201
45915/500000,170,243,-59.033,16.524103,14.426731,0.411335,170,318.756,1002,180
46128/500000,171,213,-52.868,24.040277,19.428192,0.331325,171,138.967,647,116
46390/500000,172,262,-36.259,19.230267,16.458738,0.343458,172,57.941,557,201
46534/500000,173,144,-58.377,15.897753,14.661262,0.35465,173,311.141,1002,158
46714/500000,174,180,-41.768,10.654593,10.815259,0.505775,174,328.871,1002,133
46833/500000,175,119,-87.839,15.0745,13.921273,0.487205,175,290.965,1002,175
47082/500000,176,249,-39.278,16.337461,14.90615,0.424041,176,152.881,799,171
47681/500000,177,599,68.058,18.617271,16.474108,0.392033,177,-94.488,62,143
47819/500000,178,138,-80.14,17.529915,16.15597,0.418991,178,-22.277,263,201
48464/500000,179,645,62.23,15.033051,14.070591,0.418778,179,-61.185,165,147
48705/500000,180,241,5.8,20.395861,17.439955,0.421789,180,317.496,1002,166
48776/500000,181,71,-94.852,2.631744,5.588359,0.520452,181,182.527,879,108
49213/500000,182,437,-4.413,18.962961,16.621151,0.374163,182,-21.324,270,116
49666/500000,183,453,43.927,18.898212,16.467499,0.359051,183,86.3,579,165
50259/500000,184,593,92.477,19.5154,17.099453,0.299769,184,27.33,492,201
50527/500000,185,268,-3.681,16.390345,15.382253,0.286873,185,106.545,740,201
51243/500000,186,716,98.823,13.716046,13.463897,0.357187,186,-3.911,429,87
51437/500000,187,194,-44.225,12.186181,12.602327,0.376535,187,-16.719,324,201
52408/500000,188,971,204.028,16.530567,15.481462,0.275627,188,7.434,318,201
52746/500000,189,338,-15.63,15.872887,14.799771,0.294431,189,-50.112,265,174
53041/500000,190,295,-14.199,19.733187,17.369659,0.243915,190,-29.215,283,135
53269/500000,191,228,-46.579,13.182379,13.284832,0.31436,191,87.079,520,149
53381/500000,192,112,-86.516,12.679971,12.88533,0.317036,192,276.494,1002,201
53451/500000,193,70,-94.24,14.830019,13.889729,0.387859,193,283.957,1002,174
53553/500000,194,102,-84.488,20.298059,17.74334,0.339871,194,276.451,1002,201
53699/500000,195,146,-83.584,16.531916,15.038374,0.302939,195,-52.021,207,186
53936/500000,196,237,-38.797,11.595207,11.802398,0.469111,196,-70.501,132,166
54099/500000,197,163,-79.155,17.835665,16.033178,0.370249,197,153.295,930,136
54225/500000,198,126,-86.623,6.145561,8.345749,0.463202,198,-53.395,173,201
54360/500000,199,135,-73.262,18.529709,17.152857,0.269379,199,-51.455,188,144
54664/500000,200,304,-8.654,14.611958,14.534471,0.342259,200,302.136,1002,114
54704/500000,201,40,-92.785,14.481895,15.169989,0.06405,201,-70.635,152,114
54880/500000,202,176,-75.026,13.467602,13.650232,0.295078,202,-70.217,113,150
54936/500000,203,56,-86.787,18.24988,16.66057,0.372782,203,-24.252,330,121
55196/500000,204,260,-55.757,18.280092,16.880793,0.255489,204,322.199,1002,147
55855/500000,205,659,81.113,13.720939,13.660903,0.361687,205,20.258,424,184
56125/500000,206,270,-12.463,15.254909,14.795701,0.254726,206,356.373,1002,163
56495/500000,207,370,-10.067,15.043127,14.636533,0.266527,207,-57.799,154,155
56673/500000,208,178,-47.892,9.834785,10.857957,0.424841,208,-63.494,204,183
56809/500000,209,136,-70.132,19.889185,17.838417,0.208575,209,287.392,1002,201
56889/500000,210,80,-93.838,10.362361,11.209772,0.255244,210,-64.363,144,116
57158/500000,211,269,-46.464,17.609404,16.186491,0.278677,211,8.314,445,111
57646/500000,212,488,-0.935,13.078907,13.371958,0.278925,212,290.864,1002,201
58170/500000,213,524,39.38,14.713725,14.566322,0.236272,213,284.204,1002,90
58535/500000,214,365,-4.407,16.629261,15.681992,0.183455,214,-94.985,39,176
58588/500000,215,53,-95.886,13.224485,12.865034,0.254019,215,360.302,1002,91
59151/500000,216,563,28.123,15.274817,14.707908,0.23168,216,122.847,720,201
59508/500000,217,357,-24.631,19.978292,17.995193,0.175475,217,99.545,646,201
59854/500000,218,346,-29.317,12.369514,12.907849,0.294479,218,-20.302,302,183
59939/500000,219,85,-92.766,12.122988,12.88602,0.363618,219,-50.519,232,145
60051/500000,220,112,-83.333,23.548498,20.50001,0.157554,220,311.339,1002,191
60194/500000,221,143,-81.346,18.218487,17.350008,0.044723,221,290.034,1002,155
60405/500000,222,211,-64.772,15.201801,15.431656,0.047392,222,171.267,895,155
60496/500000,223,91,-89.487,13.843239,14.215497,0.09908,223,314.967,1002,138
60643/500000,224,147,-74.889,14.479974,14.491484,0.185836,224,132.458,843,113
60759/500000,225,116,-67.457,15.295193,15.036883,0.13561,225,281.414,1002,201
60795/500000,226,36,-97.157,12.06776,12.718912,0.174981,226,306.04,1002,117
60880/500000,227,85,-92.766,17.103674,17.157776,0.014346,227,-10.099,332,149
61118/500000,228,238,-0.092,9.222873,11.451062,0.19322,228,299.933,1002,28
61181/500000,229,63,-92.782,19.845253,18.705498,0.157002,229,270.903,1002,192
61278/500000,230,97,-89.37,14.470251,14.926805,0.128878,230,-96.608,49,128
61317/500000,231,39,-96.536,23.582848,20.849854,0.136461,231,10.276,429,201
61430/500000,232,113,-80.888,22.54961,21.060707,0.01592,232,103.946,756,156
61885/500000,233,455,-7.601,13.543882,14.796413,0.104717,233,289.858,1002,117
62196/500000,234,311,-26.578,14.703411,15.313005,0.149305,234,-60.852,142,160
62504/500000,235,308,-32.969,16.290134,16.45443,0.099113,235,71.369,534,184
62568/500000,236,64,-87.726,12.633273,14.520406,0.024538,236,-51.174,185,122
62629/500000,237,61,-93.487,16.724495,17.291382,0.016741,237,126.143,768,171
62762/500000,238,133,-79.043,15.724936,16.422821,0.072708,238,194.422,968,147
63081/500000,239,319,-14.866,15.225797,16.06373,0.094863,239,-61.478,203,115
63286/500000,240,205,-53.705,12.216741,14.267078,0.129886,240,18.334,421,115
63416/500000,241,130,-68.428,17.619421,17.600672,0.123441,241,-96.592,55,201
63562/500000,242,146,-72.047,17.059553,17.725666,0.095698,242,-94.637,64,186
63739/500000,243,177,-76.337,16.73378,17.500185,0.021886,243,305.642,1002,201
63847/500000,244,108,-88.146,20.172365,20.183817,0.060316,244,-63.535,161,155
63982/500000,245,135,-72.155,13.996157,15.902432,0.107975,245,305.127,1002,102
64078/500000,246,96,-84.929,11.011004,13.965884,0.055721,246,82.998,690,136
64582/500000,247,504,3.317,12.816513,14.698615,0.153024,247,360.963,1002,169
65146/500000,248,564,48.766,13.900987,15.719408,0.11685,248,-65.559,168,184
65686/500000,249,540,17.604,14.305583,16.295116,0.080154,249,92.413,700,201
66005/500000,250,319,-37.925,15.838292,18.169632,0.048219,250,63.526,579,201
66404/500000,251,399,-8.93,17.168558,19.088478,-0.005623,251,288.22,1002,201
67355/500000,252,951,138.263,15.900711,18.301632,0.035872,252,95.795,678,136
67403/500000,253,48,-96.64,15.766785,18.138342,0.154883,253,295.413,1002,100
67719/500000,254,316,-37.783,12.452667,16.060411,0.056694,254,-34.487,227,34
67766/500000,255,47,-96.813,6.566783,11.581702,0.170714,255,-45.568,242,143
68070/500000,256,304,-26.254,15.637217,18.506163,-0.006634,256,315.688,1002,193
68522/500000,257,452,1.48,14.635167,17.187792,0.072745,257,-84.601,142,201
68915/500000,258,393,-23.562,13.462873,16.50334,0.07139,258,284.47,1002,187
69512/500000,259,597,29.569,17.279499,19.657938,-0.043501,259,184.4,985,201
69684/500000,260,172,-57.775,11.613066,15.255914,0.094767,260,257.401,1002,201
69798/500000,261,114,-79.904,5.026817,10.280057,0.158583,261,102.743,751,116
70490/500000,262,692,61.834,14.162269,17.326206,0.040787,262,294.068,1002,138
70596/500000,263,106,-69.775,13.75353,16.712255,0.073879,263,111.425,819,21
70949/500000,264,353,2.437,12.712627,16.947519,0.058176,264,-1.616,387,201
71346/500000,265,397,32.829,15.06711,19.169056,0.085573,265,292.973,1002,201
71587/500000,266,241,-42.674,10.701242,15.908378,0.069676,266,273.761,1002,97
71717/500000,267,130,-75.873,13.351632,17.746078,0.044092,267,-83.07,117,201
71875/500000,268,158,-77.514,17.366755,20.826351,-0.070386,268,-56.452,135,169
72187/500000,269,312,-30.746,13.31204,17.481434,0.086697,269,149.414,881,201
72837/500000,270,650,36.79,16.066715,20.560619,-0.02344,270,132.359,749,123
72923/500000,271,86,-92.996,12.526512,18.741041,-0.133111,271,143.44,833,201
73162/500000,272,239,-45.518,11.096052,17.143351,0.032437,272,90.625,642,93
73420/500000,273,258,-40.084,9.821336,15.838855,0.093569,273,226.557,966,131
73753/500000,274,333,-21.656,12.513205,18.155273,0.032579,274,333.083,1002,201
73996/500000,275,243,-15.269,17.464659,22.476587,-0.058766,275,294.1,1002,201
74084/500000,276,88,-90.574,13.574578,19.385071,0.075704,276,283.986,1002,201
74252/500000,277,168,-73.803,14.897933,20.770304,-0.090492,277,164.62,886,201
74402/500000,278,150,-65.559,11.677909,17.687246,0.062596,278,106.248,717,184
74723/500000,279,321,-3.277,12.082606,18.255669,0.003806,279,125.595,738,145
75097/500000,280,374,-9.171,13.402177,18.687641,0.073976,280,320.638,1002,201
75398/500000,281,301,-6.521,14.574801,19.501673,0.042181,281,-56.521,213,189
75465/500000,282,67,-93.629,11.753711,18.237722,0.002986,282,122.082,690,168
76392/500000,283,927,163.943,12.555153,18.683043,0.064874,283,-93.23,82,103
76612/500000,284,220,-43.161,16.283611,22.129879,-0.095976,284,277.068,1002,201
76659/500000,285,47,-96.799,16.127861,21.789785,0.103264,285,-24.462,293,154
76833/500000,286,174,-69.537,12.390743,19.405119,0.024705,286,-3.198,340,144
76944/500000,287,111,-89.428,13.916097,20.349268,0.07073,287,308.479,1002,201
77351/500000,288,407,-2.556,13.271074,19.551722,0.100397,288,-82.254,157,104
77491/500000,289,140,-84.528,12.850039,20.217861,0.084618,289,-10.447,379,201
77699/500000,290,208,-29.33,17.548567,23.989084,-0.06503,290,-57.671,153,76
78522/500000,291,823,158.09,12.584297,20.410408,-0.001299,291,322.041,1002,198
78680/500000,292,158,-78.828,18.219055,25.048918,-0.101202,292,-32.187,261,127
79531/500000,293,851,137.105,13.070317,21.705477,0.012092,293,29.061,438,146
80282/500000,294,751,131.449,16.185635,24.712847,-0.064808,294,301.761,1002,102
80481/500000,295,199,-64.789,10.122128,21.575951,0.011177,295,334.706,1002,201
80624/500000,296,143,-51.843,13.737901,24.619877,-0.043705,296,161.863,905,97
80693/500000,297,69,-95.312,15.690961,25.669674,-0.039547,297,-82.165,133,201
81063/500000,298,370,-17.387,13.052481,23.060423,0.037825,298,71.913,639,201
81718/500000,299,655,59.447,13.081944,23.145161,0.026329,299,277.487,1002,27
81913/500000,300,195,-67.101,9.916064,20.606888,0.053559,300,65.097,519,155
82041/500000,301,128,-62.324,14.231288,22.546055,0.092832,301,39.923,545,91
82123/500000,302,82,-92.408,14.345006,22.44175,0.059086,302,329.301,1002,201
82356/500000,303,233,-39.828,15.556605,24.872242,-0.058995,303,24.276,391,201
82643/500000,304,287,-13.904,16.971361,24.923441,-0.072321,304,82.2,605,133
82820/500000,305,177,-54.302,8.878153,19.415384,0.095666,305,26.706,490,137
82901/500000,306,81,-93.142,16.589445,26.28754,-0.054065,306,154.936,959,185
82978/500000,307,77,-93.32,15.817495,25.291409,-0.00827,307,286.742,1002,201
83304/500000,308,326,8.344,13.414516,23.909693,-0.020774,308,124.051,772,123
83481/500000,309,177,-77.4,17.345901,26.908215,-0.053893,309,-78.005,114,200
83821/500000,310,340,32.333,12.998198,24.472651,-0.037449,310,254.731,1002,84
84010/500000,311,189,-46.675,12.651512,23.437492,0.082363,311,-27.538,289,44
84059/500000,312,49,-96.819,10.005848,20.726404,0.149449,312,287.938,1002,201
84224/500000,313,165,-45.911,12.24367,24.363449,0.019161,313,283.862,1002,16
84775/500000,314,551,93.047,13.800467,24.675196,0.010364,314,-95.803,61,193
85187/500000,315,412,-15.634,13.291587,24.668116,0.009993,315,284.994,1002,201
85488/500000,316,301,-22.311,10.763496,22.305109,0.082865,316,177.573,904,201
85910/500000,317,422,0.708,9.905507,21.194134,0.130317,317,-60.05,204,159
86106/500000,318,196,-47.641,13.997845,23.837717,0.057761,318,296.748,1002,201
86240/500000,319,134,-80.351,11.037386,23.905186,-0.040515,319,-60.826,156,140
86373/500000,320,133,-81.922,8.039597,22.178843,0.048396,320,29.698,489,121
86511/500000,321,138,-82.648,12.455641,22.915804,0.145908,321,63.36,561,199
86635/500000,322,124,-87.277,11.510627,24.278048,0.028773,322,304.128,1002,135
87623/500000,323,988,134.537,15.809306,27.431999,-0.019699,323,-96.076,50,133
88037/500000,324,414,7.022,11.278745,24.30579,-0.000069,324,41.721,476,110
88083/500000,325,46,-97.014,10.735304,21.370724,0.18673,325,-41.232,259,201
88740/500000,326,657,61.069,13.361054,25.002319,0.022652,326,-71.898,177,67
88984/500000,327,244,-53.151,14.401881,26.351019,-0.025557,327,175.717,846,159
89452/500000,328,468,43.537,12.6015,25.176434,0.011586,328,-71.204,145,129
90063/500000,329,611,52.819,12.286035,24.838696,0.016285,329,29.995,404,201
90595/500000,330,532,23.013,15.045518,27.637354,0.014306,330,182.663,942,201
90764/500000,331,169,-61.189,11.046562,25.876999,0.079191,331,280.295,1002,129
90836/500000,332,72,-94.572,15.630276,26.711531,0.188973,332,247.571,968,201
91111/500000,333,275,0.014,12.943258,26.279295,0.053279,333,285.734,1002,201
91157/500000,334,46,-96.765,28.324675,38.863258,-0.135737,334,31.595,515,201
91298/500000,335,141,-68.861,18.346804,31.582668,-0.079126,335,-41.061,195,120
91395/500000,336,97,-92.447,5.842122,21.693289,0.104756,336,138.718,697,97
91873/500000,337,478,5.873,10.830313,25.148903,0.069562,337,111.93,743,156
91972/500000,338,99,-89.005,13.183681,26.208836,0.084074,338,83.007,603,201
92066/500000,339,94,-91.06,13.360857,26.995497,0.046835,339,129.357,797,201
92232/500000,340,166,-76.404,15.246564,29.65556,-0.028427,340,67.589,649,118
92364/500000,341,132,-83.625,13.167621,28.199537,-0.020702,341,78.303,654,139
92557/500000,342,193,-65.525,12.347365,29.097809,-0.027716,342,71.297,569,141
92597/500000,343,40,-96.555,18.976969,35.109734,-0.143898,343,-25.99,299,120
93177/500000,344,580,44.297,13.201509,28.207167,-0.010101,344,286.358,1002,146
93728/500000,345,551,30.51,13.014182,27.770605,0.024822,345,308.438,1002,201
93879/500000,346,151,-63.26,10.499983,26.266863,0.066059,346,276.628,1002,201
93978/500000,347,99,-85.445,9.713226,25.448629,0.042885,347,189.457,973,100
94017/500000,348,39,-96.427,9.180288,24.129591,0.246765,348,39.003,539,201
94117/500000,349,100,-88.829,18.782583,31.19681,0.040367,349,93.301,691,152
94207/500000,350,90,-78.537,9.959527,25.692644,0.024475,350,306.451,1002,109
94360/500000,351,153,-79.991,11.457859,27.791447,-0.065592,351,89.768,615,162
95163/500000,352,803,158.436,14.049301,28.308535,0.023444,352,-55.868,221,127
95472/500000,353,309,5.534,15.254936,29.553291,0.021572,353,-0.816,325,162
96073/500000,354,601,24.136,15.025238,30.868624,-0.029365,354,52.576,537,143
96820/500000,355,747,77.203,14.435262,30.597254,-0.056351,355,347.734,1002,108
97012/500000,356,192,-46.188,14.460922,30.350159,-0.062606,356,76.026,691,127
97467/500000,357,455,12.723,12.493664,28.374714,0.019159,357,120.33,806,197
97515/500000,358,48,-96.711,15.142018,31.370178,-0.025254,358,60.094,492,173
97622/500000,359,107,-89.882,10.565492,28.668867,-0.090484,359,327.555,1002,120
97658/500000,360,36,-97.244,24.17181,38.728046,-0.176939,360,-47.911,222,131
97986/500000,361,328,-23.353,10.556232,26.708548,0.031789,361,323.563,1002,146
98411/500000,362,425,-5.061,13.723357,28.723696,-0.003424,362,71.505,562,111
98747/500000,363,336,-25.347,13.724463,28.939541,-0.019541,363,-55.414,171,201
98828/500000,364,81,-90.437,11.379282,25.931307,0.166695,364,-51.499,235,114
98919/500000,365,91,-92.805,9.285526,29.398008,-0.17536,365,3.186,359,127
99000/500000,366,81,-94.255,21.444046,34.478855,-0.05667,366,21.144,404,140
99231/500000,367,231,-36.897,14.208821,30.446682,-0.101065,367,266.906,1002,201
99553/500000,368,322,-20.503,12.785654,29.772886,-0.029408,368,177.29,974,201
99628/500000,369,75,-94.712,16.803295,33.619141,-0.10452,369,-75.385,140,104
99906/500000,370,278,-28.076,10.098973,28.251387,-0.012705,370,262.974,1002,146
100017/500000,371,111,-89.14,18.771833,33.426388,0.020006,371,-82.173,109,201
100117/500000,372,100,-91.378,12.872035,33.709152,-0.258715,372,301.162,1002,178
100360/500000,373,243,-55.514,14.129328,35.235523,-0.289397,373,286.121,1002,122
100889/500000,374,529,45.271,9.181315,30.348375,-0.121686,374,272.961,1002,97
101121/500000,375,232,-55.374,15.859303,33.764114,-0.222703,375,-79.549,119,201
101456/500000,376,335,-26.322,12.465737,33.065659,-0.258896,376,282.973,1002,201
101629/500000,377,173,-70.475,11.341225,33.30257,-0.223867,377,69.926,474,156
102257/500000,378,628,66.995,12.412747,32.532211,-0.176595,378,-65.618,130,133
102332/500000,379,75,-94.585,11.982031,33.529324,-0.233993,379,-54.005,197,116
102660/500000,380,328,-20.612,13.873071,36.535503,-0.266573,380,-82.709,141,96
103378/500000,381,718,120.911,10.657965,31.946825,-0.160153,381,98.983,680,167
103799/500000,382,421,19.025,12.96582,34.548714,-0.211411,382,310.628,1002,165
104516/500000,383,717,76.979,12.53687,34.961853,-0.247416,383,26.858,402,194
104708/500000,384,192,-61.178,12.017593,34.078487,-0.157942,384,-77.198,137,201
105324/500000,385,616,60.672,12.140965,33.768867,-0.174093,385,293.268,1002,54
105381/500000,386,57,-95.993,15.282324,35.931404,-0.144256,386,279.18,1002,201
105448/500000,387,67,-95.155,9.383753,33.156425,-0.24702,387,55.912,548,196
105500/500000,388,52,-96.562,9.101757,30.82761,-0.200753,388,194.459,899,43
105697/500000,389,197,-53.72,14.100742,38.672539,-0.360713,389,-96.344,57,121
106255/500000,390,558,109.421,12.510853,35.767956,-0.241062,390,139.619,752,94
107057/500000,391,802,74.398,9.880352,33.815903,-0.205181,391,353.61,1002,201
108016/500000,392,959,212.674,11.877788,35.765797,-0.199393,392,16.662,350,142
108575/500000,393,559,64.37,11.544229,36.322453,-0.2297,393,-38.531,195,110
108702/500000,394,127,-83.122,6.050145,33.292606,-0.24915,394,110.333,686,34
108826/500000,395,124,-87.261,12.613101,38.207329,-0.29087,395,294.671,1002,179
108902/500000,396,76,-94.409,12.420741,34.791126,-0.164043,396,184.189,955,201
109268/500000,397,366,-4.38,9.745077,35.205162,-0.227188,397,224.511,988,46
109689/500000,398,421,55.854,14.449868,38.314159,-0.26256,398,147.574,770,32
109783/500000,399,94,-77.405,4.229362,29.883259,-0.204872,399,-51.12,187,201
109890/500000,400,107,-91.244,14.536621,39.095425,-0.288983,400,287.013,1002,201
110226/500000,401,336,5.759,12.396984,40.013714,-0.372837,401,296.633,1002,169
110270/500000,402,44,-97.067,8.638901,31.168083,-0.012368,402,171.176,974,98
111272/500000,403,1002,288.001,13.209156,41.577518,-0.278698,403,331.502,1002,152
111316/500000,404,44,-97.326,8.764602,37.394115,-0.167346,404,191.094,887,48
111381/500000,405,65,-95.042,12.255288,40.104626,-0.095237,405,175.906,872,143
111541/500000,406,160,-23.33,12.359993,40.260597,-0.241815,406,-51.166,228,72
111769/500000,407,228,-60.113,10.394608,36.982677,-0.110659,407,-60.341,179,201
112487/500000,408,718,134.492,11.521201,39.888847,-0.219506,408,-61.337,174,109
112844/500000,409,357,4.84,14.015808,41.353577,-0.308699,409,147.888,626,127
112913/500000,410,69,-95.49,11.764593,41.359646,-0.358219,410,132.063,802,141
113490/500000,411,577,24.349,9.893482,36.876667,-0.128406,411,34.957,513,184
113679/500000,412,189,-46.646,11.210023,38.119518,-0.151046,412,151.248,862,127
113930/500000,413,251,-12.433,8.295756,34.900284,-0.059393,413,276.415,1002,173
114155/500000,414,225,-48.882,11.365381,38.477726,-0.142397,414,-47.446,223,201
114359/500000,415,204,-58.861,10.990201,40.317978,-0.292452,415,271.999,1002,164
114631/500000,416,272,-18.688,10.415048,36.110409,-0.086945,416,26.492,449,130
114843/500000,417,212,-37.325,10.00696,35.768841,-0.112172,417,68.535,558,79
114938/500000,418,95,-92.078,12.664827,38.734753,-0.097106,418,-95.194,66,111
115046/500000,419,108,-89.579,9.595082,35.8624,-0.117561,419,267.445,1002,127
115242/500000,420,196,-70.244,11.138517,40.25938,-0.225079,420,55.458,547,177
115780/500000,421,538,43.893,8.928828,36.804195,-0.139708,421,-95.87,55,197
116058/500000,422,278,-35.566,9.062678,36.411007,-0.058431,422,298.112,1002,87
116594/500000,423,536,46.777,10.696282,37.889511,-0.152809,423,106.073,788,173
116987/500000,424,393,-16.149,13.484146,41.987526,-0.287127,424,324.962,1002,169
117373/500000,425,386,7.823,10.843598,37.651562,-0.217648,425,293.363,1002,173
117472/500000,426,99,-90.538,13.179894,38.238708,-0.18642,426,292.972,1002,201
117545/500000,427,73,-94.959,8.975593,36.05257,-0.152012,427,2.01,312,160
117655/500000,428,110,-89.858,9.751417,35.559711,-0.108289,428,274.622,1002,201
117911/500000,429,256,-36.599,11.022563,36.491623,-0.114136,429,308.612,1002,201
118179/500000,430,268,-31.64,13.064151,39.245953,-0.200883,430,278.176,1002,109
118666/500000,431,487,15.447,12.993942,39.676544,-0.233583,431,11.752,374,199
119238/500000,432,572,19.261,10.109757,38.384686,-0.222098,432,31.287,425,149
119579/500000,433,341,-15.764,12.859721,40.983646,-0.228204,433,262.935,1002,25
119960/500000,434,381,-23.635,9.813473,37.14119,-0.153937,434,-35.052,242,201
120510/500000,435,550,42.499,10.922603,40.097279,-0.087859,435,-40.1,233,201
120624/500000,436,114,-89.583,8.995185,40.280155,-0.048635,436,136.966,716,153
120962/500000,437,338,-33.094,10.808853,41.657555,-0.134022,437,86.154,606,175
121025/500000,438,63,-95.753,8.790404,41.798481,-0.25799,438,-40.42,203,83
121262/500000,439,237,-48.684,14.040087,42.160305,-0.046398,439,-93.697,79,193
121478/500000,440,216,-57.767,10.410565,41.295265,-0.067684,440,188.735,970,201
121946/500000,441,468,43.099,9.629834,39.272354,-0.080022,441,-93.322,82,147
122483/500000,442,537,16.581,11.213801,39.119572,-0.038128,442,296.583,1002,123
122528/500000,443,45,-96.93,19.118965,45.622517,-0.15841,443,57.15,569,110
123530/500000,444,1002,310.094,11.992044,42.624702,-0.12837,444,376.788,1002,105
123583/500000,445,53,-96.259,18.376175,50.668285,-0.177127,445,312.871,1002,98
124184/500000,446,601,81.902,11.484888,42.416389,-0.156851,446,110.046,755,140
124473/500000,447,289,-40.39,13.279083,43.761448,-0.190283,447,158.325,762,165
124819/500000,448,346,2.539,8.341503,38.599377,-0.017155,448,-7.619,307,62
125113/500000,449,294,-15.706,11.698541,42.69075,-0.043477,449,283.591,1002,156
125295/500000,450,182,-65.775,12.941653,46.666348,-0.187638,450,-91.42,88,201
125376/500000,451,81,-93.776,12.833335,45.960854,-0.151852,451,143.51,730,21
125754/500000,452,378,8.281,9.810791,39.375427,-0.008411,452,-45.171,187,188
125851/500000,453,97,-92.163,13.571186,43.485069,-0.120008,453,175.507,1000,104
126370/500000,454,519,34.784,12.218672,43.932129,-0.145221,454,303.314,1002,151
126689/500000,455,319,24.302,10.956435,42.183342,-0.046692,455,203.203,994,122
126767/500000,456,78,-94.608,9.53354,37.874416,0.086401,456,-16.369,341,129
127554/500000,457,787,107.54,12.428357,43.697617,-0.113129,457,290.257,1002,201
127838/500000,458,284,-36.404,8.280987,37.680706,0.0119,458,24.691,469,201
128248/500000,459,410,-5.889,9.30303,40.561058,-0.006294,459,148.88,965,148
128401/500000,460,153,-59.198,9.020122,40.146324,-0.023421,460,-44.895,152,201
128568/500000,461,167,-63.167,8.889065,37.184776,0.089365,461,-66.068,163,201
129505/500000,462,937,167.322,10.843099,41.722294,-0.056445,462,299.614,1002,124
129823/500000,463,318,-27.796,8.138568,39.439404,0.015972,463,-39.258,220,199
129961/500000,464,138,-70.872,11.532547,44.770977,-0.170175,464,171.391,850,102
130159/500000,465,198,-50.774,4.741385,36.062969,0.099256,465,318.46,1002,132
130341/500000,466,182,-76.172,7.836142,39.497097,0.176812,466,18.234,351,23
130414/500000,467,73,-94.788,5.712847,35.090199,0.23705,467,-60.082,193,123
130648/500000,468,234,-45.791,13.305228,45.816048,-0.106735,468,277.568,1002,161
130695/500000,469,47,-96.741,6.651716,37.318859,0.234503,469,-73.324,117,115
130985/500000,470,290,-18.654,9.422949,41.858734,0.086686,470,276.229,1002,94
131359/500000,471,374,0.458,11.62361,45.548431,-0.091875,471,308.62,1002,201
131962/500000,472,603,96.44,10.440313,42.566559,0.01348,472,282.492,1002,201
132460/500000,473,498,60.505,8.185075,40.965424,0.05383,473,-11.427,336,186
132560/500000,474,100,-91.776,13.223845,47.025387,-0.09512,474,191.519,962,201
132757/500000,475,197,-47.775,4.322591,39.162952,0.169605,475,-96.719,45,201
132858/500000,476,101,-90.568,9.420984,43.69281,0.06361,476,148.42,951,109
132923/500000,477,65,-95.451,14.534242,48.816227,-0.0828,477,292.841,1002,123
133196/500000,478,273,-39.764,9.850966,46.474773,-0.099113,478,-54.782,181,137
133806/500000,479,610,79.149,8.867476,43.501717,0.019687,479,286.281,1002,140
134112/500000,480,306,-21.894,10.480725,43.87566,0.001123,480,301.671,1002,201
134815/500000,481,703,144.752,9.190742,43.78286,-0.016022,481,275.619,1002,138
135556/500000,482,741,153.359,9.050016,43.787781,-0.041252,482,-96.289,56,147
136053/500000,483,497,79.275,7.440128,41.122627,0.076984,483,269.443,1002,201
136737/500000,484,684,55.963,9.580445,41.598595,0.062089,484,81.05,649,147
137081/500000,485,344,5.666,12.744106,46.756073,-0.10593,485,155.585,923,57
137134/500000,486,53,-96.226,8.456401,46.009739,-0.183102,486,-4.265,318,181
137173/500000,487,39,-96.901,7.472134,40.135609,0.12868,487,-38.836,218,22
138175/500000,488,1002,285.155,9.668127,41.548637,0.066162,488,-7.866,352,201
138383/500000,489,208,-56.552,12.292321,44.881527,0.040203,489,122.05,698,201
138424/500000,490,41,-96.96,6.729083,41.836418,-0.061109,490,259.316,1002,170
138882/500000,491,458,39.519,11.755814,46.473064,-0.073275,491,-42.994,257,119
139391/500000,492,509,7.765,9.035015,41.663231,0.138207,492,48.969,538,176
139714/500000,493,323,-36.547,9.732094,41.691067,0.117589,493,-20.179,314,160
140548/500000,494,834,169.067,9.116097,43.288177,0.149294,494,183.996,988,121
141189/500000,495,641,63.218,10.610278,42.339973,0.287462,495,127.392,649,200
141446/500000,496,257,-56.381,5.875836,37.664295,0.448764,496,307.998,1002,113
142063/500000,497,617,103.185,10.607014,41.434395,0.30332,497,32.806,523,201
142252/500000,498,189,-62.995,8.649651,40.868641,0.372852,498,280.578,1002,201
142316/500000,499,64,-95.442,14.746298,53.249619,-0.09596,499,258.278,1002,148
142697/500000,500,381,-16.97,10.686519,41.473705,0.419314,500,61.776,527,106
143321/500000,501,624,45.558,7.671974,38.47551,0.478623,,,,
143423/500000,502,102,-84.93,15.566745,48.97451,0.104098,,,,
144139/500000,503,716,112.585,7.705056,40.252525,0.425382,,,,
144584/500000,504,445,1.396,10.442764,43.489632,0.325416,,,,
145078/500000,505,494,35.059,10.928061,44.608936,0.356166,,,,
145230/500000,506,152,-65.618,9.831346,42.10305,0.360433,,,,
145273/500000,507,43,-96.855,22.798565,55.108284,0.268354,,,,
145564/500000,508,291,-46.829,6.528135,38.699287,0.522766,,,,
145701/500000,509,137,-76.358,10.500275,44.620686,0.267708,,,,
145800/500000,510,99,-91.035,11.460173,45.583046,0.371329,,,,
146562/500000,511,762,94.554,7.386919,40.936699,0.390669,,,,
147137/500000,512,575,68.067,8.593733,42.459579,0.456792,,,,
147193/500000,513,56,-95.902,12.930894,46.962017,0.122164,,,,
147247/500000,514,54,-95.981,16.990902,47.139164,0.264621,,,,
147416/500000,515,169,-72.845,10.146314,46.154972,0.237468,,,,
147506/500000,516,90,-90.135,7.173975,43.327469,0.250561,,,,
148168/500000,517,662,50.93,9.699559,42.554558,0.403976,,,,
148395/500000,518,227,-58.789,7.580884,39.385403,0.586191,,,,
148615/500000,519,220,-47.51,9.103396,44.504452,0.334818,,,,
148713/500000,520,98,-91.084,13.097812,45.746529,0.379106,,,,
149322/500000,521,609,74.245,7.508045,39.779408,0.468347,,,,
149753/500000,522,431,16.251,7.398774,38.986145,0.577722,,,,
150080/500000,523,327,-17.25,7.094964,39.230999,0.63943,,,,
150397/500000,524,317,21.74,10.094572,39.771183,0.736183,,,,
150686/500000,525,289,-24.126,10.05839,44.070503,0.623761,,,,
151099/500000,526,413,-5.517,9.932908,41.880222,0.697164,,,,
151401/500000,527,302,-35.251,7.941094,38.049183,0.90347,,,,
152403/500000,528,1002,295.885,10.291724,44.946301,0.621889,,,,
152612/500000,529,209,-51.203,6.831981,41.84515,0.754127,,,,
153614/500000,530,1002,254.723,8.066663,42.109066,0.701046,,,,
153822/500000,531,208,-18.934,9.229746,43.40823,0.65155,,,,
153903/500000,532,81,-93.056,5.820243,41.407051,0.802781,,,,
154409/500000,533,506,40.872,7.612134,40.453003,0.791763,,,,
154975/500000,534,566,48.871,8.04222,39.452709,0.825899,,,,
155635/500000,535,660,89.935,6.840094,39.943146,0.757263,,,,
155710/500000,536,75,-93.548,13.780376,40.770004,0.917141,,,,
155838/500000,537,128,-87.488,5.542149,38.405731,0.79545,,,,
155975/500000,538,137,-63.692,5.919057,37.507271,0.833512,,,,
156187/500000,539,212,-51.557,8.018198,41.774971,0.684016,,,,
156541/500000,540,354,22.609,8.715237,40.273357,0.846499,,,,
156818/500000,541,277,-21.322,8.3077,40.293186,0.891839,,,,
156922/500000,542,104,-88.401,8.225468,41.414131,0.790255,,,,
157582/500000,543,660,78.378,7.201854,38.7962,0.937538,,,,
157684/500000,544,102,-90.484,8.818046,38.249355,0.955898,,,,
157904/500000,545,220,-54.603,8.970519,42.80032,0.719033,,,,
158102/500000,546,198,-44.176,7.386125,41.924992,0.864034,,,,
158244/500000,547,142,-63.413,5.511358,37.394062,1.007949,,,,
158655/500000,548,411,26.36,9.220379,44.710953,0.684855,,,,
158888/500000,549,233,-30.522,6.789152,40.062153,0.891633,,,,
158974/500000,550,86,-93.281,14.788287,45.025173,0.775981,,,,
159362/500000,551,388,2.823,10.29473,43.206432,0.80097,,,,
159532/500000,552,170,-79.422,8.581636,44.454304,0.749448,,,,
160252/500000,553,720,70.311,8.605417,40.654682,0.907689,,,,
161254/500000,554,1002,283.726,7.521172,41.355919,1.023665,,,,
161583/500000,555,329,-11.42,7.977158,43.195801,0.982135,,,,
161677/500000,556,94,-92.089,4.856708,35.570686,1.214888,,,,
162251/500000,557,574,50.39,7.193005,41.57896,1.008647,,,,
162544/500000,558,293,-22.978,10.093748,42.655186,0.961136,,,,
162697/500000,559,153,-63.643,4.43873,38.459164,1.147234,,,,
163699/500000,560,1002,300.546,9.631361,41.189495,1.070477,,,,
163996/500000,561,297,-50.602,12.889866,45.923744,0.885063,,,,
164227/500000,562,231,-29.47,7.989349,43.055447,0.978791,,,,
164550/500000,563,323,-1.284,8.138726,44.006416,1.042363,,,,
165248/500000,564,698,81.25,8.744733,42.040085,1.034511,,,,
165742/500000,565,494,16.131,7.120318,38.827736,1.188094,,,,
166576/500000,566,834,161.017,7.664821,41.292641,1.092107,,,,
166657/500000,567,81,-94.564,12.149024,45.607574,1.03601,,,,
166754/500000,568,97,-92.264,11.828692,44.806767,0.96057,,,,
167184/500000,569,430,18.28,11.018275,46.523575,0.932749,,,,
167399/500000,570,215,-42.341,8.753263,42.340645,1.074146,,,,
167965/500000,571,566,87.82,5.530772,38.143944,1.191728,,,,
168604/500000,572,639,112.565,6.805027,38.444035,1.219992,,,,
168672/500000,573,68,-95.394,4.023772,31.615644,1.454689,,,,
169674/500000,574,1002,353.664,6.867975,40.218285,1.160527,,,,
169849/500000,575,175,-55.14,7.671998,40.977367,1.207552,,,,
169965/500000,576,116,-89.297,7.323221,39.005981,1.258402,,,,
170061/500000,577,96,-91.42,5.91643,40.743134,1.215353,,,,
170259/500000,578,198,-54.286,9.734711,43.448196,1.228502,,,,
171034/500000,579,775,97.46,8.89958,42.718502,1.328345,,,,
171207/500000,580,173,-63.849,6.767059,42.306274,1.314851,,,,
171329/500000,581,122,-74.506,13.477962,49.500515,1.118982,,,,
171595/500000,582,266,-24.975,11.106838,45.149002,1.201513,,,,
172597/500000,583,1002,272.365,8.919711,41.738293,1.36545,,,,
173259/500000,584,662,104.71,9.434125,42.986778,1.374806,,,,
173369/500000,585,110,-88.419,9.969983,42.82835,1.364345,,,,
173677/500000,586,308,-23.939,6.064174,38.310047,1.539535,,,,
173833/500000,587,156,-66.568,6.446648,36.778973,1.654753,,,,
174505/500000,588,672,107.065,8.189821,41.771809,1.457509,,,,
174723/500000,589,218,-59.437,9.490074,44.455696,1.345618,,,,
175725/500000,590,1002,256.142,9.300644,40.636517,1.492928,,,,
175926/500000,591,201,-34.204,7.56652,40.212582,1.420767,,,,
176066/500000,592,140,-65.029,12.620947,43.654034,1.483597,,,,
176168/500000,593,102,-86.198,10.371419,45.207336,1.178251,,,,
176650/500000,594,482,11.542,6.865859,39.054714,1.546547,,,,
176774/500000,595,124,-75.482,10.331091,46.42054,1.253367,,,,
176961/500000,596,187,-58.832,6.224005,42.797729,1.351224,,,,
177359/500000,597,398,4.431,10.62431,45.124508,1.372769,,,,
177636/500000,598,277,-47.751,8.634437,43.051319,1.43525,,,,
178026/500000,599,390,21.887,10.368828,42.615784,1.417202,,,,
178914/500000,600,888,149.353,8.725419,42.149666,1.4508,,,,
179754/500000,601,840,113.272,8.467908,41.288822,1.471416,,,,
180082/500000,602,328,-32.126,8.7998,43.795452,1.472232,,,,
180779/500000,603,697,80.35,6.539066,39.912464,1.703557,,,,
180930/500000,604,151,-67.168,7.004034,39.839554,1.761105,,,,
181581/500000,605,651,92.683,8.655242,41.611961,1.684615,,,,
182149/500000,606,568,67.55,7.03539,40.347439,1.72836,,,,
183072/500000,607,923,173.712,8.168459,40.09193,1.763324,,,,
183880/500000,608,808,165.296,7.518806,41.233528,1.737938,,,,
183936/500000,609,56,-96.121,8.267108,39.057751,1.85108,,,,
184292/500000,610,356,-5.737,8.604394,37.376011,1.885335,,,,
185013/500000,611,721,78.031,8.543478,41.148441,1.7535,,,,
185775/500000,612,762,97.453,7.560763,39.300972,1.847317,,,,
186063/500000,613,288,-25.844,4.660819,36.60931,1.917867,,,,
186341/500000,614,278,-42.577,5.915415,37.652634,1.932176,,,,
186592/500000,615,251,-53.375,6.120466,38.56797,1.932001,,,,
187533/500000,616,941,192.438,7.896698,38.77977,1.901139,,,,
187892/500000,617,359,-0.816,4.981424,37.585739,1.957622,,,,
188012/500000,618,120,-85.166,6.922905,42.756828,1.794999,,,,
188385/500000,619,373,-25.443,8.122386,42.682915,1.733963,,,,
188801/500000,620,416,15.027,7.386488,41.893494,1.851302,,,,
189511/500000,621,710,82.808,9.70525,43.440327,1.74754,,,,
189651/500000,622,140,-73.969,7.45848,43.579086,1.769211,,,,
190015/500000,623,364,-1.271,8.612974,44.097569,1.729388,,,,
190970/500000,624,955,155.664,6.360757,44.917763,1.685621,,,,
191139/500000,625,169,-70.898,8.424232,42.54361,1.81462,,,,
191879/500000,626,740,108.806,9.560258,46.53183,1.631379,,,,
192420/500000,627,541,37.464,7.060734,45.39455,1.663211,,,,
193422/500000,628,1002,304.212,7.216922,46.030869,1.633515,,,,
193735/500000,629,313,-24.176,5.375238,41.433052,1.827951,,,,
194309/500000,630,574,33.271,8.888721,47.258583,1.614104,,,,
194381/500000,631,72,-95.322,7.583406,41.133865,1.855916,,,,
194456/500000,632,75,-95.143,11.395166,50.359074,1.601938,,,,
194546/500000,633,90,-92.539,4.404875,44.665325,1.637401,,,,
194895/500000,634,349,-7.156,6.424145,48.684879,1.52744,,,,
195036/500000,635,141,-72.961,5.081958,43.13942,1.782194,,,,
195318/500000,636,282,-41.605,6.84692,46.005123,1.699263,,,,
195744/500000,637,426,51.299,6.286097,45.422741,1.720522,,,,
196297/500000,638,553,36.623,8.930655,48.323559,1.681825,,,,
196400/500000,639,103,-89.718,9.847465,47.515923,1.746676,,,,
196466/500000,640,66,-95.554,6.400657,49.373955,1.502398,,,,
197296/500000,641,830,141.784,7.394252,45.786739,1.745862,,,,
198015/500000,642,719,88.945,8.384016,47.780174,1.64852,,,,
198541/500000,643,526,56.016,8.147897,46.475502,1.743186,,,,
198669/500000,644,128,-67.109,8.151253,56.126404,1.381851,,,,
199455/500000,645,786,183.017,8.963025,47.675552,1.733176,,,,
199698/500000,646,243,-54.527,10.458366,52.082321,1.558532,,,,
200053/500000,647,355,0.039,6.562139,46.525021,1.726807,,,,
200635/500000,648,582,58.617,6.90481,49.895866,1.73458,,,,
201100/500000,649,465,0.631,9.099918,52.212765,1.729543,,,,
201387/500000,650,287,-37.919,7.238263,49.693783,1.79982,,,,
201548/500000,651,161,-57.675,7.10226,49.995476,1.831886,,,,
201602/500000,652,54,-96.155,9.853102,59.216309,1.662875,,,,
201845/500000,653,243,-36.241,8.187809,51.826748,1.727328,,,,
202606/500000,654,761,96.175,7.778764,48.785351,1.821945,,,,
203004/500000,655,398,1.246,6.093174,48.250759,1.881178,,,,
203176/500000,656,172,-55.054,10.151381,49.36084,1.845993,,,,
203874/500000,657,698,170.407,6.334001,49.682842,1.83877,,,,
204761/500000,658,887,174.674,7.659084,49.929115,1.851136,,,,
205616/500000,659,855,122.484,9.915376,49.681671,1.892423,,,,
205821/500000,660,205,-43.313,7.033821,47.191841,1.976567,,,,
205855/500000,661,34,-96.532,11.79077,45.531395,2.212332,,,,
205936/500000,662,81,-93.599,1.036798,44.310009,1.920765,,,,
206938/500000,663,1002,293.804,7.531956,48.467403,1.915749,,,,
207047/500000,664,109,-89.981,7.635405,48.763649,1.890965,,,,
207235/500000,665,188,-45.533,12.413354,54.525639,1.777473,,,,
207817/500000,666,582,80.585,8.282331,51.382771,1.851784,,,,
207922/500000,667,105,-90.247,6.042382,49.796577,1.765462,,,,
208623/500000,668,701,129.391,6.967968,49.222271,1.906808,,,,
209037/500000,669,414,69.733,5.596878,49.152172,1.891748,,,,
209872/500000,670,835,112.414,8.054532,52.808018,1.799709,,,,
210612/500000,671,740,135.871,7.279195,53.599442,1.948449,,,,
211242/500000,672,630,50.987,6.311555,56.288269,1.913427,,,,
211397/500000,673,155,-80.354,11.270617,55.684967,2.044752,,,,
211685/500000,674,288,-36.378,5.045437,54.859577,1.978577,,,,
212067/500000,675,382,53.359,6.610571,56.935665,1.955789,,,,
212785/500000,676,718,114.195,5.595941,57.593052,1.843867,,,,
213107/500000,677,322,-15.855,9.836919,54.615925,2.016429,,,,
214109/500000,678,1002,313.132,7.065972,56.067413,1.955438,,,,
214260/500000,679,151,-79.656,7.846282,54.053497,2.03938,,,,
214866/500000,680,606,51.159,7.318315,57.879932,1.910218,,,,
214961/500000,681,95,-91.634,8.546588,57.131641,1.916549,,,,
215042/500000,682,81,-94.231,2.443647,58.420017,1.937695,,,,
215629/500000,683,587,45.768,5.967038,59.937786,1.814801,,,,
215745/500000,684,116,-84.288,9.289778,63.057423,1.762257,,,,
216070/500000,685,325,-40.79,9.994621,64.965347,1.633756,,,,
216444/500000,686,374,-9.932,5.050601,56.221222,1.985324,,,,
216858/500000,687,414,36.362,6.471374,57.919788,1.919137,,,,
217177/500000,688,319,-18.135,6.945531,58.804909,1.918122,,,,
217473/500000,689,296,-28.761,7.342588,62.659271,1.692997,,,,
217691/500000,690,218,-44.107,8.822646,63.900723,1.72694,,,,
218525/500000,691,834,161.349,7.830324,60.625446,1.825187,,,,
218910/500000,692,385,3.114,7.899201,60.136364,1.899089,,,,
218994/500000,693,84,-93.432,11.620014,61.030865,1.996152,,,,
219578/500000,694,584,73.701,7.815709,62.316414,1.790197,,,,
219757/500000,695,179,-76.117,8.733269,60.241718,1.896389,,,,
219958/500000,696,201,-37.12,6.187494,58.369499,1.90182,,,,
220066/500000,697,108,-86.174,5.155557,54.202984,2.098671,,,,
220547/500000,698,481,6.427,5.661437,58.454556,2.105313,,,,
220727/500000,699,180,-26.086,5.194765,56.830631,2.146634,,,,
221518/500000,700,791,125.759,6.389508,60.533978,1.999523,,,,
222268/500000,701,750,89.985,8.274838,61.601219,1.973699,,,,
222772/500000,702,504,71.898,8.40716,62.054134,1.970158,,,,
222956/500000,703,184,-40.705,7.078629,62.482544,1.942968,,,,
223395/500000,704,439,18.146,8.845902,62.298073,2.031902,,,,
223513/500000,705,118,-87.656,15.143332,67.650093,1.85,,,,
224395/500000,706,882,187.317,8.436627,62.11739,2.023281,,,,
224561/500000,707,166,-59.643,12.079802,64.370338,1.940194,,,,
224857/500000,708,296,-35.578,7.235994,57.192944,2.15,,,,
225462/500000,709,605,46.809,8.671069,62.553459,1.978272,,,,
226141/500000,710,679,63.472,5.765997,59.734032,2.088682,,,,
226191/500000,711,50,-96.504,14.258463,67.67067,1.969555,,,,
226907/500000,712,716,78.827,7.774956,61.628807,2.085339,,,,
226952/500000,713,45,-96.798,17.793446,79.957062,1.312768,,,,
227124/500000,714,172,-40.531,5.203699,66.44912,1.907642,,,,
227359/500000,715,235,-53.865,7.774546,63.48587,1.986696,,,,
227442/500000,716,83,-93.719,6.045735,66.946129,1.732711,,,,
227939/500000,717,497,25.603,9.807961,68.901398,1.816424,,,,
228691/500000,718,752,113.944,6.747583,63.959606,1.978127,,,,
229693/500000,719,1002,261.811,7.44038,64.698479,1.924399,,,,
229857/500000,720,164,-67.178,10.101286,66.326523,1.913296,,,,
229923/500000,721,66,-94.932,1.54638,61.65237,1.976508,,,,
230083/500000,722,160,-70.943,8.279333,70.862686,1.832197,,,,
230908/500000,723,825,163.734,6.640594,62.718723,2.246417,,,,
231091/500000,724,183,-57.885,9.918032,65.567451,2.229366,,,,
231690/500000,725,599,112.826,9.165495,72.302956,2.000815,,,,
231793/500000,726,103,-90.046,4.724451,66.441589,2.084913,,,,
231904/500000,727,111,-88.731,5.291964,66.476326,2.202259,,,,
232487/500000,728,583,49.215,6.005358,64.619156,2.235551,,,,
232826/500000,729,339,-17.533,9.097926,70.670868,2.054435,,,,
232886/500000,730,60,-95.928,11.845475,69.95327,1.971188,,,,
233032/500000,731,146,-68.896,7.42903,69.710312,2.10247,,,,
233320/500000,732,288,-33.045,11.47298,69.160347,2.071681,,,,
233753/500000,733,433,16.19,6.876468,69.599129,2.049352,,,,
233906/500000,734,153,-74.866,6.99513,70.602058,1.950141,,,,
234345/500000,735,439,44.921,5.666548,68.597557,2.082871,,,,
234605/500000,736,260,-47.63,6.563468,64.100449,2.246188,,,,
235504/500000,737,899,164.258,8.046582,65.771461,2.215472,,,,
235683/500000,738,179,-62.075,3.249127,61.168163,2.284543,,,,
235993/500000,739,310,6.856,5.76486,73.246323,1.993694,,,,
236376/500000,740,383,2.028,7.930237,68.618935,2.143827,,,,
236829/500000,741,453,-0.547,9.253292,69.330811,2.124224,,,,
237246/500000,742,417,36.565,11.006495,77.14933,1.880341,,,,
237993/500000,743,747,102.821,9.441747,71.646606,1.995377,,,,
238038/500000,744,45,-96.55,2.949025,63.617268,2.302781,,,,
238207/500000,745,169,-26.389,8.514423,67.843033,2.221852,,,,
239209/500000,746,1002,266.315,8.972624,68.703903,2.138402,,,,
239363/500000,747,154,-78.569,3.961833,68.844246,2.104562,,,,
239837/500000,748,474,14.856,7.030559,66.752899,2.205302,,,,
240006/500000,749,169,-74.065,9.708323,71.991104,2.096623,,,,
240230/500000,750,224,-40.993,4.252811,67.635178,2.133597,,,,
241132/500000,751,902,152.56,7.798473,69.395721,2.162699,,,,
242045/500000,752,913,162.501,6.413212,68.272568,2.293936,,,,
242152/500000,753,107,-89.801,9.586484,74.504601,2.058833,,,,
242697/500000,754,545,40.665,10.111475,73.796341,2.119231,,,,
242968/500000,755,271,-34.612,8.167093,68.994698,2.284474,,,,
243276/500000,756,308,15.734,8.731256,71.191124,2.242016,,,,
243328/500000,757,52,-96.656,9.229279,62.039188,2.642789,,,,
244330/500000,758,1002,272.137,8.089561,68.327499,2.356686,,,,
244521/500000,759,191,-60.73,8.912189,67.083687,2.390846,,,,
245237/500000,760,716,87.702,6.72227,66.772202,2.383062,,,,
245423/500000,761,186,-52.49,11.565286,65.992989,2.39369,,,,
245954/500000,762,531,25.922,10.739056,70.411697,2.333197,,,,
246031/500000,763,77,-94.837,6.552932,59.233971,2.611606,,,,
246696/500000,764,665,37.949,11.12332,70.346573,2.291214,,,,
247117/500000,765,421,-4.683,7.297461,71.626732,2.283978,,,,
247648/500000,766,531,40.687,7.737601,68.598442,2.269321,,,,
248409/500000,767,761,91.472,8.157133,69.514145,2.340389,,,,
249092/500000,768,683,76.453,9.034678,65.976471,2.443233,,,,
249186/500000,769,94,-90.86,8.365891,65.720474,2.46848,,,,
249596/500000,770,410,11.814,7.799678,68.226738,2.346504,,,,
250307/500000,771,711,81.012,10.161511,73.448257,2.197192,,,,
251309/500000,772,1002,281.332,7.80653,65.102997,2.480988,,,,
251416/500000,773,107,-90.126,5.091327,58.292435,2.802606,,,,
251472/500000,774,56,-96.29,5.078199,61.382744,2.728001,,,,
251877/500000,775,405,71.269,7.895061,67.663116,2.508768,,,,
251962/500000,776,85,-93.452,5.200842,65.006432,2.572841,,,,
252819/500000,777,857,183.037,8.838017,71.250954,2.362354,,,,
253475/500000,778,656,77.139,7.955216,70.609779,2.362263,,,,
253527/500000,779,52,-96.799,5.458288,61.386368,2.829121,,,,
253829/500000,780,302,-32.757,8.33066,71.463135,2.334029,,,,
254075/500000,781,246,-30.384,8.037069,67.9795,2.499505,,,,
255077/500000,782,1002,268.61,7.554865,73.119698,2.396374,,,,
255151/500000,783,74,-94.513,11.013356,90.806297,1.71392,,,,
256153/500000,784,1002,246.216,8.918943,71.759743,2.388347,,,,
256867/500000,785,714,116.581,7.65688,73.20163,2.341215,,,,
257516/500000,786,649,65.733,7.129765,70.158287,2.482704,,,,
258356/500000,787,840,137.293,6.699405,70.122009,2.424378,,,,
258413/500000,788,57,-96.482,6.656137,66.842339,2.565543,,,,
258485/500000,789,72,-94.867,5.610176,75.411514,2.353635,,,,
258966/500000,790,481,28.86,8.372443,68.772003,2.563875,,,,
259691/500000,791,725,129.728,6.344297,70.220245,2.567739,,,,
259768/500000,792,77,-94.613,12.651525,86.109848,2.177176,,,,
260031/500000,793,263,-35.705,6.466107,71.980469,2.50949,,,,
260875/500000,794,844,128.737,8.547395,71.488869,2.66751,,,,
261070/500000,795,195,-43.651,6.012793,77.244354,2.469882,,,,
261358/500000,796,288,-19.267,7.080073,69.179588,2.739083,,,,
262048/500000,797,690,93.485,7.671185,71.053818,2.743932,,,,
262288/500000,798,240,-42.992,7.137471,72.265205,2.673449,,,,
262346/500000,799,58,-95.811,16.122904,71.884216,2.685008,,,,
263140/500000,800,794,96.741,6.718459,69.558968,2.774122,,,,
264097/500000,801,957,183.313,7.344537,70.79879,2.810221,,,,
264933/500000,802,836,109.944,8.185173,70.64138,2.769841,,,,
265935/500000,803,1002,311.114,6.934463,66.977791,2.835804,,,,
266104/500000,804,169,-58.839,6.451472,71.723167,2.708472,,,,
267106/500000,805,1002,261.409,7.452319,67.160118,2.818674,,,,
267631/500000,806,525,40.144,6.638508,67.124718,2.855642,,,,
267879/500000,807,248,-28.598,5.805653,62.682129,2.987306,,,,
268167/500000,808,288,-27.116,7.886333,65.438301,2.9022,,,,
268274/500000,809,107,-89.983,8.057791,66.352806,2.934787,,,,
268679/500000,810,405,16.15,4.887936,66.083321,2.940581,,,,
269536/500000,811,857,155.391,8.673495,69.988571,2.803877,,,,
269727/500000,812,191,-46.026,4.102206,62.965469,2.962901,,,,
270729/500000,813,1002,273.504,7.318424,72.458443,2.878238,,,,
271220/500000,814,491,6.599,6.072767,67.35849,3.119625,,,,
271940/500000,815,720,51.362,8.298591,68.780922,3.034518,,,,
272643/500000,816,703,112.282,7.22473,77.096252,2.801461,,,,
272758/500000,817,115,-70.008,4.048185,69.898865,2.983023,,,,
273347/500000,818,589,94.86,4.618388,71.466545,2.929447,,,,
273444/500000,819,97,-92.163,6.978324,70.365051,2.79687,,,,
273703/500000,820,259,-30.783,7.623756,68.797157,2.969086,,,,
273996/500000,821,293,-38.3,9.734348,74.380241,2.851522,,,,
274801/500000,822,805,105.535,7.335652,72.384705,2.866504,,,,
275469/500000,823,668,61.255,7.699431,72.247475,2.867747,,,,
276471/500000,824,1002,239.199,7.07762,72.583397,2.862432,,,,
277071/500000,825,600,30.855,5.595415,67.560524,3.024053,,,,
277519/500000,826,448,56.658,6.583092,69.566963,3.03943,,,,
277812/500000,827,293,-37.527,5.294448,66.393921,3.107278,,,,
278643/500000,828,831,130.672,6.998168,64.789963,3.144482,,,,
279175/500000,829,532,35.553,6.221198,69.707077,2.962585,,,,
279335/500000,830,160,-65.616,7.806467,70.668785,2.955175,,,,
279492/500000,831,157,-61.342,13.813811,71.461006,3.042635,,,,
279548/500000,832,56,-96.307,5.250483,71.409286,2.927322,,,,
280344/500000,833,796,110.527,6.476601,71.387131,3.009532,,,,
280781/500000,834,437,23.542,5.613866,70.105499,3.229229,,,,
280964/500000,835,183,-29.481,11.709011,77.255852,3.007496,,,,
281009/500000,836,45,-96.905,10.063396,81.613358,2.79525,,,,
281808/500000,837,799,140.052,8.30931,68.717651,3.224834,,,,
282168/500000,838,360,-9.902,5.630485,70.96199,3.148193,,,,
283170/500000,839,1002,253.733,7.411716,68.453423,3.248504,,,,
283705/500000,840,535,101.025,4.031295,70.160751,3.217724,,,,
284707/500000,841,1002,267.58,5.479539,68.775894,3.233217,,,,
285177/500000,842,470,39.121,5.728868,67.304298,3.319873,,,,
286179/500000,843,1002,254.296,7.319537,67.1577,3.236791,,,,
286364/500000,844,185,-63.519,5.12848,65.179359,3.450921,,,,
286432/500000,845,68,-95.455,2.971956,62.160294,3.362605,,,,
286555/500000,846,123,-88.868,4.055254,68.177467,3.239017,,,,
286727/500000,847,172,-57.086,4.869286,66.840263,3.230967,,,,
286876/500000,848,149,-84.756,5.241313,64.865044,3.333234,,,,
287878/500000,849,1002,293.185,6.301927,68.771309,3.238151,,,,
288513/500000,850,635,47.433,8.218233,66.32238,3.341271,,,,
289504/500000,851,991,156.558,6.700007,71.587379,3.213905,,,,
289738/500000,852,234,-54.932,8.635007,67.625008,3.361437,,,,
290068/500000,853,330,-25.381,5.664773,70.6036,3.208438,,,,
290373/500000,854,305,-32.074,9.235432,70.950394,3.383841,,,,
291229/500000,855,856,135.997,7.358385,72.00351,3.357395,,,,
291487/500000,856,258,-35.476,9.262493,70.463966,3.435914,,,,
292184/500000,857,697,81.383,6.445276,64.770287,3.456418,,,,
292551/500000,858,367,-22.301,6.924015,73.260315,3.240758,,,,
292630/500000,859,79,-94.189,6.485607,61.627472,3.564089,,,,
292743/500000,860,113,-88.046,7.855687,70.95565,3.20162,,,,
292973/500000,861,230,-45.016,7.927985,72.858238,3.255627,,,,
293734/500000,862,761,100.824,7.760479,68.23983,3.389446,,,,
294736/500000,863,1002,253.856,8.071566,71.920235,3.277792,,,,
294786/500000,864,50,-96.676,10.270507,68.42923,3.3053,,,,
295296/500000,865,510,31.272,7.32066,70.610924,3.288117,,,,
295980/500000,866,684,64.857,7.506711,70.02063,3.327355,,,,
296283/500000,867,303,-42.691,7.945451,72.491051,3.262662,,,,
296688/500000,868,405,-9.516,5.453332,69.132332,3.2952,,,,
296766/500000,869,78,-94.604,12.340643,76.759506,3.185278,,,,
297387/500000,870,621,26.746,12.374559,70.463081,3.315062,,,,
297482/500000,871,95,-92.608,7.844142,74.366531,3.396742,,,,
298189/500000,872,707,53.446,6.637088,68.529961,3.393531,,,,
298570/500000,873,381,-5.156,6.961928,71.711708,3.321216,,,,
298661/500000,874,91,-93.18,10.140667,67.583267,3.476475,,,,
298755/500000,875,94,-92.519,6.774952,65.542259,3.426564,,,,
299609/500000,876,854,181.921,5.911166,72.002831,3.275151,,,,
300611/500000,877,1002,279.019,6.674951,72.554703,3.376183,,,,
300694/500000,878,83,-93.59,5.097435,66.211449,3.750567,,,,
301696/500000,879,1002,244.168,8.139366,68.847351,3.57066,,,,
302698/500000,880,1002,240.595,7.145727,71.112999,3.540209,,,,
303700/500000,881,1002,261.334,5.491341,66.278831,3.735542,,,,
303800/500000,882,100,-91.858,7.03671,66.735603,3.746866,,,,
303851/500000,883,51,-96.494,12.991158,71.9505,3.526379,,,,
304015/500000,884,164,-79.941,6.576126,72.355865,3.413082,,,,
304257/500000,885,242,-32.502,4.919514,65.367279,3.7097,,,,
304455/500000,886,198,-61.95,9.434739,76.175598,3.390695,,,,
304847/500000,887,392,-10.553,10.498495,73.79171,3.472207,,,,
304914/500000,888,67,-95.138,7.051153,58.393452,3.832942,,,,
305429/500000,889,515,17.933,7.363997,71.650574,3.517465,,,,
305520/500000,890,91,-93.188,7.808871,69.602386,3.551834,,,,
305850/500000,891,330,-17.389,6.300137,71.878738,3.476486,,,,
306030/500000,892,180,-45.782,4.073046,70.02533,3.44007,,,,
306162/500000,893,132,-75.977,10.364702,71.972496,3.365431,,,,
306227/500000,894,65,-95.277,5.217496,63.665348,3.709706,,,,
307019/500000,895,792,116.895,7.119368,71.391937,3.38761,,,,
307386/500000,896,367,-28.962,6.633615,73.175385,3.38913,,,,
307637/500000,897,251,-50.283,7.969961,72.403526,3.460988,,,,
308613/500000,898,976,175.364,8.553856,74.483864,3.345281,,,,
309402/500000,899,789,102.33,6.054037,69.630913,3.516821,,,,
309832/500000,900,430,10.777,9.522682,75.711716,3.343804,,,,
310012/500000,901,180,-77.837,9.888856,71.041779,3.607848,,,,
310299/500000,902,287,-50.592,9.695415,75.770782,3.541843,,,,
310943/500000,903,644,64.632,7.265659,73.366707,3.521827,,,,
311402/500000,904,459,28.558,7.869343,74.15094,3.49003,,,,
312404/500000,905,1002,226.264,7.652909,73.412346,3.49309,,,,
312473/500000,906,69,-95.379,11.403222,88.939919,3.068231,,,,
313226/500000,907,753,143.172,6.636948,74.111595,3.490372,,,,
314228/500000,908,1002,282.648,6.903727,74.410057,3.490133,,,,
314280/500000,909,52,-96.684,2.791268,67.319633,3.574761,,,,
314537/500000,910,257,-29.687,3.96057,72.608871,3.475003,,,,
314587/500000,911,50,-96.673,0.412021,78.777657,3.380842,,,,
315589/500000,912,1002,340.621,6.683458,72.116295,3.605702,,,,
316432/500000,913,843,100.176,6.374635,74.278931,3.496313,,,,
316537/500000,914,105,-90.848,7.950086,71.0644,3.695838,,,,
316960/500000,915,423,-16.501,8.461367,69.057541,3.634684,,,,
317962/500000,916,1002,262.185,6.872088,74.001472,3.54984,,,,
318317/500000,917,355,-18.078,5.476702,72.844414,3.621625,,,,
319085/500000,918,768,115.71,5.276597,70.037071,3.663898,,,,
319177/500000,919,92,-92.548,1.852782,67.911743,3.801847,,,,
319227/500000,920,50,-96.501,6.275477,85.634987,3.359856,,,,
319685/500000,921,458,15.914,4.862006,69.485588,3.706242,,,,
319855/500000,922,170,-24.634,1.924003,75.161942,3.556947,,,,
319999/500000,923,144,-65.304,7.821513,76.106255,3.659153,,,,
321001/500000,924,1002,291.197,5.025988,74.137802,3.791992,,,,
321496/500000,925,495,38.464,6.599077,71.903946,3.854344,,,,
322111/500000,926,615,96.419,7.792289,72.964485,3.851259,,,,
322406/500000,927,295,-24.187,3.98818,63.6259,4.137688,,,,
323408/500000,928,1002,303.078,5.608362,72.862137,3.89617,,,,
323737/500000,929,329,-27.599,8.424425,68.714455,4.061047,,,,
324464/500000,930,727,109.107,5.868618,70.60733,3.979698,,,,
324861/500000,931,397,6.868,2.143357,65.69294,4.190706,,,,
325371/500000,932,510,77.477,7.052588,70.610756,4.060787,,,,
326373/500000,933,1002,311.541,6.812901,71.056816,4.009725,,,,
326769/500000,934,396,20.988,8.953222,67.527588,4.091355,,,,
327056/500000,935,287,-33.21,10.927851,70.657227,4.054461,,,,
327683/500000,936,627,48.79,7.6548,70.644882,3.946075,,,,
327736/500000,937,53,-96.293,14.717367,82.504883,3.837876,,,,
328386/500000,938,650,43.242,5.920733,71.768784,3.957804,,,,
328895/500000,939,509,81.398,9.014161,70.569191,4.021492,,,,
329440/500000,940,545,33.395,5.001208,68.391998,4.058002,,,,
329691/500000,941,251,-34.928,9.138287,69.771217,4.049317,,,,
330327/500000,942,636,153.103,7.928878,67.849998,4.161367,,,,
331301/500000,943,974,189.712,8.240433,68.79261,4.281861,,,,
332167/500000,944,866,130.894,6.467616,66.762581,4.309491,,,,
332215/500000,945,48,-96.209,7.502379,67.202805,4.313197,,,,
332758/500000,946,543,34.552,7.987242,70.428909,4.21529,,,,
333333/500000,947,575,96.632,9.641861,69.612076,4.217129,,,,
333543/500000,948,210,-33.028,3.981968,68.881546,4.203093,,,,
334376/500000,949,833,217.038,7.164706,73.488686,4.083744,,,,
334449/500000,950,73,-95.015,9.719016,73.745804,4.110197,,,,
334495/500000,951,46,-96.77,15.895203,77.864845,4.044593,,,,
334820/500000,952,325,-29.592,6.891699,68.640724,4.228139,,,,
334978/500000,953,158,-70.804,5.197773,61.809074,4.461451,,,,
335980/500000,954,1002,298.183,6.509836,71.475334,4.188802,,,,
336476/500000,955,496,33.922,5.954043,70.130226,4.269789,,,,
337340/500000,956,864,120.116,7.315904,72.175713,4.206339,,,,
337434/500000,957,94,-91.787,2.630827,64.938118,4.318336,,,,
337562/500000,958,128,-74.528,3.718512,62.174484,4.533319,,,,
337625/500000,959,63,-95.807,4.825686,84.636429,3.781848,,,,
337805/500000,960,180,-66.068,5.223446,68.915199,4.467202,,,,
337982/500000,961,177,-58.727,4.440945,64.57608,4.589795,,,,
338984/500000,962,1002,301.292,5.82103,67.357582,4.338051,,,,
339824/500000,963,840,145.17,6.804571,67.842186,4.282802,,,,
340198/500000,964,374,-16.066,8.734708,69.038361,4.393795,,,,
341175/500000,965,977,201.949,8.74816,68.748123,4.554964,,,,
341534/500000,966,359,-22.682,6.03171,70.548553,4.448082,,,,
341745/500000,967,211,-66.455,10.30511,70.055313,4.5655,,,,
342056/500000,968,311,-16.526,6.721525,69.05587,4.566731,,,,
342507/500000,969,451,23.472,9.287451,67.568001,4.644988,,,,
342813/500000,970,306,-24.001,3.920228,60.61895,4.876463,,,,
343815/500000,971,1002,266.333,6.684478,65.628258,4.766384,,,,
344119/500000,972,304,-22.544,9.205194,68.687782,4.616621,,,,
344288/500000,973,169,-62.812,5.493905,68.462257,4.648154,,,,
344466/500000,974,178,-65.937,8.805179,66.223839,4.775548,,,,
345297/500000,975,831,129,7.872668,66.793892,4.682174,,,,
345352/500000,976,55,-96.52,14.124886,70.143074,4.453259,,,,
346292/500000,977,940,161.528,7.408311,64.772705,4.752505,,,,
346371/500000,978,79,-94.327,3.705076,64.255074,4.756795,,,,
346592/500000,979,221,-46.666,8.257766,67.359192,4.729409,,,,
347074/500000,980,482,46.279,8.714706,66.479355,4.727904,,,,
347827/500000,981,753,146.886,9.540384,63.426346,4.850233,,,,
348284/500000,982,457,25.487,5.889339,63.501221,4.836533,,,,
348656/500000,983,372,5.841,5.515406,63.075596,4.777976,,,,
349017/500000,984,361,-11.089,8.937541,65.441139,4.770987,,,,
349273/500000,985,256,-39.043,13.486217,67.129242,4.639985,,,,
349479/500000,986,206,-63.347,7.34709,62.099003,4.747643,,,,
349798/500000,987,319,-12.465,9.364969,61.64085,4.794068,,,,
349880/500000,988,82,-94.177,6.619403,64.513939,4.549916,,,,
350386/500000,989,506,67.63,5.315744,63.135765,4.934812,,,,
350510/500000,990,124,-82.909,10.41995,62.047512,5.070102,,,,
351251/500000,991,741,96.286,7.988375,65.487198,4.963123,,,,
351728/500000,992,477,57.154,7.089058,60.02433,5.081352,,,,
352020/500000,993,292,7.403,8.822426,65.171577,4.976332,,,,
352160/500000,994,140,-80.727,8.602546,59.052315,5.066799,,,,
352467/500000,995,307,-43.182,9.348822,66.251236,4.952335,,,,
353469/500000,996,1002,297.016,7.281629,63.267235,4.999584,,,,
354131/500000,997,662,101.123,6.794172,63.884624,5.080564,,,,
354975/500000,998,844,137.717,9.391201,63.321461,5.089142,,,,
355473/500000,999,498,35.291,5.512255,59.374332,5.205103,,,,
356451/500000,1000,978,192.077,10.007851,63.040813,5.081804,,,,
356801/500000,1001,350,6.02,7.074548,60.606918,5.232815,,,,
357803/500000,1002,1002,284.977,9.525971,62.413616,5.152639,,,,
357879/500000,1003,76,-93.617,9.339341,57.249802,5.133228,,,,
358574/500000,1004,695,83.733,7.98187,61.915154,5.11876,,,,
358917/500000,1005,343,18.62,5.703444,60.189796,5.199704,,,,
359178/500000,1006,261,-22.838,9.84528,60.504997,5.083507,,,,
359639/500000,1007,461,6.182,7.242891,58.091946,5.217049,,,,
359690/500000,1008,51,-96.935,7.393857,57.084358,5.315131,,,,
360002/500000,1009,312,-25.202,11.087082,57.912655,5.222302,,,,
361004/500000,1010,1002,258.61,7.264309,56.020164,5.437909,,,,
361353/500000,1011,349,-13.579,8.726532,56.675396,5.453135,,,,
361587/500000,1012,234,-56.683,10.400448,59.20232,5.401556,,,,
362166/500000,1013,579,79.258,8.133763,56.96273,5.506935,,,,
362795/500000,1014,629,60.363,6.083611,55.805145,5.569617,,,,
363598/500000,1015,803,118.261,9.224199,56.386631,5.507192,,,,
364421/500000,1016,823,178.69,9.246129,54.563118,5.59888,,,,
364791/500000,1017,370,-14.748,7.393388,54.814697,5.645539,,,,
365002/500000,1018,211,-12.174,6.698788,54.973217,5.602131,,,,
365661/500000,1019,659,85.867,9.54142,57.366184,5.557607,,,,
366280/500000,1020,619,137.551,9.055669,56.368633,5.579185,,,,
366938/500000,1021,658,57.765,8.495155,57.056862,5.559488,,,,
367297/500000,1022,359,-15.619,8.695045,57.26099,5.491905,,,,
368299/500000,1023,1002,305.308,7.491424,56.636227,5.569922,,,,
368391/500000,1024,92,-92.189,8.030643,56.295414,5.634522,,,,
368456/500000,1025,65,-95.675,3.099454,53.49979,5.577675,,,,
369129/500000,1026,673,83.849,8.948428,57.513084,5.530042,,,,
369535/500000,1027,406,-4.872,11.264276,56.427639,5.517566,,,,
370537/500000,1028,1002,284.126,6.995687,53.85445,5.722737,,,,
371223/500000,1029,686,73.54,10.168871,55.901127,5.796386,,,,
371277/500000,1030,54,-96.583,29.905704,67.852974,5.747488,,,,
371314/500000,1031,37,-97.362,10.156619,55.233208,5.789276,,,,
371351/500000,1032,37,-97.255,0.362888,52.316097,5.681355,,,,
372353/500000,1033,1002,257.623,9.321397,56.577663,5.756213,,,,
372644/500000,1034,291,-38.631,10.265335,57.532967,5.734694,,,,
373646/500000,1035,1002,254.054,8.63984,55.496098,5.781097,,,,
374005/500000,1036,359,-8.596,9.412454,54.986816,5.805588,,,,
375007/500000,1037,1002,297.081,7.911334,55.045277,5.751978,,,,
375844/500000,1038,837,108.94,8.811635,55.134209,5.777598,,,,
376544/500000,1039,700,73.779,8.6722,55.301098,5.733467,,,,
377546/500000,1040,1002,311.61,7.591516,55.020607,5.815021,,,,
378548/500000,1041,1002,263.833,7.693892,54.818207,5.80416,,,,
379229/500000,1042,681,78.858,7.516324,53.20261,5.884702,,,,
379319/500000,1043,90,-93.161,9.174253,55.609016,5.752222,,,,
379477/500000,1044,158,-42.336,9.215025,56.707169,5.816052,,,,
379774/500000,1045,297,-28.983,7.707557,56.621922,5.862278,,,,
380776/500000,1046,1002,260.233,7.283755,55.470264,5.97386,,,,
381560/500000,1047,784,136.045,7.417833,55.946739,6.05337,,,,
382140/500000,1048,580,39.984,7.320784,55.45433,6.054037,,,,
382175/500000,1049,35,-96.83,12.384398,54.043129,6.061445,,,,
382933/500000,1050,758,118.23,9.348226,56.519791,6.043123,,,,
383679/500000,1051,746,111.002,7.014641,54.267097,6.089436,,,,
384229/500000,1052,550,44.748,5.438062,52.120041,6.145131,,,,
384943/500000,1053,714,82.289,7.172071,52.99929,6.178911,,,,
385086/500000,1054,143,-80.635,5.557813,53.125557,6.193532,,,,
385212/500000,1055,126,-85.803,7.746688,53.795631,6.140629,,,,
385634/500000,1056,422,-17.026,8.004594,53.238224,6.121026,,,,
386020/500000,1057,386,-17.182,6.890759,54.147224,6.112944,,,,
386091/500000,1058,71,-94.633,5.214656,51.765491,6.132074,,,,
386197/500000,1059,106,-88.566,8.01663,53.864437,6.148402,,,,
386443/500000,1060,246,-31.912,7.341842,55.361073,6.044451,,,,
386930/500000,1061,487,37.689,8.09036,52.977745,6.071574,,,,
387060/500000,1062,130,-80.77,9.095952,56.678627,6.034115,,,,
387844/500000,1063,784,108.226,8.651741,57.063026,5.979677,,,,
388697/500000,1064,853,95.911,9.950635,56.237072,6.016039,,,,
389047/500000,1065,350,-16.64,4.935932,52.536583,6.20417,,,,
389614/500000,1066,567,43.509,8.330243,55.947262,6.058547,,,,
390616/500000,1067,1002,250.029,7.551049,53.595627,6.229787,,,,
390788/500000,1068,172,-45.287,10.317315,56.629536,6.24395,,,,
391015/500000,1069,227,-56.837,11.631329,58.122746,6.19312,,,,
392017/500000,1070,1002,253.587,8.021729,55.381996,6.285594,,,,
392621/500000,1071,604,64.518,5.845115,53.696213,6.393535,,,,
392733/500000,1072,112,-79.378,9.338405,54.124104,6.288167,,,,
392783/500000,1073,50,-96.586,7.087071,52.006859,6.057138,,,,
393172/500000,1074,389,-18.26,9.386547,56.721798,6.236844,,,,
393662/500000,1075,490,60.327,7.331042,56.787895,6.261766,,,,
394022/500000,1076,360,-21.561,7.603223,54.21682,6.353978,,,,
395024/500000,1077,1002,239.965,7.802837,55.767498,6.317113,,,,
395916/500000,1078,892,121.948,8.987905,56.546631,6.294988,,,,
396592/500000,1079,676,57.819,7.085511,54.152905,6.397614,,,,
397594/500000,1080,1002,250.783,7.899747,56.360188,6.314515,,,,
397708/500000,1081,114,-75.939,10.951552,59.822403,6.385506,,,,
398449/500000,1082,741,118.412,7.00038,55.230381,6.378475,,,,
398712/500000,1083,263,-29.85,8.963507,53.948792,6.364535,,,,
399346/500000,1084,634,57.49,5.563123,52.588673,6.456406,,,,
400348/500000,1085,1002,243.85,8.567202,56.980103,6.310574,,,,
400426/500000,1086,78,-93.166,5.826097,50.668705,6.623252,,,,
400964/500000,1087,538,46.279,7.301195,55.321213,6.46117,,,,
401966/500000,1088,1002,283.16,6.67594,55.93428,6.498126,,,,
402430/500000,1089,464,11.351,7.525601,56.790325,6.41439,,,,
403432/500000,1090,1002,257.782,5.652507,54.795586,6.540943,,,,
404434/500000,1091,1002,265.523,6.823706,56.319595,6.451808,,,,
405436/500000,1092,1002,240.371,6.342099,54.843689,6.5145,,,,
406230/500000,1093,794,135.398,5.154291,54.866417,6.485354,,,,
406935/500000,1094,705,117.342,6.304551,55.446785,6.531225,,,,
407937/500000,1095,1002,278.398,7.582739,55.379864,6.522599,,,,
408939/500000,1096,1002,271.801,5.279423,54.615089,6.529479,,,,
409941/500000,1097,1002,261.833,6.623538,54.735664,6.594843,,,,
410918/500000,1098,977,190.648,4.663977,54.973774,6.632866,,,,
411264/500000,1099,346,-2.218,5.07729,54.878975,6.672509,,,,
411456/500000,1100,192,-41.974,3.000034,56.919453,6.495932,,,,
412441/500000,1101,985,185.732,6.433979,58.115227,6.511108,,,,
413030/500000,1102,589,61.224,4.984061,57.813576,6.550552,,,,
413840/500000,1103,810,124.497,5.664791,56.919758,6.556878,,,,
414551/500000,1104,711,84.664,5.273686,58.827129,6.558671,,,,
415553/500000,1105,1002,261.567,5.122624,56.580963,6.545801,,,,
416555/500000,1106,1002,275.85,3.952595,56.92281,6.61223,,,,
416889/500000,1107,334,-27.424,9.074759,59.070995,6.465993,,,,
417578/500000,1108,689,91.166,6.13333,57.22401,6.592501,,,,
418037/500000,1109,459,12.281,3.134809,54.449646,6.692241,,,,
419039/500000,1110,1002,269.446,5.442963,55.583633,6.622234,,,,
420041/500000,1111,1002,249.691,4.153867,55.726089,6.639475,,,,
420111/500000,1112,70,-94.383,0.937596,52.634178,7.030649,,,,
421113/500000,1113,1002,253.296,3.850124,58.055584,6.81755,,,,
422115/500000,1114,1002,281.848,5.61538,56.994095,6.873472,,,,
423117/500000,1115,1002,253.376,3.838444,56.303993,6.88976,,,,
423220/500000,1116,103,-89.211,4.00376,56.751369,7.120566,,,,
423396/500000,1117,176,-51.912,1.966905,57.415462,7.034844,,,,
424398/500000,1118,1002,264.599,5.313817,56.840538,6.841711,,,,
424456/500000,1119,58,-95.731,4.590844,55.018036,6.781534,,,,
424567/500000,1120,111,-89.453,4.104723,55.828461,6.919618,,,,
425569/500000,1121,1002,263.818,4.29387,56.652763,6.876247,,,,
425992/500000,1122,423,18.977,3.316501,56.763557,6.859241,,,,
426994/500000,1123,1002,268.912,4.776926,58.123707,6.834915,,,,
427333/500000,1124,339,-27.95,7.832067,62.697052,6.622208,,,,
427909/500000,1125,576,46.114,5.120055,60.481201,6.597744,,,,
428189/500000,1126,280,-17.259,1.121984,55.949818,6.869546,,,,
428275/500000,1127,86,-92.71,5.492534,59.223537,6.708911,,,,
428624/500000,1128,349,-5.699,5.753047,60.997269,6.587454,,,,
429552/500000,1129,928,150.212,5.634144,59.124485,6.754389,,,,
430554/500000,1130,1002,260.294,5.30823,58.836697,6.849801,,,,
430889/500000,1131,335,-37.745,5.371119,60.950806,6.895154,,,,
430992/500000,1132,103,-90.862,6.621926,60.052948,6.924041,,,,
431994/500000,1133,1002,253.213,3.5533,57.923573,6.969411,,,,
432189/500000,1134,195,-23.78,5.900136,60.9701,6.849755,,,,
433191/500000,1135,1002,262.087,5.081945,59.412296,6.981449,,,,
434193/500000,1136,1002,267.967,6.289305,59.168789,6.933391,,,,
434427/500000,1137,234,-51.401,6.49706,59.041805,7.009895,,,,
435429/500000,1138,1002,268.888,5.126192,59.387905,6.878635,,,,
436431/500000,1139,1002,268.379,3.395309,57.988037,7.01661,,,,
436449/500000,1140,18,-99.299,12.101468,61.258152,7.205974,,,,
436774/500000,1141,325,-21.453,7.318828,60.684265,6.906423,,,,
437776/500000,1142,1002,305.023,4.029359,57.888821,7.097983,,,,
438104/500000,1143,328,-13.172,3.606003,58.425133,7.048558,,,,
439041/500000,1144,937,190.248,3.764362,57.693054,7.097611,,,,
439781/500000,1145,740,101.795,2.81448,56.787121,7.120897,,,,
440568/500000,1146,787,108.783,4.854327,58.449173,7.273997,,,,
441570/500000,1147,1002,256.266,5.235982,60.431572,7.312432,,,,
441928/500000,1148,358,32.325,3.207038,58.983421,7.306008,,,,
442672/500000,1149,744,92.932,3.757891,58.524612,7.352501,,,,
443247/500000,1150,575,74.167,2.670138,57.956543,7.397913,,,,
443435/500000,1151,188,-64.701,5.665858,57.446716,7.448169,,,,
444078/500000,1152,643,112.378,5.290872,59.570671,7.295166,,,,
444185/500000,1153,107,-90.086,5.675909,61.938858,7.232106,,,,
444279/500000,1154,94,-89.886,4.757511,58.621506,7.398765,,,,
444651/500000,1155,372,-18.317,4.720417,58.070438,7.320495,,,,
445653/500000,1156,1002,268.122,5.556254,59.583622,7.26362,,,,
446115/500000,1157,462,19.735,4.495112,59.246811,7.272925,,,,
447117/500000,1158,1002,319.045,4.308744,58.314804,7.372566,,,,
448119/500000,1159,1002,246.671,4.24829,57.442211,7.393624,,,,
448810/500000,1160,691,86.326,4.254075,58.285637,7.353718,,,,
449812/500000,1161,1002,253.214,4.354174,57.072056,7.398426,,,,
449866/500000,1162,54,-96.21,3.898568,57.131577,7.652995,,,,
450636/500000,1163,770,122.492,4.377434,59.598175,7.585105,,,,
450762/500000,1164,126,-69.333,5.276299,56.78627,7.876054,,,,
451513/500000,1165,751,90.809,4.130203,59.427116,7.608377,,,,
452379/500000,1166,866,136.566,3.951127,59.851795,7.657118,,,,
453325/500000,1167,946,144.792,4.506888,60.529079,7.597671,,,,
453539/500000,1168,214,-35.99,3.993676,58.726051,7.76548,,,,
453841/500000,1169,302,-10.067,2.422632,56.801235,7.807463,,,,
454241/500000,1170,400,6.737,3.998879,59.054543,7.631853,,,,
454475/500000,1171,234,-51.241,4.071387,59.555012,7.626669,,,,
455477/500000,1172,1002,236.346,6.49083,61.693668,7.492314,,,,
455602/500000,1173,125,-70.448,5.502788,60.143135,7.602536,,,,
456604/500000,1174,1002,256.393,5.649788,60.086617,7.538194,,,,
457089/500000,1175,485,43.618,5.186198,59.286263,7.549613,,,,
457982/500000,1176,893,131.51,5.74347,59.96011,7.540099,,,,
458552/500000,1177,570,26.855,4.536765,60.153275,7.598153,,,,
458656/500000,1178,104,-89.442,1.392972,58.455772,7.584071,,,,
459398/500000,1179,742,118.996,5.859767,61.298264,7.520913,,,,
459434/500000,1180,36,-97.493,13.375326,63.492752,7.547972,,,,
459706/500000,1181,272,-32.304,2.68966,61.116966,7.499541,,,,
460120/500000,1182,414,22.493,7.797946,63.031654,7.445435,,,,
460177/500000,1183,57,-95.681,10.796544,65.645271,7.493588,,,,
461179/500000,1184,1002,281.141,3.140641,63.680027,7.524281,,,,
461505/500000,1185,326,-10.602,4.07677,63.619656,7.563291,,,,
461896/500000,1186,391,-3.658,5.170615,64.388084,7.394677,,,,
462024/500000,1187,128,-76.735,2.600729,61.938148,7.610255,,,,
462444/500000,1188,420,5.818,4.523046,62.795742,7.536303,,,,
462615/500000,1189,171,-68.066,6.592421,61.81358,7.569312,,,,
463284/500000,1190,669,85.403,5.291131,63.728523,7.557934,,,,
464286/500000,1191,1002,253.544,6.147789,64.335205,7.501937,,,,
464451/500000,1192,165,-74.798,11.166413,64.692848,7.487546,,,,
465325/500000,1193,874,174.972,5.750785,63.503548,7.561878,,,,
466092/500000,1194,767,113.21,6.744789,64.892426,7.440708,,,,
467094/500000,1195,1002,270.953,5.818866,63.900555,7.459533,,,,
467622/500000,1196,528,24.822,5.095029,64.875496,7.403985,,,,
468624/500000,1197,1002,259.595,5.857502,65.337196,7.419062,,,,
469399/500000,1198,775,127.039,6.296114,66.439575,7.38906,,,,
469443/500000,1199,44,-96.973,4.804604,65.549644,7.491076,,,,
469559/500000,1200,116,-89.66,5.20219,67.208595,7.366298,,,,
470561/500000,1201,1002,303.28,2.484449,66.293785,7.489265,,,,
470750/500000,1202,189,-45.833,4.51837,65.999046,7.568747,,,,
471038/500000,1203,288,-13.577,3.310602,68.338501,7.690015,,,,
471127/500000,1204,89,-91.941,4.150711,65.197861,7.659702,,,,
471166/500000,1205,39,-96.641,4.245988,71.381744,7.571837,,,,
471428/500000,1206,262,-31.188,6.936715,69.295753,7.443534,,,,
471965/500000,1207,537,68.162,5.523418,69.114136,7.517388,,,,
472041/500000,1208,76,-94.562,6.680219,69.051338,7.629134,,,,
472370/500000,1209,329,-6.39,7.548667,69.229721,7.451178,,,,
472611/500000,1210,241,-29.205,6.288737,74.049629,7.463004,,,,
473613/500000,1211,1002,312.507,5.597176,68.953949,7.58593,,,,
473664/500000,1212,51,-96.592,4.138653,64.448128,7.783861,,,,
474478/500000,1213,814,145.702,6.166613,69.485626,7.534367,,,,
474684/500000,1214,206,-48.407,6.232186,67.924065,7.702121,,,,
475462/500000,1215,778,111.997,6.13265,70.216026,7.476493,,,,
475890/500000,1216,428,35.213,5.541161,68.567123,7.646063,,,,
476160/500000,1217,270,-10.806,6.532057,70.985634,7.514734,,,,
476462/500000,1218,302,-17.572,6.102275,72.101051,7.398408,,,,
477464/500000,1219,1002,286.538,6.152939,71.999619,7.428564,,,,
477634/500000,1220,170,-70.485,8.636572,74.235435,7.422929,,,,
478636/500000,1221,1002,295.865,6.455472,71.868828,7.445096,,,,
478991/500000,1222,355,-8.743,6.258536,71.188805,7.483349,,,,
479869/500000,1223,878,187.037,5.001428,69.205551,7.528871,,,,
480250/500000,1224,381,5.73,6.57259,70.879463,7.511225,,,,
480469/500000,1225,219,-47.115,3.284064,68.140007,7.463238,,,,
481073/500000,1226,604,55.419,7.990195,75.387077,7.302505,,,,
481119/500000,1227,46,-96.787,0.870557,70.66851,7.560213,,,,
481702/500000,1228,583,63.019,7.748188,71.815002,7.38152,,,,
482082/500000,1229,380,18.211,8.425241,72.795059,7.502086,,,,
483084/500000,1230,1002,306.995,5.457015,72.35022,7.430338,,,,
484086/500000,1231,1002,281.959,4.237315,70.606476,7.479222,,,,
484121/500000,1232,35,-95.695,0.379679,71.040253,7.525308,,,,
484168/500000,1233,47,-97.148,4.663242,64.05899,7.551965,,,,
484607/500000,1234,439,26.846,6.800601,74.497955,7.324289,,,,
485304/500000,1235,697,133.234,5.970087,74.312431,7.354135,,,,
485422/500000,1236,118,-74.205,2.383998,71.915512,7.465887,,,,
485963/500000,1237,541,50.802,4.815305,73.180786,7.39792,,,,
486965/500000,1238,1002,365.799,5.026768,71.784058,7.439852,,,,
487127/500000,1239,162,-59.482,5.293993,71.895355,7.360326,,,,
488129/500000,1240,1002,315.932,6.354229,72.814285,7.403682,,,,
488939/500000,1241,810,167.528,6.70156,76.041435,7.298659,,,,
489301/500000,1242,362,24.48,6.376608,74.529442,7.288157,,,,
489609/500000,1243,308,-25.195,6.513687,72.652382,7.406575,,,,
489729/500000,1244,120,-77.086,8.113048,71.639908,7.668159,,,,
490078/500000,1245,349,-20.641,3.228919,71.118584,7.480039,,,,
490766/500000,1246,688,107.463,6.83918,74.226555,7.595582,,,,
491574/500000,1247,808,176.065,6.438242,78.227745,7.537138,,,,
492010/500000,1248,436,18.232,8.800442,77.947746,7.47799,,,,
492129/500000,1249,119,-81.068,11.276881,75.857506,7.559701,,,,
492322/500000,1250,193,-56.853,6.671117,75.42395,7.513015,,,,
492575/500000,1251,253,-17.813,4.632504,74.243698,7.762686,,,,
493577/500000,1252,1002,272.962,6.284598,75.92791,7.626079,,,,
494579/500000,1253,1002,382.287,8.489993,76.268639,7.641326,,,,
495581/500000,1254,1002,316.419,7.884822,78.240105,7.60989,,,,
496209/500000,1255,628,93.119,6.644601,76.58844,7.636387,,,,
497166/500000,1256,957,216.775,7.62786,77.57856,7.581124,,,,
497767/500000,1257,601,49.289,7.112331,76.695549,7.656065,,,,
498769/500000,1258,1002,322.093,5.347239,75.912453,7.63004,,,,
499549/500000,1259,780,142.085,6.45052,76.530617,7.720472,,,,
