nupdates,total_timesteps,approxkl,policy_loss,value_loss,eplenmean,explained_variance,fps,serial_timesteps,eprewmean,time_elapsed,clipfrac,policy_entropy
1,2048,0.012544466,-0.005848948,121.527466,974.0,0.8818992376327515,314,2048,139.5,6.516685962677002,0.1294922,0.7600801
2,4096,0.009109615,-0.0030106872,101.07915,1149.6666666666667,0.7912430167198181,361,4096,93.0,12.19786787033081,0.085351564,1.3332399
3,6144,0.0064639845,0.0018660842,103.21422,1237.5,0.7435374855995178,329,6144,69.75,18.422188758850098,0.068310544,1.443887
4,8192,0.0074572475,-0.0039278967,96.948814,1325.3333333333333,0.7391541600227356,342,8192,46.5,24.398857831954956,0.12636718,1.3025178
5,10240,0.0050464827,-8.58426e-05,44.201065,1350.4285714285713,0.5229196548461914,359,10240,93.85714285714286,30.09811806678772,0.050732423,1.348346
6,12288,0.0041952385,-0.004568614,57.239265,1306.3333333333333,0.7900971323251724,343,12288,99.44444444444444,36.057427167892456,0.05625,1.1106832
7,14336,0.0057288897,-0.0012048851,54.52769,1285.6363636363637,0.7870204746723175,338,14336,111.9090909090909,42.100215673446655,0.05332031,1.0692832
8,16384,0.010650323,0.0012233669,54.137787,1244.5,0.7458458542823792,338,16384,102.58333333333333,48.14843416213989,0.098925784,1.1975598
9,18432,0.014159906,-0.00035861979,45.76736,1281.142857142857,0.8012110739946365,330,18432,87.92857142857143,54.33992648124695,0.15966797,1.2324181
10,20480,0.008317163,-3.0465028e-05,40.400414,1295.8,0.8300730735063553,365,20480,82.06666666666666,59.93808197975159,0.08876953,1.2622049
11,22528,0.0051092985,-0.0009424876,34.372612,1277.5294117647059,0.8464879244565964,337,22528,117.47058823529412,66.01349329948425,0.029736329,1.0229547
12,24576,0.0043404745,-8.2615494e-05,32.630447,1289.9444444444443,0.8598943203687668,361,24576,110.94444444444444,71.67865633964539,0.047558594,1.1995677
13,26624,0.011951006,-0.006842536,27.498117,1311.05,0.8266835808753967,346,26624,127.25,77.58769273757935,0.13295898,1.2601478
14,28672,0.013306635,0.0005614014,48.53542,1320.095238095238,0.7094395756721497,342,28672,121.19047619047619,83.5676646232605,0.14140625,1.1530788
15,30720,0.012251624,0.00053810794,74.59183,1328.3181818181818,0.9186167791485786,350,30720,118.54545454545455,89.40878343582153,0.14667968,0.93771476
16,32768,0.010437812,-0.0014676288,21.65601,1342.7083333333333,0.669604629278183,351,32768,110.54166666666667,95.23879337310791,0.09951172,1.295042
17,34816,0.01261087,0.00023705527,18.281893,1349.04,0.6986133456230164,368,34816,106.12,100.79275965690613,0.20922852,1.4695364
18,36864,0.0064562336,-0.00044044884,28.43714,1349.1851851851852,0.7862661629915237,312,36864,98.25925925925925,107.34702181816101,0.0690918,0.8466878
19,38912,0.004156893,-0.0026247432,20.682156,1341.4285714285713,0.853931799530983,325,38912,103.82142857142857,113.6300265789032,0.033691406,1.2929093
20,40960,0.010574587,0.00012821643,18.157444,1336.5,0.8964937180280685,308,40960,108.33333333333333,120.26125121116638,0.13339844,0.79387087
21,43008,0.021108607,0.0006216285,4.739844,1341.8064516129032,0.5951379835605621,320,43008,104.83870967741936,126.64490032196045,0.2319336,0.57289064
22,45056,0.005638735,-0.0013730389,18.63461,1338.0,0.8930564746260643,328,45056,107.21212121212122,132.8705334663391,0.048046876,0.85503066
23,47104,0.007083734,-0.0035770151,27.587292,1318.6571428571428,0.8777027428150177,321,47104,108.4,139.24802660942078,0.08676758,1.1080203
24,49152,0.00908307,-0.0024471425,10.91236,1323.7222222222222,0.7677619457244873,374,49152,105.38888888888889,144.71240210533142,0.12919922,1.4413531
25,51200,0.006429501,-0.0031829341,14.421974,1323.3947368421052,0.8752758353948593,339,51200,108.78947368421052,150.75370907783508,0.054248046,1.1121533
26,53248,0.01211637,0.0001812435,4.614201,1327.948717948718,0.8308543413877487,333,53248,106.0,156.9005823135376,0.15395507,0.85234165
27,55296,0.0064972886,-0.0024875663,13.68,1323.7073170731708,0.8892103135585785,325,55296,108.21951219512195,163.19040632247925,0.080029294,1.1394424
28,57344,0.008881349,-0.0018912557,3.2502246,1331.953488372093,0.8028156608343124,324,57344,104.06976744186046,169.50838136672974,0.11772461,0.75690526
29,59392,0.007887348,-0.0015411926,17.296766,1335.7954545454545,-0.1868598461151123,355,59392,109.3409090909091,175.27055382728577,0.099853516,1.3410032
30,61440,0.0073532476,-0.007986188,19.196712,1335.8444444444444,0.46011871099472046,326,61440,115.91111111111111,181.53485488891602,0.101708986,0.8390199
31,63488,0.015061101,0.0029998992,1.1580455,1342.872340425532,0.7890811711549759,311,63488,110.97872340425532,188.1003098487854,0.17426758,0.64517796
32,65536,0.004456195,-0.0020439953,32.594246,1333.5714285714287,0.2543424963951111,329,65536,120.14285714285714,194.316508769989,0.027246093,1.1752843
33,67584,0.007875131,-0.0013849835,17.172916,1326.56,0.4551761746406555,330,67584,125.04,200.507422208786,0.1109375,0.85631734
34,69632,0.0039886306,-0.001828037,19.948826,1312.6415094339623,0.789102092385292,305,69632,126.37735849056604,207.20094299316406,0.032568358,0.8762081
35,71680,0.0022765507,-0.0021145714,11.514355,1293.4727272727273,0.8939942717552185,331,71680,125.0909090909091,213.37650632858276,0.015136719,0.7580354
36,73728,0.0033858693,-0.0043602963,29.580902,1268.3793103448277,0.5840759873390198,310,73728,130.60344827586206,219.97383069992065,0.029541016,1.0017349
37,75776,0.0046049235,-0.0045649717,19.93777,1253.35,0.7771774381399155,307,75776,133.63333333333333,226.63739728927612,0.05517578,0.81881255
38,77824,0.0060992944,-0.006166958,28.674137,1232.968253968254,0.7745029032230377,301,77824,138.8095238095238,233.43266558647156,0.08549805,0.9280397
39,79872,0.011955889,-0.0035562343,5.3007092,1225.59375,0.6595079600811005,324,79872,138.546875,239.73758506774902,0.12670898,0.74134606
40,81920,0.007767749,-0.0026419288,36.371,1215.641791044776,0.76888008415699,304,81920,135.044776119403,246.46995782852173,0.08413086,0.72546464
41,83968,0.0032743216,-0.0020392854,16.536282,1198.0285714285715,0.903525672852993,304,83968,135.28571428571428,253.1992359161377,0.021142578,0.70878166
42,86016,0.030846888,0.012288211,10.107927,1202.2957746478874,0.7357886433601379,330,86016,133.38028169014083,259.3920364379883,0.21606445,0.7309718
43,88064,0.0032126617,0.00020439565,23.608,1183.3108108108108,0.7084753513336182,301,88064,138.47297297297297,266.1741805076599,0.031982422,0.84536743
44,90112,0.009366634,-0.002408749,19.18812,1164.012987012987,0.6574138104915619,309,90112,138.23376623376623,272.7853524684906,0.09648438,0.7164829
45,92160,0.005655414,-0.0044569736,25.076519,1150.1375,0.8400136828422546,306,92160,141.8875,279.4610102176666,0.054882813,0.8024241
46,94208,0.0065906085,-0.00080442196,13.58889,1143.4146341463415,0.8454470932483673,321,94208,140.3780487804878,285.8350558280945,0.06933594,0.84361184
47,96256,0.0031210163,-0.0019010352,18.805597,1129.4705882352941,0.8289544582366943,315,96256,141.14117647058825,292.3366484642029,0.03022461,0.79244184
48,98304,0.015603165,-0.0049391724,15.298929,1122.3793103448277,0.6775161623954773,321,98304,138.5632183908046,298.71667218208313,0.14233398,0.8012007
49,100352,0.005259378,-0.0035039545,16.394592,1112.088888888889,0.8699170053005219,313,100352,141.61111111111111,305.240478515625,0.06962891,0.8166172
50,102400,0.0070853755,-0.0029490674,16.25726,1096.8602150537633,0.771927684545517,308,102400,141.21505376344086,311.8840801715851,0.09125976,0.57393175
51,104448,0.0038446642,-0.0013813225,17.783611,1091.0526315789473,0.869773656129837,293,104448,142.77894736842106,318.86448764801025,0.04057617,0.8838113
52,106496,0.0036146236,-0.0031173073,16.727121,1085.0204081632653,0.9020115062594414,208,106496,142.01020408163265,328.7063527107239,0.030859375,0.81546783
53,108544,0.0070134513,-0.008618621,10.354796,1078.24,0.9098375961184502,260,108544,141.96,336.56271052360535,0.071826175,0.8707795
54,110592,0.009687403,-0.001801954,19.810398,1069.04,0.8792754039168358,259,110592,143.24,344.4635293483734,0.10366211,0.78049046
55,112640,0.0064252564,-0.00019432396,7.6116548,1040.04,0.703490138053894,272,112640,144.53,351.9687774181366,0.076416016,0.63801324
56,114688,0.011928264,-0.0053653144,9.853552,1012.21,0.8693171590566635,266,114688,140.84,359.65846371650696,0.11655273,0.63670754
57,116736,0.009233857,0.002910213,5.863469,1014.82,0.8386299908161163,317,116736,137.59,366.1130871772766,0.09326172,0.7414401
58,118784,0.04511162,0.00013308064,9.595277,1006.39,0.8314525187015533,314,118784,140.16,372.63449263572693,0.29560548,0.80311507
59,120832,0.016781671,-0.0030759142,2.7520275,1001.01,0.836220383644104,318,120832,140.16,379.0656864643097,0.19316407,0.9873371
60,122880,0.009332692,-0.0041939127,1.7029892,991.8,0.41056668758392334,286,122880,132.5,386.2161490917206,0.14624023,0.7505375
61,124928,0.011562823,0.0003870011,7.2244196,986.25,0.8413317650556564,287,124928,128.33,393.3519768714905,0.15708008,0.8962944
62,126976,0.0054901764,-0.004364061,13.024355,971.62,0.8189227730035782,298,126976,127.86,400.2239909172058,0.07070313,0.6909639
63,129024,0.008779802,-0.00088285207,1.4864452,943.07,0.8190658688545227,281,129024,130.79,407.50202775001526,0.11884765,0.69700444
64,131072,0.018805388,-0.0038727366,0.29295862,942.97,0.5787355601787567,283,131072,130.79,414.73238706588745,0.22304687,0.90406275
65,133120,0.0030354685,-0.0010213426,5.5556593,911.08,0.5718492865562439,274,133120,125.99,422.18550205230713,0.041308593,0.6277367
66,135168,0.007266308,-0.00757336,2.3975549,897.32,0.6769739091396332,284,135168,120.55,429.3827407360077,0.08540039,0.7105596
67,137216,0.0071773194,-0.00036471797,6.857459,886.38,0.7333823442459106,302,137216,121.63,436.156747341156,0.08046875,0.84906703
68,139264,0.013414001,-0.012065176,1.5806334,871.26,0.8640493005514145,290,139264,118.23,443.20830273628235,0.13994141,0.728664
69,141312,0.012372429,-0.0024576369,4.1808934,871.26,0.8943997323513031,326,141312,118.23,449.4809048175812,0.17207031,1.035237
70,143360,0.0071455487,-0.005794891,21.243105,871.62,0.715791255235672,289,143360,120.45,456.559778213501,0.08686523,0.8684864
71,145408,0.0071177697,-0.000816462,4.9852505,871.62,0.7047012746334076,316,145408,121.42,463.03044962882996,0.08242188,1.1438805
72,147456,0.011332227,-0.0025620412,2.0124466,858.35,0.837427094578743,288,147456,114.51,470.1187219619751,0.1394043,0.87395346
73,149504,0.005592826,0.0010097453,19.010296,849.04,0.7057594656944275,277,149504,115.2,477.4956169128418,0.068408206,0.9009407
74,151552,0.004621278,-0.0019777373,8.436826,829.36,0.6967867314815521,303,151552,110.4,484.23612928390503,0.058789063,0.6738202
75,153600,0.004692919,-0.0021673727,24.23415,824.38,0.6352079808712006,285,153600,109.62,491.4082992076874,0.057910156,0.7760933
76,155648,0.006385791,0.00014748196,3.0049818,816.65,0.7787479162216187,306,155648,103.48,498.08878326416016,0.08305664,0.6226176
77,157696,0.008364489,0.004573299,22.15337,818.39,0.6802192628383636,305,157696,104.15,504.8006203174591,0.11391602,0.9774356
78,159744,0.007305841,-0.0007399969,9.115218,822.25,0.7692012339830399,318,159744,104.04,511.233304977417,0.099658206,1.047705
79,161792,0.0037272074,-0.0021656936,10.971765,808.93,0.706040769815445,281,161792,100.55,518.5087237358093,0.0496582,0.6477645
80,163840,0.0068998523,-0.0011302488,16.234787,807.57,0.7686789929866791,300,163840,100.81,525.3237271308899,0.07358398,0.6803726
81,165888,0.008824419,-0.007092748,11.449283,803.5,0.7783889621496201,303,165888,100.78,532.0746285915375,0.12036133,1.0038824
82,167936,0.014402116,-0.00108407,2.5881894,808.04,0.7786794304847717,301,167936,95.83,538.872213602066,0.17763671,0.79126203
83,169984,0.00849279,0.0026118928,17.036688,813.86,0.6970339715480804,309,169984,96.96,545.4809045791626,0.11333008,1.0640476
84,172032,0.010814977,-0.004740275,3.1682608,822.69,0.7429094016551971,295,172032,93.72,552.4056906700134,0.14179687,0.8292087
85,174080,0.0050214957,-0.0013889233,7.476287,805.7,0.687229335308075,291,174080,88.53,559.4301025867462,0.06728516,0.5266267
86,176128,0.008574513,-0.00068956765,7.3395014,803.41,0.8424206525087357,282,176128,84.73,566.6855506896973,0.10239258,0.7350361
87,178176,0.0068921433,1.4058908e-05,8.567881,805.14,0.667707234621048,306,178176,83.64,573.3638112545013,0.08232422,0.97938955
88,180224,0.010154011,-0.009748659,17.094149,805.3,0.6810431182384491,285,180224,82.36,580.5358397960663,0.12670898,0.9502767
89,182272,0.005268678,-0.00057992875,15.112085,813.1,0.7208521664142609,320,182272,84.9,586.9293382167816,0.061083984,1.0818665
90,184320,0.011349702,-0.003305992,16.64368,816.57,0.73883256316185,287,184320,84.88,594.0565416812897,0.12290039,0.8153368
91,186368,0.0144319935,-0.008565644,15.429153,823.22,0.6859104931354523,313,186368,83.18,600.5902779102325,0.1508789,0.8924596
92,188416,0.009861301,-0.005113456,14.336438,817.0,0.7175893485546112,301,188416,84.19,607.3812403678894,0.119384766,1.0179675
93,190464,0.008015709,4.225881e-05,31.72253,831.43,0.6472246944904327,305,190464,87.57,614.0761775970459,0.10429688,1.0079352
94,192512,0.009754354,-0.0032606467,15.070478,838.48,0.7848562002182007,322,192512,90.71,620.4338643550873,0.13759765,1.0918533
95,194560,0.019028299,0.00032281867,0.15107894,849.35,0.7758475095033646,293,194560,89.94,627.4121124744415,0.21591797,0.91340864
96,196608,0.008196879,0.0011483917,18.045986,854.67,0.6536615788936615,314,196608,90.42,633.9155516624451,0.1128418,1.1450613
97,198656,0.0036221645,-0.0020406346,15.485478,863.86,0.6014413237571716,292,198656,92.2,640.9264914989471,0.03852539,0.9697073
98,200704,0.015933558,-0.0037675067,1.2509257,868.81,0.8094472438097,312,200704,92.42,647.4707243442535,0.1909668,1.0550439
99,202752,0.007094105,-0.0016701868,9.699144,869.38,0.5961137413978577,282,202752,91.58,654.7160620689392,0.09511719,0.7867805
100,204800,0.003597102,-0.0015830066,9.707006,836.82,0.5991572141647339,270,204800,91.49,662.2882902622223,0.036621094,0.73462015
101,206848,0.015559526,-0.0042744717,1.0362455,840.34,0.8023227453231812,299,206848,91.79,669.1341252326965,0.18349609,1.0090721
102,208896,0.0108037805,-0.003184646,14.0265,839.8,0.6877160668373108,316,208896,91.79,675.6080303192139,0.13374023,0.99099064
103,210944,0.0050483355,-0.0046283356,31.441204,840.09,0.7281428575515747,303,210944,97.7,682.3512194156647,0.056933593,1.0573208
104,212992,0.007085532,-0.0026167266,19.38044,845.6,0.6924360990524292,293,212992,97.39,689.3200259208679,0.09350586,1.0615572
105,215040,0.006991939,-0.001742073,18.23669,855.94,0.6532013416290283,289,215040,102.17,696.4061708450317,0.09287109,1.1177247
106,217088,0.006399037,-0.0065826676,11.439737,855.6,0.7945630550384521,298,217088,107.98,703.2634201049805,0.08676758,1.0612284
107,219136,0.0071684695,-0.0026909988,29.173452,861.19,0.6250387132167816,310,219136,109.77,709.8493232727051,0.08681641,1.0495878
108,221184,0.009537308,-0.005805503,10.5164585,864.92,0.6466166079044342,296,221184,115.01,716.7590055465698,0.1303711,0.8943534
109,223232,0.006709809,-0.006591705,16.86781,858.28,0.769713506102562,303,223232,115.36,723.5152425765991,0.09082031,1.0221626
110,225280,0.006953161,-0.0037250556,18.690748,854.74,0.7970158755779266,306,225280,122.44,730.2015099525452,0.06586914,1.0077064
111,227328,0.004583168,-0.0035612236,19.716839,843.74,0.7639956623315811,282,227328,122.76,737.4579348564148,0.04423828,1.1203438
112,229376,0.008680149,-0.0022736783,9.931833,830.72,0.8221405893564224,301,229376,124.49,744.2527885437012,0.11850586,1.0450698
113,231424,0.015895043,-0.004143575,0.12201424,841.05,0.6754730939865112,310,231424,124.49,750.8465864658356,0.21445313,1.1465094
114,233472,0.0053448887,-0.0023339936,8.332383,834.78,0.629179060459137,291,233472,121.76,757.8619432449341,0.05722656,0.9842869
115,235520,0.007377729,-0.0023884312,18.843178,830.81,0.6623243391513824,298,235520,119.38,764.7278881072998,0.10869141,1.0811517
116,237568,0.0048048007,-0.0035403739,4.6073565,832.12,0.6015865802764893,279,237568,119.12,772.0592646598816,0.054882813,0.9356489
117,239616,0.0073130606,-0.0032226066,21.588535,836.52,0.703226238489151,284,239616,122.68,779.2695336341858,0.103076175,1.0561391
118,241664,0.014455539,-0.005643457,0.35001576,830.09,0.6190301775932312,307,241664,115.95,785.9259128570557,0.19243164,1.0372732
119,243712,0.014126956,-0.011828342,0.87133884,818.77,0.7442778944969177,281,243712,114.45,793.2077157497406,0.16108398,1.0960704
120,245760,0.008198235,-0.003945246,18.207193,834.24,0.6652626991271973,298,245760,116.63,800.0734438896179,0.107421875,1.0956975
121,247808,0.010612075,-0.000987545,11.40204,840.65,0.7153035402297974,284,247808,117.66,807.2771832942963,0.12368164,1.0550799
122,249856,0.013005708,-0.002471606,0.11659938,847.05,0.6825413703918457,298,249856,115.12,814.1312198638916,0.19418946,1.052414
123,251904,0.0054811426,-0.0022928128,13.819715,856.35,0.718647837638855,289,251904,115.05,821.1978619098663,0.04921875,1.1291271
124,253952,0.012901312,-0.004150769,0.23256595,847.6,0.5838942229747772,285,253952,111.53,828.3708066940308,0.15908203,0.9753639
125,256000,0.011099016,-0.0044931592,11.838553,845.4,0.6323288381099701,312,256000,113.13,834.9158501625061,0.14658204,1.1555004
126,258048,0.009376999,-0.002674881,6.106145,852.71,0.6843950748443604,312,258048,114.26,841.479154586792,0.13759765,1.1027896
127,260096,0.0052520363,-0.005418186,14.042158,866.18,0.5420064330101013,307,260096,116.77,848.1480588912964,0.037109375,1.2525661
128,262144,0.008081419,-0.002800716,9.374756,877.76,0.7624978274106979,295,262144,117.32,855.0731575489044,0.1140625,1.2178525
129,264192,0.009695536,-0.006852302,8.334718,876.19,0.6838078498840332,303,264192,117.47,861.8289015293121,0.14492187,1.2225678
130,266240,0.006718695,-0.0051166913,34.647346,876.13,0.6883895397186279,309,266240,124.05,868.4482886791229,0.07714844,1.2602732
131,268288,0.008438125,-0.0053061666,35.387997,867.94,0.5891821682453156,296,268288,124.64,875.3624289035797,0.119384766,1.1783501
132,270336,0.01125714,-0.008342372,24.631626,870.08,0.46183907985687256,321,270336,125.49,881.7405254840851,0.14033203,1.2068218
133,272384,0.0077467496,-0.00539279,12.276907,877.64,0.7211859822273254,325,272384,127.98,888.0356693267822,0.08901367,1.2442815
134,274432,0.005274076,-0.0045405,16.329119,876.93,0.6374149322509766,304,274432,127.05,894.7624318599701,0.05415039,1.2820348
135,276480,0.009339514,-0.0053473925,11.242826,881.99,0.6980196833610535,298,276480,127.43,901.6193511486053,0.14301758,1.1450318
136,278528,0.006604745,-0.0010774964,21.6947,873.37,0.6804446280002594,310,278528,124.89,908.2142205238342,0.071826175,1.293166
137,280576,0.01093234,-0.0020512748,19.41888,869.71,0.7674826830625534,315,280576,126.37,914.7146289348602,0.14750977,1.2116436
138,282624,0.007532536,-0.002494548,10.947727,851.28,0.6119163334369659,312,282624,123.19,921.2648205757141,0.08110352,1.3454039
139,284672,0.010368109,-0.0042621554,7.4996705,863.19,0.5697150230407715,311,284672,123.78,927.8380768299103,0.14130859,1.247834
140,286720,0.00766904,-0.0049283416,7.7124305,855.72,0.7200550138950348,337,286720,125.73,933.9129567146301,0.08564453,1.3053846
141,288768,0.006434931,-0.000665884,19.090435,861.45,0.7199641466140747,314,288768,126.07,940.4300620555878,0.07504883,1.2648888
142,290816,0.009202826,-0.0036560583,17.170319,874.45,0.7369136810302734,299,290816,131.21,947.2577347755432,0.12338867,1.2547691
143,292864,0.016166985,-0.008778764,10.911326,878.35,0.7824479341506958,316,292864,133.96,953.7371768951416,0.19213867,1.1755903
144,294912,0.01796913,-0.0049156114,2.96031,884.96,0.5636902451515198,293,294912,133.52,960.704244852066,0.254834,1.2552203
145,296960,0.019461121,-0.00816053,8.012101,888.0,0.8400929272174835,293,296960,135.17,967.6932125091553,0.2477539,1.2404598
146,299008,0.009468662,-0.0026858195,0.102880314,889.16,0.656220406293869,304,299008,128.64,974.4108765125275,0.12114258,1.3170811
147,301056,0.020717764,-0.007517676,8.807703,900.57,0.8433216065168381,304,301056,126.79,981.1480007171631,0.19794922,1.312461
148,303104,0.007991965,-0.0047678715,12.728903,894.9,0.6056795716285706,313,303104,124.59,987.6836338043213,0.08222656,1.2652781
149,305152,0.009587308,-0.0030913544,1.6115522,897.64,0.822487473487854,292,305152,120.96,994.6784238815308,0.11860351,1.2707921
150,307200,0.0058337566,-0.0061035072,19.259933,892.66,0.7378105819225311,283,307200,120.76,1001.897782087326,0.061279297,1.3318646
151,309248,0.01762967,-0.0122490255,7.0450096,898.72,0.626349538564682,269,309248,117.19,1009.5063869953156,0.23452148,1.4216292
152,311296,0.005199294,-0.0021204713,10.622689,909.03,0.6355322599411011,316,311296,118.18,1015.9816815853119,0.04501953,1.3181851
153,313344,0.010356993,-0.00635087,25.303083,915.43,0.7799630463123322,284,313344,122.62,1023.1758885383606,0.11118164,1.2007107
154,315392,0.009736079,-0.0036076233,1.4740169,914.62,0.7318345904350281,285,315392,117.58,1030.3545439243317,0.13481446,1.2660463
155,317440,0.014428218,-0.01320791,0.2872632,926.18,0.7635400891304016,277,317440,115.42,1037.7297341823578,0.2269043,1.3314226
156,319488,0.014072696,-0.0023412812,0.88994694,914.45,0.710907518863678,261,319488,109.57,1045.5531919002533,0.15947266,0.97284144
157,321536,0.006039483,-0.002951173,11.8202,892.77,0.6461988985538483,279,321536,109.92,1052.8758025169373,0.06801758,1.230154
158,323584,0.009161136,-0.005723608,2.3623068,899.07,0.6740846037864685,271,323584,107.89,1060.4164571762085,0.10649414,1.2029545
159,325632,0.017027266,-0.0022002268,8.074289,909.08,0.7654584497213364,303,325632,107.59,1067.1683676242828,0.19921875,1.335744
160,327680,0.0086588655,-0.0055491296,29.894703,913.13,0.7045629024505615,309,327680,112.41,1073.7904727458954,0.10205078,1.241741
161,329728,0.016252112,-0.010833355,19.597157,916.32,0.7612141966819763,301,329728,115.9,1080.5911872386932,0.1644043,1.166723
162,331776,0.008082146,-0.0037821035,19.946177,912.84,0.6448747217655182,292,331776,114.88,1087.597974538803,0.101464845,1.1684695
163,333824,0.0120264385,-0.003208592,0.30801564,910.34,0.5933240652084351,266,333824,115.74,1095.2899961471558,0.14838867,1.2050352
164,335872,0.009618649,-0.008122763,26.344992,895.59,0.5981142520904541,261,335872,115.29,1103.1241788864136,0.09291992,1.2993906
165,337920,0.008729079,-0.010097075,16.121841,890.64,0.6504108309745789,300,337920,118.95,1109.9302802085876,0.11030273,1.3091333
166,339968,0.022320146,-0.009044196,8.504005,871.9,0.7803603708744049,271,339968,118.18,1117.4646468162537,0.17392579,1.1494662
167,342016,0.0065195253,-0.00466263,30.50116,865.26,0.6721993982791901,315,342016,121.37,1123.9563555717468,0.07211914,1.2708048
168,344064,0.016143033,-0.006361817,6.8986917,858.79,0.679837167263031,298,344064,122.4,1130.8105280399323,0.21762696,1.2414567
169,346112,0.0125222355,-0.0041662096,10.081404,843.51,0.788557231426239,295,346112,118.69,1137.7400703430176,0.15244141,1.2191978
170,348160,0.008443124,-0.00086445047,1.970451,843.57,0.8261180818080902,282,348160,118.25,1144.9855411052704,0.1116211,1.3188843
171,350208,0.0132590365,-0.0025573005,6.8742394,841.09,0.6916161179542542,276,350208,111.71,1152.4034605026245,0.16884765,1.2040532
172,352256,0.016640315,-0.0055946736,0.023343038,849.83,0.3702242374420166,311,352256,110.1,1158.9810359477997,0.21108398,1.3846343
173,354304,0.014434186,-0.008423356,7.252118,860.44,0.6613661348819733,320,354304,105.92,1165.3771159648895,0.19873047,1.2120912
174,356352,0.0070498413,-0.0039859666,14.321245,861.09,0.7620978057384491,294,356352,104.64,1172.333690404892,0.090429686,1.221185
175,358400,0.010565487,-0.0058310404,0.29280937,855.96,0.8526421785354614,317,358400,102.24,1178.7869846820831,0.14082031,1.2916756
176,360448,0.007017518,-0.0089658005,1.7024765,862.48,0.6810089647769928,333,360448,100.77,1184.9197475910187,0.095898435,1.3190695
177,362496,0.008578867,-0.0055044247,1.0420861,860.45,0.6939553320407867,309,362496,96.92,1191.5477347373962,0.103955075,1.2949407
178,364544,0.01148927,-0.007824773,0.09651925,865.97,0.7190810143947601,317,364544,92.81,1198.0027678012848,0.1574707,1.3296168
179,366592,0.006786292,-0.007158749,0.24079823,865.27,0.7061643302440643,336,366592,88.05,1204.0866301059723,0.09121094,1.2654614
180,368640,0.009130673,-0.0023428565,0.94119006,866.56,0.7315378487110138,336,368640,87.78,1210.1652009487152,0.118457034,1.2429764
181,370688,0.008949201,-0.005471989,8.944443,882.24,0.6199004054069519,323,370688,87.38,1216.4984557628632,0.13686523,1.2618935
182,372736,0.009647352,-0.0077635637,0.22313592,874.19,0.41815853118896484,322,372736,85.89,1222.8516399860382,0.14013672,1.2552079
183,374784,0.0070379004,-0.002148437,20.296116,878.97,0.6818998456001282,317,374784,87.96,1229.3032100200653,0.09082031,1.218111
184,376832,0.0130855115,-0.0004897596,9.987874,886.77,0.7893665432929993,327,376832,89.29,1235.563980102539,0.16503906,1.2555548
185,378880,0.012925817,-0.0052332124,11.87563,895.34,0.7297676205635071,317,378880,88.15,1242.021103143692,0.18041992,1.2166193
186,380928,0.009274898,-0.0052797506,9.46818,897.95,0.8106985241174698,316,380928,87.25,1248.500752210617,0.12104492,1.1878113
187,382976,0.00835946,-0.0035581528,0.4254695,903.76,0.6702786386013031,359,382976,85.65,1254.1908411979675,0.11264648,1.1685547
188,385024,0.014233532,0.0020356101,2.8561969,910.35,0.37310367822647095,316,385024,85.08,1260.6531255245209,0.17089844,1.2383349
189,387072,0.015876384,-0.010134046,0.059960872,916.63,0.7387063205242157,342,387072,84.49,1266.6330258846283,0.190625,1.2014936
190,389120,0.010193755,-0.008083587,0.0861909,921.14,0.5532639026641846,325,389120,82.57,1272.9245991706848,0.14980468,1.3538604
191,391168,0.008119193,-0.0042452635,1.7474997,900.16,0.3521139621734619,305,391168,80.94,1279.6304786205292,0.091357425,1.1108932
192,393216,0.025553877,-0.0035814426,0.015808655,903.17,0.4300168752670288,318,393216,79.16,1286.0535397529602,0.15854493,0.95587426
193,395264,0.01717418,-0.0042800885,2.5218518,918.07,0.04245471954345703,290,395264,78.71,1293.0958931446075,0.14760742,0.99414504
194,397312,0.0075785713,-0.0016151462,3.3449993,902.66,0.3186569809913635,282,397312,75.67,1300.3582408428192,0.090429686,1.1322788
195,399360,0.026369896,-0.0067458027,0.018080834,905.1,0.7526215016841888,309,399360,74.24,1306.9675855636597,0.17255859,0.9236337
196,401408,0.006990726,-0.0019049629,23.426003,909.91,0.06279158592224121,290,401408,78.16,1314.020813703537,0.079394534,0.9472791
197,403456,0.009366017,-0.006156952,0.23965363,905.21,0.6548150479793549,285,403456,72.95,1321.2038567066193,0.12016602,1.2545177
198,405504,0.006109045,-0.003832518,2.4696298,898.98,0.09220534563064575,269,405504,70.75,1328.8096377849579,0.07519531,1.0616883
199,407552,0.014870688,-0.0037311446,0.00652667,902.87,0.6565162837505341,282,407552,70.75,1336.0697379112244,0.23989257,1.2833453
200,409600,0.011233786,-0.008379763,0.0065260255,906.91,0.27000313997268677,298,409600,70.41,1342.937301158905,0.14023438,1.3259208
201,411648,0.011548732,-0.0064435923,3.3024075,916.61,0.230890691280365,249,411648,69.7,1351.1501801013947,0.15219727,1.1429734
202,413696,0.012270817,-0.0043348945,15.581625,924.55,0.30496346950531006,290,413696,71.18,1358.2091722488403,0.11586914,1.0855553
203,415744,0.004449459,-0.0020075187,0.24666245,924.86,0.5918352603912354,301,415744,70.8,1364.9967942237854,0.045800783,1.2453156
204,417792,0.0069116815,-0.006790613,0.039763648,920.57,0.5070841610431671,281,417792,68.16,1372.2742774486542,0.087695315,1.275408
205,419840,0.015357053,-0.0077340575,0.025863245,920.56,0.8270642757415771,274,419840,62.44,1379.7248339653015,0.23598632,1.2266095
206,421888,0.00750981,-0.0026239797,2.4059827,925.23,0.25670701265335083,278,421888,58.53,1387.0854885578156,0.09213867,1.2472633
207,423936,0.011524921,-0.009338654,0.23985913,925.18,0.4306522011756897,285,423936,55.2,1394.2697653770447,0.14858398,1.1739395
208,425984,0.015106693,-0.0042858575,4.178296,921.26,0.17992281913757324,273,425984,55.21,1401.7698004245758,0.19038086,1.0804803
209,428032,0.01049993,-0.0071555823,0.31319824,919.46,0.6107828319072723,279,428032,50.1,1409.1089911460876,0.1149414,1.0702366
210,430080,0.016753042,-0.004197146,18.396236,910.43,0.11142098903656006,256,430080,47.55,1417.0828332901,0.17158203,1.0461327
211,432128,0.011994216,-0.0008979194,15.6202755,910.38,0.11540335416793823,279,432128,48.45,1424.4189443588257,0.14907226,1.1109283
212,434176,0.012796411,-0.005694873,0.06498114,905.74,0.36942267417907715,277,434176,42.31,1431.8076527118683,0.1461914,1.1659374
213,436224,0.017300699,-0.0032093588,5.3169727,900.52,0.22518593072891235,268,436224,42.09,1439.4495244026184,0.1685547,1.093281
214,438272,0.01570431,-0.008744783,0.07271611,900.82,0.6273120045661926,292,438272,40.62,1446.4424169063568,0.19111328,1.193727
215,440320,0.011872053,-0.007095179,2.9255176,903.76,0.34482520818710327,310,440320,39.88,1453.0350971221924,0.14692383,1.0569525
216,442368,0.011521775,-0.0043862094,1.8140934,879.18,0.4347401261329651,272,442368,38.72,1460.5600633621216,0.1352539,1.0640972
217,444416,0.0148342075,-0.0011435875,2.4936423,857.14,0.29558658599853516,263,444416,35.78,1468.333279132843,0.15595703,1.085627
218,446464,0.015723791,-0.00049143546,6.765631,842.37,0.25185900926589966,281,446464,36.65,1475.5970721244812,0.16547851,1.0005581
219,448512,0.011054761,-0.0014088883,4.0665784,818.76,0.4232097864151001,258,448512,37.48,1483.5162951946259,0.11401367,0.8835316
220,450560,0.011331951,-0.010383241,0.2776327,794.61,0.36386871337890625,278,450560,35.38,1490.8579404354095,0.14140625,1.0046301
221,452608,0.017315714,-0.0012300665,7.4906754,779.94,0.11639595031738281,256,452608,32.56,1498.8353638648987,0.18637696,0.9712046
222,454656,0.010265048,-0.0013762328,7.3916626,737.52,0.3162200450897217,214,454656,26.61,1508.393033027649,0.12192383,0.83551806
223,456704,0.016658481,-0.000992294,0.42579708,714.89,0.5451205670833588,275,456704,25.77,1515.8405776023865,0.16293946,1.0912192
224,458752,0.008752024,-0.0029375858,1.0808249,698.54,0.4496181011199951,272,458752,26.27,1523.357740163803,0.11020508,1.2687242
225,460800,0.017410675,-0.0030824994,0.08487828,694.48,0.45154428482055664,258,460800,25.97,1531.271056652069,0.20473632,1.075809
226,462848,0.015855137,-0.00086180196,1.6466227,671.93,0.24484145641326904,273,462848,26.01,1538.7594406604767,0.19780274,1.0925193
227,464896,0.011292568,-0.004535897,2.8245058,679.86,0.6946282088756561,314,464896,25.86,1545.2712104320526,0.14169922,1.1236026
228,466944,0.009397358,-0.0022848444,3.6428344,683.89,0.5354700982570648,325,466944,26.36,1551.5574762821198,0.13144532,1.2770865
229,468992,0.008479864,-0.004084929,0.051193528,673.63,0.7545661479234695,330,468992,22.44,1557.7479693889618,0.11245117,1.2932003
230,471040,0.011941838,-0.012618315,0.03432795,681.31,0.5561911761760712,363,471040,22.44,1563.3858206272125,0.18310547,1.3893131
231,473088,0.019847855,-0.0015596476,2.4415708,687.94,0.3964053988456726,277,473088,23.02,1570.765221118927,0.18266602,1.193807
232,475136,0.014073817,-0.0050261365,0.018454742,694.88,0.8374874442815781,336,475136,22.52,1576.8548090457916,0.12675782,1.4138826
233,477184,0.015631238,-0.00988298,0.1295484,706.72,0.7937943935394287,323,477184,22.52,1583.1902391910553,0.14995117,1.2308015
234,479232,0.0073602893,-0.0032770645,0.14109841,701.57,0.8586158156394958,330,479232,22.53,1589.3918833732605,0.081933595,1.2009261
235,481280,0.0137564335,-0.009119697,16.305683,703.23,-0.02994251251220703,313,481280,24.8,1595.9332547187805,0.14433594,1.1330909
236,483328,0.009149702,-0.0015473685,14.763537,710.32,0.08152812719345093,336,483328,27.14,1602.0281879901886,0.09863281,1.199505
237,485376,0.008769264,-0.006421104,0.2801084,728.15,0.7712489515542984,315,485376,26.96,1608.520222902298,0.11762695,1.3633279
238,487424,0.010674355,-0.0030864745,12.053233,727.4,0.270294725894928,296,487424,26.52,1615.421714067459,0.122802734,1.0683769
239,489472,0.019055475,-0.009783501,15.253897,737.84,0.14357399940490723,303,489472,28.92,1622.1655895709991,0.23378906,1.1748655
240,491520,0.013108318,-0.005718288,3.9154906,741.58,0.3343639373779297,313,491520,29.87,1628.6970455646515,0.17182617,1.2116249
241,493568,0.019398773,-0.0013747476,1.0151603,748.28,0.25786668062210083,302,493568,30.18,1635.456916809082,0.20478515,1.1778257
242,495616,0.0056301085,-0.00083246623,1.191509,751.01,0.457755982875824,299,495616,30.7,1642.2907688617706,0.064208984,1.0144057
243,497664,0.014620023,-0.0011227297,9.199121,756.87,0.26453840732574463,288,497664,30.16,1649.3788709640503,0.17080078,1.1092677
244,499712,0.006558965,-0.00090625754,5.9605517,759.51,0.34269654750823975,285,499712,33.12,1656.5590119361877,0.08510742,1.1269958
245,501760,0.0071606464,-0.00037788256,5.5905743,763.95,0.3770174980163574,296,501760,34.45,1663.4702768325806,0.09482422,1.0298438
246,503808,0.01748869,-0.003096223,9.705745,767.9,0.367651104927063,266,503808,35.58,1671.1506292819977,0.1942871,0.9572948
247,505856,0.013715185,-0.001183658,2.7090716,773.71,0.38144123554229736,288,505856,36.11,1678.2504167556763,0.16865234,1.1229041
248,507904,0.016970789,-0.0055423533,9.466946,781.27,0.31009936332702637,305,507904,36.67,1684.95081448555,0.18730469,1.0808256
249,509952,0.011556581,-0.0017709059,12.050345,789.32,0.3021026849746704,280,509952,36.98,1692.254699230194,0.1546875,0.9334014
250,512000,0.015968056,-0.002403809,0.006260047,791.92,0.8763653039932251,298,512000,34.37,1699.1190931797028,0.18183593,1.0919733
251,514048,0.007165837,-0.0019691526,1.9806354,795.12,0.3475385308265686,261,514048,34.9,1706.9506258964539,0.08774414,0.8596327
252,516096,0.017541807,-0.001211017,0.0118553545,803.93,0.04857945442199707,314,516096,34.9,1713.4557971954346,0.2043457,1.254045
253,518144,0.012829733,-0.0038437755,8.298346,808.81,0.26463186740875244,277,518144,35.36,1720.8296813964844,0.14335938,1.0292364
254,520192,0.011713107,-0.0076456345,0.015151898,817.22,0.6896810829639435,309,520192,35.36,1727.45352768898,0.1630371,1.3469083
255,522240,0.014143219,-0.0043956162,2.3280635,814.87,0.43899184465408325,277,522240,35.09,1734.831532239914,0.16411133,1.1210864
256,524288,0.017551564,-0.0046890965,0.26630098,824.57,0.33940672874450684,335,524288,35.22,1740.9371137619019,0.2019043,1.310843
257,526336,0.021821287,0.0006119295,1.5161065,837.11,0.5427091121673584,298,526336,35.16,1747.7974796295166,0.21904297,1.1091166
258,528384,0.020500302,-0.0054017343,12.500403,845.68,0.30739766359329224,309,528384,37.57,1754.4127750396729,0.20244141,1.1405785
259,530432,0.012096286,-0.003302663,0.032520898,857.49,0.3848276138305664,295,530432,36.99,1761.3535804748535,0.17553711,1.3624905
260,532480,0.012910709,-0.00709715,0.19705638,870.11,0.5027933716773987,307,532480,36.12,1768.0111989974976,0.17651367,1.3331708
261,534528,0.014547968,-0.002401755,0.05672752,879.01,0.8906987234950066,288,534528,35.64,1775.1150438785553,0.22026367,1.2159785
262,536576,0.009262509,-0.0030359395,12.889943,879.54,0.22798317670822144,270,536576,37.17,1782.6968550682068,0.12163086,0.94871235
263,538624,0.011092076,-0.009679882,0.17010152,887.26,0.5629262924194336,312,538624,37.23,1789.245673418045,0.14428711,1.1919984
264,540672,0.010401557,0.0007168235,1.0486737,898.56,0.5475535988807678,322,540672,37.48,1795.588261604309,0.12021484,1.1623222
265,542720,0.015584831,-0.0062187435,12.382045,905.13,0.36535024642944336,329,542720,38.23,1801.7984886169434,0.18330078,1.127513
266,544768,0.01738656,-0.006373319,0.0036101923,915.55,0.7407412230968475,354,544768,38.23,1807.5680840015411,0.21298829,1.4793456
267,546816,0.011448553,-0.002719468,0.0036185388,927.1,0.6538468897342682,327,546816,37.64,1813.8125550746918,0.1684082,1.408254
268,548864,0.013056697,-0.00396242,2.5950847,946.52,0.3345203995704651,307,548864,37.64,1820.4638690948486,0.17363282,1.2465262
269,550912,0.016394718,-0.009728478,0.09320949,966.46,0.2809297442436218,305,550912,37.06,1827.1744649410248,0.19135742,1.3756589
270,552960,0.0136534795,-0.014848945,0.023336114,976.04,0.8748097568750381,340,552960,37.06,1833.1808907985687,0.20566407,1.4049909
271,555008,0.009254714,-0.0023429294,2.9275498,986.51,0.16340941190719604,272,555008,37.8,1840.7025439739227,0.11977539,1.0514619
272,557056,0.006578385,-0.0022029527,10.570139,994.32,0.2702350616455078,285,557056,39.31,1847.8843982219696,0.078125,1.015232
273,559104,0.0077607343,-0.002328426,6.4038057,996.29,0.3495328426361084,311,559104,40.49,1854.4699532985687,0.10185547,1.0971653
274,561152,0.0150761455,-0.0038555153,8.54883,1004.23,0.3224751949310303,319,561152,42.03,1860.881328344345,0.19003907,1.2553494
275,563200,0.011656394,-0.0012342905,2.020163,1009.94,0.2946467995643616,274,563200,41.76,1868.3561248779297,0.12524414,0.97196496
276,565248,0.009810766,-0.0027277046,0.54265976,1014.65,0.4089653491973877,302,565248,41.9,1875.128247499466,0.13032226,1.1282845
277,567296,0.011666987,-0.0058245654,11.322435,998.43,0.2915767431259155,258,567296,43.91,1883.0414354801178,0.15698242,0.99749726
278,569344,0.0072665736,-0.00362347,0.6312828,977.26,0.5578579604625702,285,569344,44.17,1890.2042911052704,0.09970703,0.95995265
279,571392,0.01167932,0.0010690386,7.4470572,975.4,0.3234362006187439,287,571392,45.01,1897.323080778122,0.13789062,1.0672562
280,573440,0.013887817,-0.0012393649,4.875609,975.4,0.4053950905799866,345,573440,46.0,1903.2575416564941,0.16606446,1.2726952
281,575488,0.010171978,-0.00029401545,0.029468736,975.4,0.6517539620399475,337,575488,46.0,1909.3243033885956,0.14555664,1.3018918
282,577536,0.01201267,-0.0014138111,4.738194,964.06,0.2968776822090149,281,577536,44.36,1916.6097021102905,0.13198242,1.020997
283,579584,0.0072891116,-0.0009427893,11.759648,964.37,0.42972511053085327,317,579584,43.34,1923.0702667236328,0.09375,0.9438335
284,581632,0.009985942,-0.0011731588,20.093342,947.56,0.4174942970275879,283,581632,47.02,1930.3033051490784,0.12294922,0.8724305
285,583680,0.012086617,-0.006153739,14.586751,949.7,0.4952297806739807,270,583680,48.83,1937.862378835678,0.11611328,0.9704155
286,585728,0.013542449,-0.0016484587,2.4120378,945.85,0.30027830600738525,304,585728,46.98,1944.5811393260956,0.16499023,1.2322786
287,587776,0.015322198,-0.010439666,0.10438373,926.86,0.6083690822124481,259,587776,45.53,1952.4778707027435,0.18261719,1.1451368
288,589824,0.032715295,-0.0082314145,9.065605,916.07,0.2478988766670227,282,589824,45.35,1959.7350106239319,0.26225585,1.0925254
289,591872,0.0142192915,-0.002929065,11.981083,918.7,0.14676415920257568,302,591872,45.86,1966.5118157863617,0.18413086,1.0962365
290,593920,0.009357647,-0.0005870223,1.2784073,925.18,0.6480274796485901,314,593920,45.03,1973.0140466690063,0.12070312,1.3681287
291,595968,0.01026704,-0.0029932114,0.0151765,933.32,0.8462270051240921,313,595968,44.58,1979.538719177246,0.12592773,1.3272048
292,598016,0.009192888,-0.0036155384,0.020808656,950.63,0.625783234834671,287,598016,42.66,1986.6602687835693,0.13271484,1.4428178
293,600064,0.014186178,-0.007825429,0.08383766,952.39,0.7482141852378845,288,600064,42.66,1993.755640745163,0.19267578,1.2515376
294,602112,0.011960933,0.008020425,1.1990945,962.59,0.4610573649406433,306,602112,42.4,2000.4462616443634,0.15249023,1.0865633
295,604160,0.011237014,-0.0062594004,31.02232,954.12,0.11525684595108032,286,604160,45.74,2007.5973348617554,0.12978515,0.9124605
296,606208,0.0165329,-0.0038996749,15.454094,950.92,0.20561093091964722,320,606208,46.15,2013.981467962265,0.15805665,1.0766653
297,608256,0.011707246,-0.0016831167,6.8970895,965.13,0.5355215966701508,286,608256,47.79,2021.1205327510834,0.13325195,1.2396951
298,610304,0.015345742,-0.0017760398,3.4773145,966.0,0.16754138469696045,274,610304,47.8,2028.5816214084625,0.19033203,1.1656798
299,612352,0.015016764,-0.004574985,8.356312,956.92,0.16145938634872437,265,612352,49.72,2036.2930974960327,0.18251953,1.2633584
300,614400,0.010677772,-0.0041096816,12.9304905,943.17,0.26787179708480835,261,614400,50.68,2044.1374464035034,0.10620117,0.946511
301,616448,0.009423001,-0.0027542445,13.937146,942.67,0.17311203479766846,281,616448,52.59,2051.418553352356,0.1387207,0.96495616
302,618496,0.019669976,-0.015042032,0.02390104,932.95,0.8498211801052094,293,618496,52.48,2058.403007507324,0.2052246,1.262783
303,620544,0.009652668,-0.0040127602,10.077954,926.51,0.3624477982521057,281,620544,51.9,2065.6691784858704,0.12382813,0.9394881
304,622592,0.008475476,-0.0051177526,17.881353,909.8,0.32131463289260864,285,622592,55.47,2072.846363544464,0.11425781,0.82756674
305,624640,0.012657836,-0.0010789469,1.6170073,905.52,0.39792948961257935,296,624640,55.78,2079.742580652237,0.14594726,1.326225
306,626688,0.009448076,-0.0018016882,7.578411,905.33,0.35923779010772705,276,626688,56.26,2087.155711889267,0.12958984,0.9937809
307,628736,0.018193355,0.007064411,0.013495395,907.34,0.665699303150177,274,628736,55.0,2094.6184265613556,0.2609375,1.3741047
308,630784,0.008310993,-0.0031493038,12.0581,898.68,0.3354072570800781,287,630784,57.12,2101.7535438537598,0.10800781,0.9181013
309,632832,0.015797485,0.013659323,0.42102304,887.15,0.7072479426860809,271,632832,55.05,2109.291691303253,0.1921875,1.1070564
310,634880,0.009014423,-0.0015326296,0.30180728,865.85,0.5512154996395111,271,634880,54.63,2116.8252992630005,0.1071289,1.0992043
311,636928,0.020349199,0.0047905594,1.6134018,860.04,0.7804901897907257,302,636928,55.18,2123.6040081977844,0.16152343,1.2566155
312,638976,0.010947064,-0.006608314,0.006640016,848.0,0.6993115246295929,306,638976,55.03,2130.2884414196014,0.13544922,1.2850991
313,641024,0.010558554,-0.0016667215,7.435258,852.5,0.33549952507019043,289,641024,54.58,2137.3563842773438,0.14042969,1.2119497
314,643072,0.010687198,-0.004223701,1.2550092,837.88,0.5036075413227081,267,643072,52.86,2145.018570423126,0.08828125,0.9550354
315,645120,0.01655392,0.0005569759,0.090625644,837.2,0.7559142112731934,277,645120,52.86,2152.388911962509,0.21098633,1.3848267
316,647168,0.010830153,-0.006472856,0.05867984,845.83,0.8454063832759857,285,647168,51.32,2159.559309720993,0.11489258,1.3124135
317,649216,0.009589311,-0.0037521045,6.338873,837.33,0.400566041469574,272,649216,50.86,2167.0785751342773,0.10493164,0.9117986
318,651264,0.014137561,-0.00420214,0.044800587,841.54,0.7438568472862244,275,651264,49.71,2174.5250697135925,0.1385254,1.232373
319,653312,0.013351907,-0.011643369,0.03896312,850.18,0.630361795425415,278,653312,48.78,2181.8903455734253,0.21806641,1.3574749
320,655360,0.01338722,-0.0016567439,2.4544668,850.04,0.500281035900116,297,655360,49.4,2188.771766424179,0.1340332,1.2212505
321,657408,0.012525926,-0.006312781,18.808102,845.0,0.20684552192687988,255,657408,50.58,2196.776867389679,0.15561524,0.8685484
322,659456,0.00903128,-0.0028387215,12.445521,828.77,0.3240968585014343,303,659456,52.41,2203.533842086792,0.1194336,0.8978923
323,661504,0.010940755,-0.0042857016,9.262735,824.78,0.4120272994041443,304,661504,52.78,2210.268250465393,0.14975587,1.0768428
324,663552,0.007991932,-0.0006633581,0.3972755,823.39,0.3841107487678528,311,663552,47.92,2216.83278298378,0.105810545,0.9524294
325,665600,0.009244674,-0.0029358,0.5636701,821.75,0.480286180973053,311,665600,45.41,2223.4183366298676,0.119384766,1.1974803
326,667648,0.008553784,-0.0022670357,8.880006,822.94,0.23566526174545288,288,667648,46.39,2230.5201296806335,0.09057617,1.0301849
327,669696,0.013869226,-0.0037397917,0.054104,820.05,0.6376933157444,270,669696,46.38,2238.080873966217,0.16396484,1.1305115
328,671744,0.011491829,0.0011018416,0.0093308445,821.95,0.7457858026027679,255,671744,44.64,2246.085894346237,0.17792968,1.1560692
329,673792,0.022844385,-0.0038147874,4.2831426,802.8,0.3922678828239441,243,673792,43.67,2254.4975810050964,0.1887207,1.1215073
330,675840,0.014771004,0.0011973288,1.509896,780.39,0.48857444524765015,246,675840,44.22,2262.8164055347443,0.17373046,1.1436589
331,677888,0.012506585,0.0021066663,1.3605747,762.31,0.36483561992645264,279,677888,44.59,2270.155939102173,0.1237793,1.1565338
332,679936,0.019412989,-0.0018980398,18.771576,760.73,0.21726161241531372,278,679936,42.27,2277.497732400894,0.16176757,1.0214831
333,681984,0.011561937,-0.0026307167,0.003202672,766.51,0.5232941210269928,316,681984,42.27,2283.963312625885,0.16386719,1.4208732
334,684032,0.010675506,-0.011989747,0.004440286,768.35,0.2804153561592102,291,684032,38.12,2290.9885170459747,0.13027343,1.4138498
335,686080,0.010544333,-0.003113332,2.2935166,768.2,0.4693780541419983,279,686080,38.37,2298.327183008194,0.1081543,1.2110257
336,688128,0.017088888,-0.0041192635,11.019511,772.98,0.4518059492111206,274,688128,39.62,2305.795123577118,0.18432617,1.1840118
337,690176,0.01691093,-0.0028601,5.6478066,773.4,0.3229615092277527,312,690176,39.78,2312.3557891845703,0.16352539,1.2864097
338,692224,0.0088804895,-0.00024734891,2.30374,787.17,0.38889068365097046,289,692224,39.23,2319.4255850315094,0.09897461,1.2399584
339,694272,0.0043225363,-0.001130636,10.41115,785.02,0.35295647382736206,286,694272,36.28,2326.583304643631,0.04873047,0.81022197
340,696320,0.011905556,-0.007874813,0.033108264,782.46,0.8220693916082382,305,696320,37.62,2333.280613422394,0.15625,1.3997412
341,698368,0.02361874,-0.004248754,6.2197948,788.68,0.45314890146255493,312,698368,38.21,2339.8308959007263,0.19487305,1.2934337
342,700416,0.029879037,-0.0036063057,0.4723494,789.13,0.5769197344779968,296,700416,34.57,2346.733864545822,0.30273438,1.2189314
343,702464,0.0151949655,-0.012015698,0.0014952319,796.8,0.8502963036298752,297,702464,33.63,2353.6235382556915,0.22089843,1.4910686
344,704512,0.016399229,-0.0059316647,6.6306596,796.55,0.4465435743331909,284,704512,34.31,2360.823320388794,0.18530273,1.1433624
345,706560,0.0064017153,-0.0006431596,3.717973,798.19,0.5199185609817505,299,706560,33.6,2367.656401872635,0.08085938,0.8904088
346,708608,0.012048076,-0.0039940504,10.2205515,786.97,0.3255625367164612,266,708608,34.88,2375.3380188941956,0.1362793,1.051759
347,710656,0.017107945,-0.0036172352,2.764564,790.73,0.6274207830429077,258,710656,33.74,2383.272790670395,0.22143555,1.127784
348,712704,0.03665166,-0.007875655,0.3742159,793.57,0.4052940011024475,289,712704,33.94,2390.347277402878,0.1763672,0.9741766
349,714752,0.008843811,-0.0015862684,0.19503944,791.32,0.6992702484130859,311,714752,33.99,2396.9141268730164,0.12407227,1.164632
350,716800,0.01038406,-0.0031111462,0.023679797,793.35,0.7932932674884796,300,716800,33.44,2403.7353196144104,0.14301758,1.1444718
351,718848,0.0087901205,-0.00065803475,4.4289136,777.4,0.33028191328048706,302,718848,33.31,2410.497716188431,0.08935547,1.0164473
352,720896,0.014179938,-0.0005627895,4.0749516,785.05,0.41111886501312256,307,720896,34.31,2417.166341304779,0.14023438,1.2326698
353,722944,0.012048452,-0.0035832438,10.576536,769.96,0.5078520178794861,294,722944,36.29,2424.122193336487,0.14155273,1.003024
354,724992,0.014290849,-0.002304246,7.518583,771.13,0.4368021488189697,318,724992,37.78,2430.559311389923,0.19252929,1.1631119
355,727040,0.0095549105,0.0011954326,0.99827605,777.04,0.7511691451072693,326,727040,36.98,2436.8409831523895,0.10131836,1.133232
356,729088,0.0166421,-0.00047867815,1.3619697,788.48,0.7824206501245499,306,729088,37.29,2443.513474225998,0.19667968,1.1539886
357,731136,0.01285024,-0.002585458,3.499874,774.3,0.6341071128845215,299,731136,38.76,2450.360926389694,0.17719726,1.1678948
358,733184,0.011480213,-0.0037395295,0.0025250928,784.17,0.8680303394794464,258,733184,38.76,2458.29900598526,0.16972657,1.487596
359,735232,0.0113524385,-0.009740879,0.011959245,789.77,0.3563423156738281,299,735232,38.14,2465.135913133621,0.14111328,1.3300191
360,737280,0.026643455,-0.0049171145,0.5237462,797.49,0.4770994186401367,312,737280,35.57,2471.688292503357,0.16225585,1.1838917
361,739328,0.013545374,-0.0028524923,2.2220347,801.14,0.5040051937103271,296,739328,34.93,2478.5907258987427,0.15927735,1.0728453
362,741376,0.015245581,-0.004432963,0.008306813,817.24,0.6458619236946106,289,741376,32.39,2485.6647675037384,0.15063477,1.4485413
363,743424,0.012464192,-0.0026373905,2.2042756,813.51,0.379733145236969,250,743424,31.22,2493.8543038368225,0.12973633,0.95090294
364,745472,0.00932411,-0.0021736803,10.027834,805.13,0.3888853192329407,273,745472,33.15,2501.351957321167,0.10913086,0.8934811
365,747520,0.012445854,-0.0044286516,7.275872,795.97,0.5431167781352997,295,747520,33.31,2508.280119419098,0.15346679,0.9902671
366,749568,0.01099941,-0.0015853208,2.2992592,799.82,0.6899899542331696,326,749568,34.03,2514.562178134918,0.13789062,1.175832
367,751616,0.007983079,-0.0015774637,10.055591,805.93,0.43055158853530884,336,751616,35.89,2520.651644706726,0.105322264,1.1519463
368,753664,0.018453922,-0.00042419755,1.600868,824.02,0.8101943880319595,291,753664,36.45,2527.6669590473175,0.16484375,1.325674
369,755712,0.013447891,-0.0077413665,0.028423766,833.16,0.7013379335403442,320,755712,36.45,2534.0504574775696,0.18916015,1.4174435
370,757760,0.0074028866,-0.0023537243,12.323732,848.35,0.10612910985946655,315,757760,37.92,2540.5466527938843,0.07734375,1.2384081
371,759808,0.022415731,-4.584699e-05,7.7614694,862.28,0.26512837409973145,326,759808,38.96,2546.820816040039,0.2390625,1.3618007
372,761856,0.013466614,-0.002045518,6.945092,867.06,0.07379680871963501,305,761856,39.83,2553.520101547241,0.16147462,1.2532203
373,763904,0.013937752,-0.010731176,0.011833011,869.26,0.6768567264080048,347,763904,39.63,2559.418415784836,0.19360352,1.4338593
374,765952,0.012594355,-0.01423304,0.008376243,887.93,0.11795586347579956,331,765952,39.26,2565.601499557495,0.17480469,1.4993101
375,768000,0.012127336,-0.0124938255,0.016051842,895.86,0.8139652758836746,305,768000,38.81,2572.310971021652,0.14575195,1.4305447
376,770048,0.013832852,-0.005203419,4.0701647,899.53,0.2684836983680725,294,770048,36.98,2579.2723627090454,0.14375,1.175183
377,772096,0.013165848,-0.0012635142,3.9905982,892.08,0.28756457567214966,261,772096,37.93,2587.1129536628723,0.12314453,1.2351563
378,774144,0.013492955,-0.004412115,0.00095768814,894.74,0.8279672712087631,323,774144,37.93,2593.4389679431915,0.19291992,1.4669935
379,776192,0.035726387,-0.0049088425,0.003689228,902.95,0.814970850944519,309,776192,37.68,2600.0510675907135,0.1385254,1.3948971
380,778240,0.010918564,-0.012300618,0.013204734,909.59,0.6127391457557678,300,778240,34.89,2606.859305858612,0.14423828,1.363272
381,780288,0.04702331,-0.0038736179,0.57201,908.97,0.5863695740699768,307,780288,35.02,2613.522364616394,0.2523926,0.8846323
382,782336,0.014603344,-0.0047730627,13.298632,902.84,0.09737181663513184,293,782336,35.89,2620.4903461933136,0.14594726,1.1254588
383,784384,0.017155837,-0.0021654086,0.006795992,910.08,0.8510767370462418,321,784384,35.01,2626.867929458618,0.20815429,1.3965852
384,786432,0.023963455,-0.0010488678,7.7022233,920.53,0.08314740657806396,298,786432,36.34,2633.732134580612,0.22368164,1.3252617
385,788480,0.010453307,-0.006326421,0.0047105057,923.72,0.8620227128267288,301,788480,35.0,2640.5302636623383,0.14638671,1.4081986
386,790528,0.010177075,-0.007107716,31.245266,917.54,0.26358628273010254,295,790528,39.3,2647.454334259033,0.1159668,0.95892143
387,792576,0.018350363,-0.0036214136,7.8816175,926.55,0.26003849506378174,314,792576,40.72,2653.9579582214355,0.20507812,1.3018247
388,794624,0.02744096,-0.022705467,0.10966714,916.54,0.8803336843848228,296,794624,40.72,2660.85902261734,0.23745117,1.1690968
389,796672,0.016206218,-0.010672941,0.005225803,920.46,0.9088356271386147,280,796672,39.14,2668.1687717437744,0.15917969,1.2114732
390,798720,0.015181951,-0.002715856,9.872465,922.83,0.26647233963012695,246,798720,40.14,2676.4676802158356,0.19814453,1.2875335
391,800768,0.0105036115,0.001350164,0.11237538,919.98,0.8805104270577431,285,800768,40.14,2683.6507620811462,0.14565429,1.2242955
392,802816,0.012236187,-0.002905344,6.082954,924.25,0.2543649673461914,281,802816,38.6,2690.931418657303,0.13164063,1.0559183
393,804864,0.015629943,-0.0048369877,0.13199052,931.6,0.768054187297821,280,804864,38.52,2698.225414276123,0.19492188,1.2913618
394,806912,0.010747466,-0.0017917398,16.008858,933.47,0.32078754901885986,316,806912,41.15,2704.6994364261627,0.13349609,1.2907
395,808960,0.01695586,-0.004694384,2.372868,934.5,0.34720778465270996,301,808960,41.53,2711.482894420624,0.17617187,1.2744128
396,811008,0.011234407,-0.003390291,10.519185,933.87,0.2777433395385742,288,811008,43.38,2718.591288089752,0.14326172,1.0829618
397,813056,0.01585673,-0.001375848,10.46209,944.1,0.17181986570358276,342,813056,44.16,2724.5658044815063,0.1743164,1.276329
398,815104,0.016171087,-0.001048573,0.32218406,944.18,0.503016322851181,363,815104,43.32,2730.201393842697,0.17612305,1.359944
399,817152,0.014991051,-0.0033654943,14.667476,946.06,0.24558407068252563,319,817152,45.24,2736.6077587604523,0.12592773,1.1315237
400,819200,0.0094990125,-0.009249376,0.01218208,958.7,0.768623486161232,328,819200,42.32,2742.847418308258,0.14033203,1.3422376
401,821248,0.011299399,-0.0040726364,0.0056266217,959.99,0.37802767753601074,350,821248,42.32,2748.6987092494965,0.15893555,1.2552812
402,823296,0.011510173,-0.012864535,0.0034879067,964.88,0.6884112358093262,351,823296,41.96,2754.5265250205994,0.1727539,1.3634202
403,825344,0.01307188,-0.004604698,4.233348,963.5,0.1527944803237915,306,825344,42.21,2761.211835384369,0.1618164,1.224732
404,827392,0.01312395,-0.005886928,0.009786795,971.6,0.6752107739448547,304,827392,41.24,2767.9322340488434,0.15698242,1.1707699
405,829440,0.016940678,0.0062682503,0.006258552,970.83,0.5646128058433533,327,829440,40.74,2774.189484834671,0.17504883,1.3817087
406,831488,0.015576643,-0.0046856143,0.9665607,966.93,0.2637980580329895,322,831488,41.17,2780.5432693958282,0.13496093,1.2826765
407,833536,0.015613703,0.0020652502,14.283895,964.92,0.39477378129959106,326,833536,43.09,2786.817303419113,0.21235351,1.2790792
408,835584,0.009887015,-0.00013323552,9.247855,977.27,0.45650482177734375,306,835584,45.44,2793.5055496692657,0.12807617,1.080869
409,837632,0.010921855,0.003289158,0.0056954166,981.81,-0.2976095676422119,318,837632,44.77,2799.9321794509888,0.13916016,1.2833505
410,839680,0.01230582,-0.00043435433,1.6377323,981.37,0.6125112175941467,305,839680,45.24,2806.631828546524,0.16674805,1.3227723
411,841728,0.016230453,-0.0031880904,2.8711371,991.33,0.1435205340385437,319,841728,45.29,2813.0519893169403,0.1428711,1.2939111
412,843776,0.013390174,-0.008961898,20.520918,998.68,0.32312601804733276,317,843776,48.42,2819.5073289871216,0.17929688,1.1356815
413,845824,0.027224902,-0.0019299227,11.391706,1001.79,0.3727603554725647,305,845824,48.81,2826.2164735794067,0.15366212,1.1148838
414,847872,0.02901035,-0.0051027723,0.16381456,999.96,0.2389259934425354,293,847872,47.11,2833.1947684288025,0.20200196,1.1393896
415,849920,0.013500793,-0.0053774687,0.0031141029,1004.44,0.4227914810180664,285,849920,46.33,2840.3792865276337,0.1940918,1.2307131
416,851968,0.014765786,-0.004317125,11.16387,985.09,0.21552884578704834,258,851968,45.83,2848.296310901642,0.19267578,1.1410882
417,854016,0.012586497,-0.0016693205,8.162678,978.01,0.562611311674118,296,854016,47.81,2855.193366765976,0.11860351,1.2007262
418,856064,0.015095043,-0.01256731,0.0034297928,975.8,0.6911849677562714,299,856064,44.23,2862.031013727188,0.20727539,1.4233098
419,858112,0.008809554,-0.0009322092,4.8155684,961.49,0.24827271699905396,307,858112,44.12,2868.6960747241974,0.11166992,1.0172046
420,860160,0.012680086,-0.0025652922,7.5182,940.54,0.27969998121261597,292,860160,45.52,2875.702026605606,0.16484375,1.1480205
421,862208,0.013123602,-0.0057605156,0.0009876292,946.95,0.5392175316810608,356,862208,45.52,2881.4486582279205,0.19975586,1.4066014
422,864256,0.009571021,-0.00629306,0.008201422,951.42,0.6570888459682465,340,864256,45.06,2887.47109913826,0.11967774,1.3230461
423,866304,0.017527247,-0.00843708,0.00431996,957.83,0.44601142406463623,324,866304,44.45,2893.778442144394,0.18603516,1.2271328
424,868352,0.015098493,-0.0057469704,0.0064265444,964.82,0.7590548098087311,331,868352,43.5,2899.960662841797,0.18100587,1.2474053
425,870400,0.009656993,-0.0036314442,0.1512827,956.46,0.5000226497650146,308,870400,43.5,2906.5981380939484,0.115478516,1.1702788
426,872448,0.011014758,0.0037314661,0.022445383,946.67,0.7333908081054688,334,872448,43.59,2912.7289955615997,0.11831055,1.1695085
427,874496,0.0112217385,-0.0034613411,0.018912077,953.41,0.7505971044301987,369,874496,43.59,2918.2748606204987,0.15810546,1.1560879
428,876544,0.043534055,-0.009958951,0.028315732,957.12,0.8086392432451248,295,876544,42.48,2925.216946363449,0.12197266,1.1455212
429,878592,0.01906831,-0.007374867,10.203828,959.78,0.2683291435241699,288,878592,44.38,2932.313149213791,0.16289063,1.1731703
430,880640,0.0115888845,-0.0050513013,0.015760312,963.5,0.8526077270507812,305,880640,42.87,2939.009244441986,0.15795898,1.225229
431,882688,0.0136746075,-0.006279357,0.0019789434,963.5,-0.8366844654083252,367,882688,42.87,2944.576192855835,0.18251953,1.4080961
432,884736,0.01640045,-0.011394768,0.11547031,968.5,0.3988174796104431,315,884736,41.54,2951.0651140213013,0.19282226,1.0587585
433,886784,0.013286708,-0.010230655,0.009645416,978.45,0.8437837213277817,332,886784,40.25,2957.226047039032,0.16982421,1.2880137
434,888832,0.0149173755,-0.0051010996,0.45730036,980.59,0.2805519700050354,303,888832,36.25,2963.9686036109924,0.1885254,1.0387985
435,890880,0.011929275,-0.003362267,0.0032070137,989.16,0.7203417718410492,350,890880,34.69,2969.8160169124603,0.17270508,1.3633645
436,892928,0.0072434573,-0.005959309,0.0028553058,992.74,0.19519346952438354,324,892928,34.69,2976.135580301285,0.095947266,1.3798658
437,894976,0.015668526,0.0009403089,4.8659916,995.48,0.1357986330986023,364,894976,34.69,2981.759258031845,0.15961914,1.1503545
438,897024,0.012721812,-0.0053038322,0.7494682,995.59,0.17473888397216797,325,897024,35.91,2988.0560224056244,0.16665038,1.1668569
439,899072,0.013849298,-0.01568318,0.002054396,1010.15,0.6385015249252319,344,899072,35.37,2993.994969367981,0.17939453,1.2168441
440,901120,0.009248142,-0.008885393,0.0071267597,1018.86,0.7920797020196915,318,901120,33.97,3000.4198820590973,0.105126955,0.97755116
441,903168,0.010911426,0.00048419842,0.21458745,1016.57,0.24613714218139648,295,903168,33.97,3007.3610475063324,0.115917966,0.8910635
442,905216,0.038370274,-0.013003993,0.0127261225,1019.02,0.8205851912498474,334,905216,33.97,3013.4884428977966,0.26953125,1.1484538
443,907264,0.010988977,-0.009433324,0.0009746004,1037.86,-0.2796051502227783,324,907264,32.84,3019.7975418567657,0.13984375,1.2758973
444,909312,0.008736247,-0.009089796,0.01926284,1039.14,0.24568325281143188,326,909312,32.84,3026.075478076935,0.1043457,1.110838
445,911360,0.015131381,-0.0046436293,0.195792,1039.14,0.4439482092857361,344,911360,30.06,3032.0153334140778,0.14023438,1.0357172
446,913408,0.011053189,-0.0124655785,0.0037179913,1049.8,0.42256057262420654,334,913408,30.06,3038.1315739154816,0.109716795,1.2158536
447,915456,0.007422828,-1.6283355e-05,0.30665523,1057.74,0.1789555549621582,349,915456,29.5,3043.98970746994,0.09262695,0.7861455
448,917504,0.017753314,-0.02021509,0.16757503,1067.5,0.12545454502105713,332,917504,29.5,3050.15580034256,0.16352539,1.0521741
449,919552,0.012777801,-0.005506731,0.21240321,1083.89,0.10880237817764282,306,919552,27.51,3056.848686695099,0.13105468,0.7912993
450,921600,0.011489351,-0.0067977295,0.018890988,1082.56,0.3370200991630554,322,921600,25.61,3063.20015001297,0.14257812,0.7928841
451,923648,0.010747099,-0.009540038,0.013126063,1090.48,0.1583067774772644,362,923648,25.45,3068.855813264847,0.14335938,0.95352125
452,925696,0.014042646,-0.0026288144,9.550789,1090.96,0.010813236236572266,321,925696,25.37,3075.2314064502716,0.13554688,1.163584
453,927744,0.013499843,-0.010194447,0.023450742,1097.99,0.09803903102874756,365,927744,24.27,3080.84273481369,0.13896485,0.8877559
454,929792,0.012149053,-0.00849766,0.0065397965,1097.82,0.38347625732421875,314,929792,24.27,3087.3557534217834,0.17353515,1.255866
455,931840,0.0070773526,0.0006387118,0.19092144,1092.08,-0.013133645057678223,330,931840,24.27,3093.5487020015717,0.07368164,0.7800616
456,933888,0.009440319,-0.0027839555,0.03051084,1095.31,-0.33322274684906006,325,933888,24.27,3099.839859008789,0.119824216,0.9750663
457,935936,0.010262934,-0.0075193928,0.0032124624,1105.42,-0.022466421127319336,359,935936,23.46,3105.543705224991,0.120947264,0.9652748
458,937984,0.01153867,-0.002523977,10.494125,1109.74,0.1424424648284912,309,937984,25.23,3112.166916847229,0.12504883,1.3123109
459,940032,0.011076359,-0.007527636,0.0020263703,1109.74,-0.05476367473602295,358,940032,25.23,3117.87401676178,0.12714843,1.3537654
460,942080,0.01344053,-0.012802655,0.012954555,1114.21,-0.4063466787338257,326,942080,25.23,3124.154099702835,0.14526367,1.0489161
461,944128,0.015986811,-0.009420899,0.0008036018,1116.63,0.6827147901058197,327,944128,24.8,3130.416430234909,0.18183593,1.3957262
462,946176,0.010556061,-0.006353219,0.0060026958,1120.49,-0.3812342882156372,332,946176,20.3,3136.5714304447174,0.1383789,0.88339806
463,948224,0.011606881,-0.01220685,0.015008147,1120.87,0.5313839316368103,350,948224,20.3,3142.413413286209,0.15126953,1.0599291
464,950272,0.018949468,-0.010521328,0.08023499,1130.33,0.5288717448711395,350,950272,20.3,3148.2577588558197,0.1631836,0.9657732
465,952320,0.009588353,-0.0062675006,0.0020431327,1131.85,-0.33091676235198975,306,952320,20.3,3154.933032512665,0.13447265,1.1696438
466,954368,0.013544306,-0.011392947,0.0054254998,1135.34,0.7401933073997498,357,954368,19.83,3160.666493654251,0.18950196,1.1371136
467,956416,0.012863564,-0.013740407,0.049843784,1143.96,0.6159970760345459,318,956416,19.23,3167.096375465393,0.15200195,0.99112976
468,958464,0.012521389,-0.011746216,0.0029069018,1152.31,0.7788214683532715,347,958464,18.6,3172.9885783195496,0.16572265,1.1312455
469,960512,0.00817225,-0.009964885,0.038145434,1158.99,0.6778492331504822,328,960512,14.22,3179.22682929039,0.10288086,0.95982265
470,962560,0.0070781284,-0.007743986,0.0038041365,1169.22,0.065299391746521,344,962560,13.3,3185.166123867035,0.09335937,0.97916377
471,964608,0.007962189,-0.0070919907,0.026734035,1179.15,0.7029088139533997,350,964608,13.3,3191.0050432682037,0.086279295,1.28191
472,966656,0.012095656,-0.0076258266,0.04638755,1194.85,0.37840741872787476,338,966656,13.3,3197.0593118667603,0.13339844,1.0161301
473,968704,0.012675181,-0.0099873245,0.0054475833,1204.77,0.6744837164878845,360,968704,13.2,3202.743432998657,0.13105468,0.9588556
474,970752,0.013261403,-0.007931075,0.019621845,1209.79,0.37261271476745605,350,970752,13.2,3208.5890798568726,0.16020508,1.1073697
475,972800,0.013115697,-0.012337001,0.010206237,1221.55,0.4109630584716797,340,972800,13.2,3214.5964500904083,0.15302734,1.2143095
476,974848,0.012117537,-0.012010039,0.0046408726,1229.99,0.7295158505439758,351,974848,11.28,3220.4245235919952,0.15473633,1.1344894
477,976896,0.016812462,-0.015834581,0.002269904,1236.26,0.6873648166656494,363,976896,11.28,3226.0596148967743,0.20048828,1.1379284
478,978944,0.0102121355,-0.012208555,0.007717381,1245.54,0.41970449686050415,348,978944,9.3,3231.9422731399536,0.12734374,0.93271935
479,980992,0.01277143,-0.012107129,0.009631719,1255.88,0.6774547398090363,363,980992,9.3,3237.584505558014,0.12460937,0.9840552
480,983040,0.017144542,-0.0139050875,0.0055669816,1266.24,-0.29135560989379883,337,983040,9.12,3243.652453184128,0.16723633,0.96018296
481,985088,0.009055964,-0.009122852,0.00707657,1273.74,0.40888530015945435,362,985088,9.12,3249.297777891159,0.11577149,1.2980437
482,987136,0.010707447,-0.012234859,0.0013547431,1280.82,0.6495382189750671,353,987136,8.19,3255.0865273475647,0.15444335,1.3470896
483,989184,0.008627718,-0.0077562286,0.0027494351,1296.92,0.6091680228710175,347,989184,6.81,3260.9894552230835,0.11435547,1.3640826
484,991232,0.009954409,-0.010139106,0.0029661865,1306.57,0.6601596176624298,369,991232,6.79,3266.534006357193,0.14663085,1.2973945
485,993280,0.009148856,-0.010009782,0.0005541392,1306.57,0.7472629249095917,369,993280,6.79,3272.072321653366,0.13051757,1.3847945
486,995328,0.011593165,-0.012417262,0.0032205128,1313.21,0.15105295181274414,330,995328,6.79,3278.2629203796387,0.1675293,1.3260268
487,997376,0.009742877,-0.008868694,0.0015570016,1315.82,0.308774471282959,352,997376,6.79,3284.0685029029846,0.13461915,1.3274286
488,999424,0.016916566,0.0056120288,0.1998875,1323.28,0.800749197602272,317,999424,6.79,3290.521438598633,0.10175781,1.0623274
489,1001472,0.014425519,-0.013362428,0.0026075807,1331.14,0.3766489624977112,344,1001472,6.79,3296.4712796211243,0.19331054,1.2010801
490,1003520,0.01949711,0.0062269894,0.3440141,1334.89,0.7276870012283325,336,1003520,6.79,3302.554335832596,0.102148436,1.1811396
491,1005568,0.010665065,-0.0075935544,0.0011194595,1342.6,-0.19499504566192627,370,1005568,6.71,3308.0844027996063,0.12753907,1.3726438
492,1007616,0.011128234,-0.00717556,0.00091573485,1347.89,0.6494808495044708,370,1007616,6.7,3313.612291097641,0.16967773,1.3783618
493,1009664,0.008913106,-0.005260578,0.007293532,1347.89,0.10689687728881836,341,1009664,6.7,3319.610459089279,0.11743164,1.1979158
494,1011712,0.012756604,-0.0040819724,0.0021613012,1352.86,0.9909232193604112,342,1011712,6.7,3325.596458673477,0.13422851,1.1032307
495,1013760,0.021537393,-0.003875779,1.2464945,1359.45,0.24227750301361084,331,1013760,4.8,3331.765851020813,0.09287109,1.190712
496,1015808,0.011512384,-0.010012062,0.0008949119,1359.45,-0.03259086608886719,354,1015808,4.8,3337.5355710983276,0.17333984,1.333255
497,1017856,0.010222634,-0.0071627437,0.0054366025,1364.11,0.5816308856010437,346,1017856,4.8,3343.446068048477,0.12705079,1.2374883
498,1019904,0.0096108215,-0.011513007,0.011389209,1364.11,0.24846380949020386,328,1019904,4.8,3349.6809208393097,0.13061523,1.114117
499,1021952,0.012647323,-0.0047380226,0.004315852,1368.49,-12.095296859741211,368,1021952,4.8,3355.243535041809,0.15336914,1.339721
500,1024000,0.011684367,-0.01081888,0.0030516784,1372.7,-3.190915584564209,347,1024000,4.8,3361.128979921341,0.16279297,1.3208412
501,1026048,0.008647823,-0.009470215,0.0029880223,1378.91,0.3982223868370056,347,1026048,4.57,3367.014717578888,0.109960936,1.2284226
502,1028096,0.0065750442,-0.0050072046,0.0019498207,1385.52,0.15235185623168945,364,1028096,4.57,3372.6344895362854,0.086523436,1.360391
503,1030144,0.008717952,-0.011790384,0.0021229028,1385.52,0.5922189950942993,348,1030144,4.57,3378.5160217285156,0.122558594,1.2997527
504,1032192,0.010226837,-0.008419643,0.00017198935,1385.52,0.352191686630249,364,1032192,4.57,3384.135822534561,0.13583985,1.3161068
505,1034240,0.012212884,-0.011602513,0.0020946097,1389.21,0.3062082529067993,370,1034240,4.57,3389.6683266162872,0.16464844,1.2593989
506,1036288,0.009919253,-0.011532677,0.0019606717,1401.68,-0.02721858024597168,343,1036288,3.35,3395.63170671463,0.14023438,1.2937982
507,1038336,0.009316636,-0.0077552134,0.000662071,1401.68,0.2664811611175537,361,1038336,3.35,3401.2926206588745,0.091552734,1.2296901
508,1040384,0.006982749,-0.007903142,0.0013272928,1401.68,0.44601112604141235,348,1040384,3.35,3407.164841890335,0.083789065,1.2829276
509,1042432,0.012695609,-0.01074501,0.0019177425,1409.53,-0.6715543270111084,333,1042432,3.35,3413.3052129745483,0.15776367,1.2406343
510,1044480,0.013377024,-0.007924741,0.00037691055,1415.1,0.37060242891311646,367,1044480,3.35,3418.8790006637573,0.16723633,1.2439191
511,1046528,0.008102333,-0.0037216109,0.0060753515,1430.24,-9.363239288330078,345,1046528,3.35,3424.798763036728,0.10405274,1.1442078
512,1048576,0.008934045,-0.008270317,0.0008474103,1438.66,-1.0676069259643555,363,1048576,3.35,3430.435311794281,0.13476562,1.268201
513,1050624,0.012670485,-0.010745758,0.0025380945,1438.66,0.6716563701629639,351,1050624,3.35,3436.2625839710236,0.15424804,1.1496412
514,1052672,0.014468689,-0.01243195,0.004842489,1438.66,-1.400191068649292,345,1052672,3.35,3442.184119939804,0.1809082,1.1882656
515,1054720,0.01075769,-0.010325799,0.00011108562,1438.66,0.6050543189048767,363,1054720,3.35,3447.8178000450134,0.13032226,1.2671454
516,1056768,0.012583023,-0.014667389,0.0014151105,1438.66,0.3025249242782593,369,1056768,3.35,3453.3595662117004,0.14726563,1.253706
517,1058816,0.008470679,-0.007096206,0.0013246282,1438.66,0.28435295820236206,341,1058816,3.35,3459.349807739258,0.10341797,1.0825998
518,1060864,0.012818461,-0.015316417,0.0025601438,1438.66,0.321075439453125,364,1060864,3.35,3464.9728524684906,0.18232422,1.1490248
519,1062912,0.010845533,-0.009367558,0.0017874347,1438.66,-0.8627041578292847,368,1062912,3.35,3470.5261924266815,0.14697266,1.12071
520,1064960,0.012026782,-0.0048031765,0.0004146981,1447.3,0.5517061948776245,315,1064960,3.35,3477.0107986927032,0.14560547,0.9008753
521,1067008,0.011101524,-0.015052904,0.0017127376,1447.3,-0.2632697820663452,322,1067008,3.35,3483.3544108867645,0.14833984,0.9094013
522,1069056,0.012323829,-0.008324569,0.0015034324,1447.3,0.3097829818725586,283,1069056,1.77,3490.5693311691284,0.15629883,0.94092387
523,1071104,0.011353637,-0.010366811,0.0008945743,1454.56,0.8541213870048523,326,1071104,1.77,3496.841502428055,0.17026368,1.2051
524,1073152,0.017511379,-0.004781494,0.00052740454,1454.56,0.5676806569099426,342,1073152,1.77,3502.820137500763,0.153125,0.9415477
525,1075200,0.012275268,-0.010642587,0.0027285083,1460.19,0.22585821151733398,298,1075200,1.77,3509.681628704071,0.17016602,1.1345458
526,1077248,0.010115624,-0.005720428,0.00056819274,1464.84,-0.7149100303649902,344,1077248,1.77,3515.631070137024,0.12685546,1.0713694
527,1079296,0.016892213,-0.008792327,0.0007510996,1465.93,-4.124616622924805,352,1079296,1.77,3521.435813188553,0.119189456,0.9981011
528,1081344,0.018615158,-0.011616105,0.0040357816,1471.25,0.5698502063751221,307,1081344,1.77,3528.103051185608,0.16811523,1.0392665
529,1083392,0.010475023,-0.0111436555,0.0004482463,1471.25,0.8467288464307785,356,1083392,1.77,3533.8421955108643,0.15078124,1.2068893
530,1085440,0.009528574,-0.006736804,0.0006971607,1473.06,-0.3679990768432617,319,1085440,1.77,3540.2462430000305,0.12734374,1.0015777
531,1087488,0.016716314,-0.011529675,0.022520412,1476.86,-3.099513053894043,299,1087488,0.0,3547.0906195640564,0.17402343,0.9883278
532,1089536,0.010709511,-0.012801033,0.00070384506,1480.5,0.5696398317813873,320,1089536,0.0,3553.486768722534,0.12250976,1.0845101
533,1091584,0.008546278,-0.0074059763,0.0010171016,1486.82,0.23183542490005493,321,1091584,0.0,3559.8528032302856,0.11240234,0.9285324
534,1093632,0.008162489,-0.0071432106,0.0024431902,1486.82,-2.825387716293335,334,1093632,0.0,3565.9673359394073,0.11186524,0.98287535
535,1095680,0.02129971,-0.0071189078,0.0031790263,1478.72,-0.24697279930114746,311,1095680,0.0,3572.5474812984467,0.13266602,0.89776057
536,1097728,0.016984943,-0.011108488,0.00060467154,1478.72,-0.009770393371582031,366,1097728,0.0,3578.138203859329,0.17666015,0.97347224
537,1099776,0.03238008,-0.005207322,0.002481659,1482.44,-1.3948323726654053,346,1099776,0.0,3584.050327539444,0.115722656,0.9450331
538,1101824,0.013660115,-0.013087638,0.00022007243,1482.44,0.4094611406326294,364,1101824,0.0,3589.6632237434387,0.1616211,1.1558621
539,1103872,0.013220562,-0.0061022313,0.0029940906,1482.44,0.09642618894577026,371,1103872,0.0,3595.1803538799286,0.13330078,0.9003569
540,1105920,0.014016241,-0.005237593,0.006224818,1482.44,0.6074185371398926,340,1105920,0.0,3601.20134305954,0.14814453,0.948328
541,1107968,0.006762457,-0.003832174,0.0017985478,1482.44,0.3097992539405823,357,1107968,0.0,3606.923737049103,0.08134766,0.93478334
542,1110016,0.0075695002,-0.0014197746,0.002598704,1482.44,0.29512250423431396,333,1110016,0.0,3613.0667991638184,0.09379883,0.83044565
543,1112064,0.014664492,-0.009748106,0.0018183261,1482.44,0.6958373785018921,319,1112064,0.0,3619.4738121032715,0.14433594,0.9120758
544,1114112,0.03361131,-0.0044528823,0.004458892,1482.44,0.1776268482208252,355,1114112,0.0,3625.242273569107,0.10649414,0.9375941
545,1116160,0.0069358074,-0.004700417,0.00010415995,1482.44,0.5744629502296448,329,1116160,0.0,3631.463203191757,0.08779297,1.1839068
546,1118208,0.010050504,-0.0023627018,0.010297411,1482.44,0.7406285107135773,368,1118208,0.0,3637.021376848221,0.12402344,0.87284976
547,1120256,0.01797906,-0.003641142,0.051347643,1482.44,0.6088494956493378,363,1120256,0.0,3642.651738882065,0.15996094,0.80098504
548,1122304,0.013523005,-0.010654711,0.0010402661,1482.44,0.7059036493301392,332,1122304,0.0,3648.814557790756,0.1274414,1.0656106
549,1124352,0.008609017,-0.008188085,0.0014492427,1482.44,0.7706703245639801,341,1124352,0.0,3654.816658973694,0.11459961,1.0010312
550,1126400,0.0107767265,-0.008550302,0.003161988,1482.44,0.7355915009975433,357,1126400,0.0,3660.5491650104523,0.120751955,0.8982962
551,1128448,0.008850104,-0.010955049,0.0030385968,1482.44,-0.6311608552932739,340,1128448,0.0,3666.572830438614,0.11821289,0.89017075
552,1130496,0.009239774,-0.0023263094,0.009613579,1482.44,0.29663610458374023,365,1130496,0.0,3672.1820509433746,0.118896484,0.894279
553,1132544,0.017757853,-0.0037321523,0.021716341,1482.44,-0.021222829818725586,339,1132544,0.0,3678.208080291748,0.16894531,0.8687007
554,1134592,0.009542718,-0.008958064,0.0023933188,1482.44,0.33697420358657837,312,1134592,0.0,3684.7648079395294,0.11806641,0.8983325
555,1136640,0.02867579,-0.012563974,0.0021368521,1482.44,0.40605098009109497,335,1136640,0.0,3690.8733253479004,0.17148438,0.97057724
556,1138688,0.023812495,-0.00090606575,0.0044939467,1482.44,-0.02228677272796631,332,1138688,0.0,3697.037944793701,0.17988281,0.96984804
557,1140736,0.012564985,-0.006636914,0.0007472967,1482.44,-0.06853604316711426,368,1140736,0.0,3702.590019464493,0.17436524,0.9499386
558,1142784,0.010800061,-0.012372991,0.0011759897,1482.44,0.8100170642137527,344,1142784,0.0,3708.534458875656,0.13334961,1.1106709
559,1144832,0.006310121,-0.0045730225,0.0021133702,1482.44,-0.23968327045440674,322,1144832,0.0,3714.8786985874176,0.069042966,1.025264
560,1146880,0.009816015,-0.006663042,0.001558631,1482.44,-0.46052300930023193,352,1146880,0.0,3720.6892721652985,0.12890625,1.0769746
561,1148928,0.011247666,-0.010190709,0.00072376063,1482.69,0.840789258480072,333,1148928,0.0,3726.828845024109,0.11616211,1.0398709
562,1150976,0.013190797,-0.008434982,0.0010777491,1488.8,0.5198385119438171,323,1150976,0.0,3733.1665863990784,0.15268555,1.0372218
563,1153024,0.013690442,-0.0059313728,0.00047865338,1488.8,0.19984334707260132,338,1153024,0.0,3739.2166950702667,0.089501955,0.87039644
564,1155072,0.009980471,-0.010664461,0.00090051146,1488.8,0.08354365825653076,355,1155072,0.0,3744.9814586639404,0.11464844,0.9528343
565,1157120,0.010916963,-0.010874324,0.0018024631,1488.8,-0.7970085144042969,344,1157120,0.0,3750.9253900051117,0.1415039,0.8735796
566,1159168,0.0069102785,-0.006920985,0.00017696909,1488.8,0.8183349519968033,315,1159168,0.0,3757.4123384952545,0.09423828,1.0323678
567,1161216,0.009403315,0.0017359133,0.0023936948,1492.9,-0.9795153141021729,335,1161216,0.0,3763.524069547653,0.11767578,1.198371
568,1163264,0.009997344,-0.004769834,0.0008060218,1492.9,-0.6966735124588013,335,1163264,0.0,3769.6338350772858,0.13129883,0.8551179
569,1165312,0.008146355,-0.0056388797,8.102028e-05,1492.9,0.022905468940734863,343,1165312,0.0,3775.593930721283,0.097558595,1.0610912
570,1167360,0.007603475,-0.005267117,0.001307732,1492.9,-0.29939091205596924,346,1167360,0.0,3781.500073194504,0.09443359,0.9071859
571,1169408,0.0057516377,-0.008054741,0.000820737,1492.9,0.3328065276145935,370,1169408,0.0,3787.032927274704,0.07314453,0.92764664
572,1171456,0.01293083,-0.0080560725,0.00022473687,1492.9,0.4381294250488281,362,1171456,0.0,3792.679696083069,0.17695312,1.0327115
573,1173504,0.008385887,-0.0060146884,0.0013826729,1492.9,-3.61873722076416,346,1173504,0.0,3798.5977215766907,0.10991211,0.9567458
574,1175552,0.007895399,-0.00954907,0.0011398266,1492.9,0.15679693222045898,365,1175552,0.0,3804.1955015659332,0.08759765,0.9020255
575,1177600,0.010466299,-0.007473561,0.00090418535,1492.9,0.024674296379089355,358,1177600,0.0,3809.904530763626,0.13647461,0.78004897
576,1179648,0.012106711,-0.0060411748,0.001718296,1492.9,-4.6112871170043945,348,1179648,0.0,3815.7801265716553,0.09785156,0.82099897
577,1181696,0.006643208,-0.005310208,0.0002669736,1492.9,-0.34574949741363525,356,1181696,0.0,3821.5255012512207,0.084033206,0.81789315
578,1183744,0.0072605745,-0.009218005,0.0018378282,1492.9,-5.931008815765381,327,1183744,0.0,3827.774224281311,0.09169922,0.8400842
579,1185792,0.018550197,-0.00870799,0.0015528299,1492.9,-1.3943798542022705,324,1185792,0.0,3834.0953166484833,0.17753907,0.82714444
580,1187840,0.011296721,-0.006952569,0.0007477532,1492.9,-0.11560344696044922,350,1187840,0.0,3839.9336087703705,0.13432617,0.8347495
581,1189888,0.011381892,-0.008924325,0.00045806883,1492.9,-0.044098734855651855,325,1189888,0.0,3846.2198588848114,0.13520508,0.7666968
582,1191936,0.009969835,-0.0072623417,0.00042568246,1492.9,-0.38566625118255615,340,1191936,0.0,3852.226353406906,0.11992188,0.7332389
583,1193984,0.013484629,-0.00725488,2.7604308e-05,1492.9,0.010463953018188477,364,1193984,0.0,3857.8508298397064,0.14750977,0.82950526
584,1196032,0.007751105,-0.0025081318,0.0016543145,1492.9,-1.7957673072814941,348,1196032,0.0,3863.727033138275,0.091796875,0.821201
585,1198080,0.0076526725,-0.002634109,0.0009229928,1492.9,0.09756618738174438,373,1198080,0.0,3869.2135224342346,0.09345703,0.8628462
586,1200128,0.00719414,-0.00406622,0.00070831453,1492.9,-6.683818340301514,336,1200128,0.0,3875.296317577362,0.09428711,0.8207552
587,1202176,0.0058304155,-0.0036782213,0.00083620875,1492.9,-9.680824279785156,327,1202176,0.0,3881.5498654842377,0.054296874,0.75313336
588,1204224,0.006229249,-0.0015597768,0.0009117924,1492.9,-20.045177459716797,335,1204224,0.0,3887.6631813049316,0.082128905,0.8411089
589,1206272,0.012786999,-0.0061037103,0.00068338425,1492.9,-0.2822568416595459,326,1206272,0.0,3893.945494413376,0.14223632,0.7500175
590,1208320,0.013593467,-0.0076829465,0.0005576508,1492.9,-1.3616230487823486,357,1208320,0.0,3899.6783826351166,0.15864258,0.8233218
591,1210368,0.013407621,-0.0051952293,6.539828e-05,1492.9,-0.5299677848815918,344,1210368,0.0,3905.62331366539,0.16640624,0.7998937
592,1212416,0.03513923,-0.005033256,0.00049470004,1492.9,-4.104135036468506,338,1212416,0.0,3911.6680765151978,0.10410156,0.7881837
593,1214464,0.015436408,-0.0067201704,0.0001198804,1492.9,-4.958805084228516,367,1214464,0.0,3917.246482372284,0.14082031,0.9820873
594,1216512,0.011680594,-0.013344137,0.0009922646,1492.9,-3.8052878379821777,353,1216512,0.0,3923.045187473297,0.110888675,0.8246948
595,1218560,0.011474211,-0.0030572594,0.0012205811,1492.9,-1.792694091796875,351,1218560,0.0,3928.87132024765,0.13081054,0.7445182
596,1220608,0.009474481,-0.006811537,0.0024122358,1492.9,-0.311984658241272,369,1220608,0.0,3934.4109179973602,0.10629883,0.8841729
597,1222656,0.0147981495,-0.0025589983,0.00055343367,1492.9,-0.05317282676696777,336,1222656,0.0,3940.5017428398132,0.11743164,0.87032956
598,1224704,0.012004669,-0.0070676384,0.0024169064,1492.9,-8.79179859161377,341,1224704,0.0,3946.5052168369293,0.1283203,0.6992203
599,1226752,0.012045543,-0.0061927,0.0002865868,1492.9,-0.012131929397583008,365,1226752,0.0,3952.1116037368774,0.10864258,0.7992369
600,1228800,0.021628285,-0.0115994895,0.00038408575,1492.9,-4.590871810913086,345,1228800,0.0,3958.0369250774384,0.13891602,0.8468542
601,1230848,0.012095438,-0.007312992,0.0010564048,1492.9,-0.27662110328674316,369,1230848,0.0,3963.5853004455566,0.15366212,1.0505185
602,1232896,0.011245796,-0.0053409105,0.00021812212,1492.9,-0.7076554298400879,368,1232896,0.0,3969.137885570526,0.14936523,1.017213
603,1234944,0.012033786,-0.0040018945,0.0009661787,1492.9,-1.0761020183563232,344,1234944,0.0,3975.0840413570404,0.13666992,0.9338584
604,1236992,0.0083259735,-0.002402917,0.0003592103,1492.9,-33.40083312988281,366,1236992,0.0,3980.666420698166,0.111523435,1.2123841
605,1239040,0.007082036,-0.0026894219,0.00037318785,1492.9,-121.95345306396484,336,1239040,0.0,3986.7575693130493,0.09394531,1.255338
606,1241088,0.008376355,-0.008390151,0.00050717755,1492.9,-0.013338446617126465,344,1241088,0.0,3992.6988134384155,0.09702148,1.1053063
607,1243136,0.011034978,-0.004106771,0.00011718657,1492.9,0.23677849769592285,340,1243136,0.0,3998.7055764198303,0.12778321,0.94275427
608,1245184,0.007555887,0.002205191,2.0587897e-05,1492.9,-1.1485862731933594,349,1245184,0.0,4004.563005208969,0.085839845,1.21311
609,1247232,0.009004528,-0.0043622195,0.0011355128,1501.0,-5.346489906311035,319,1247232,0.0,4010.967489004135,0.105322264,1.0548054
610,1249280,0.010317762,-0.0016122258,0.00022205726,1501.0,0.31927579641342163,357,1249280,0.0,4016.69180727005,0.1415039,1.1214515
611,1251328,0.008037141,-0.00481068,0.00039927446,1501.0,-3.7527151107788086,346,1251328,0.0,4022.599207162857,0.10048828,1.194312
612,1253376,0.011858487,-0.004070434,0.00090259744,1498.43,-0.0035064220428466797,318,1253376,0.0,4029.02454662323,0.18066406,1.0859437
613,1255424,0.012477712,-0.007267901,6.697021e-05,1494.2,0.8472869098186493,295,1255424,0.0,4035.9512016773224,0.17988281,1.0816191
614,1257472,0.0110376375,-0.00046729413,0.0005958814,1494.2,-1.601689100265503,337,1257472,0.0,4042.024034023285,0.15776367,1.1153078
615,1259520,0.009431066,-0.0017474977,0.0006731228,1494.2,-11854.3818359375,352,1259520,0.0,4047.839164018631,0.11552735,1.1856562
616,1261568,0.007821069,0.00033915127,0.00045109037,1494.2,-9870.8896484375,341,1261568,0.0,4053.83461022377,0.08935547,1.1527709
617,1263616,0.013677682,-0.00319416,0.00018013259,1494.2,-17488.7109375,363,1263616,0.0,4059.474689722061,0.18432617,1.2256578
618,1265664,0.005617077,0.0013349822,0.0007812431,1494.2,-15.985807418823242,319,1265664,0.0,4065.8873426914215,0.051123045,1.2680627
619,1267712,0.013141414,-0.011625031,0.00018489956,1488.51,-3.7150802612304688,329,1267712,0.0,4072.098564147949,0.14135742,1.0856134
620,1269760,0.011497072,-0.0016474826,0.00025780872,1488.51,-587.3179321289062,337,1269760,0.0,4078.175046443939,0.13618164,1.1904125
621,1271808,0.011484606,-0.007130905,0.00014033864,1488.51,0.6418933868408203,342,1271808,0.0,4084.1508440971375,0.14477539,1.1325352
622,1273856,0.015370774,0.00042218837,0.0010152117,1476.84,-0.2596803903579712,305,1273856,0.0,4090.845732688904,0.13227539,0.8685198
623,1275904,0.027135748,-0.0018133627,0.0009885551,1476.84,-58.840476989746094,323,1275904,0.0,4097.178105354309,0.07446289,1.19324
624,1277952,0.010863853,-0.0031526883,0.0041605667,1467.11,0.8402279168367386,284,1277952,0.0,4104.36671090126,0.109228514,0.84760267
625,1280000,0.0077768997,0.0021118124,0.014911416,1460.78,0.6931953728199005,336,1280000,0.0,4110.446578979492,0.08461914,0.8620547
626,1282048,0.013193543,-0.0038158235,0.00058693194,1460.78,-165.47943115234375,333,1282048,0.0,4116.590281486511,0.15756837,1.062985
627,1284096,0.0077274134,-0.0036686542,0.000384351,1460.78,0.07377678155899048,351,1284096,0.0,4122.411546468735,0.08896484,1.1296636
628,1286144,0.009985605,-0.009959482,0.00013963456,1460.78,0.6108641624450684,344,1286144,0.0,4128.352853059769,0.1428711,1.1347468
629,1288192,0.012660643,-0.007708531,0.0007052536,1453.74,-0.4487488269805908,312,1288192,0.0,4134.915306568146,0.16137695,0.85746396
630,1290240,0.01584111,-0.00799997,0.001463148,1453.74,-2.7444419860839844,335,1290240,0.0,4141.027755737305,0.13208008,1.0802801
631,1292288,0.0075015477,-0.004298223,0.00036056445,1453.74,-0.6922135353088379,357,1292288,0.0,4146.75155711174,0.09511719,1.0971553
632,1294336,0.008582633,-0.0050626597,0.0006210754,1453.74,-10.074699401855469,354,1294336,0.0,4152.524744272232,0.12045898,1.0827168
633,1296384,0.008518839,-0.004942111,0.00041049425,1453.74,-0.11041593551635742,323,1296384,0.0,4158.861432790756,0.103759766,1.0677232
634,1298432,0.01891143,-0.0023871227,0.00018082056,1453.74,-104.88834381103516,330,1298432,0.0,4165.05820441246,0.1703125,1.1250346
635,1300480,0.00817945,-0.008746946,4.829906e-05,1453.74,0.6201547682285309,362,1300480,0.0,4170.708385229111,0.10864258,1.1739914
636,1302528,0.011881262,-0.012173323,0.00034704758,1453.74,-0.10287714004516602,346,1302528,0.0,4176.625260353088,0.15996094,1.095663
637,1304576,0.0071449615,-0.004835205,0.0003300366,1453.74,-0.6431947946548462,339,1304576,0.0,4182.66158080101,0.095947266,1.0867174
638,1306624,0.0060853064,-0.0036028165,0.0004692797,1443.88,-1.0190343856811523,312,1306624,0.0,4189.224838972092,0.071777344,0.8682748
639,1308672,0.009735314,0.0016022535,0.00034580377,1443.88,-39.0386848449707,330,1308672,0.0,4195.4284653663635,0.10668945,1.2027054
640,1310720,0.009502287,-0.0065749595,0.0006329587,1443.88,-2.756269693374634,349,1310720,0.0,4201.283169269562,0.13691406,1.125305
641,1312768,0.011001778,-0.001646316,0.00033214752,1443.88,-1056.7552490234375,347,1312768,0.0,4207.176266908646,0.14936523,1.1456091
642,1314816,0.008842415,0.0016235888,0.0004298931,1443.88,-725.3240966796875,322,1314816,0.0,4213.522106170654,0.1184082,1.1889119
643,1316864,0.008413583,-0.0114209065,5.5937628e-05,1436.19,0.23221498727798462,318,1316864,0.0,4219.943784952164,0.099169925,0.99932545
644,1318912,0.0061830557,-0.0049054874,8.788305e-05,1432.34,-0.16581273078918457,313,1318912,0.0,4226.472433567047,0.07490234,0.9559001
645,1320960,0.02949838,-0.0069955243,0.00048753797,1432.34,-596.67724609375,333,1320960,0.0,4232.621274471283,0.107470706,1.1317769
646,1323008,0.00713766,-0.0031609838,0.00028000626,1424.55,-1.5290741920471191,325,1323008,0.0,4238.922714471817,0.09418945,1.0077116
647,1325056,0.00932266,-0.0014119509,9.732897,1409.94,-0.050788164138793945,293,1325056,1.58,4245.909732341766,0.10629883,0.97593194
648,1327104,0.009849692,-0.0007400202,0.00017727829,1409.94,-5071.54052734375,336,1327104,1.58,4251.999903202057,0.12265625,1.2065921
649,1329152,0.010993503,-0.007872068,0.00017694032,1409.94,-17085.880859375,357,1329152,1.58,4257.736531019211,0.16079101,1.1527226
650,1331200,0.012406082,-0.008439468,17.410036,1396.35,-0.003868579864501953,296,1331200,4.49,4264.635554075241,0.14248046,0.92323697
651,1333248,0.012063431,-0.009100147,0.0004969005,1386.68,0.13882440328598022,320,1333248,4.49,4271.018234014511,0.13588867,1.0035253
652,1335296,0.021663247,0.029333819,0.00038489056,1377.32,0.8237078934907913,331,1335296,4.49,4277.195581197739,0.16171876,1.0064886
653,1337344,0.009338234,0.0022389286,0.49652687,1366.79,-0.02309727668762207,320,1337344,4.49,4283.5813064575195,0.107470706,0.9718795
654,1339392,0.02096829,-0.0082233995,3.1866906,1338.01,0.057673752307891846,283,1339392,5.4,4290.805503129959,0.18247071,0.9236566
655,1341440,0.00966439,0.009873966,0.0012543167,1316.77,0.09291332960128784,289,1341440,5.4,4297.874271631241,0.107666016,0.85650957
656,1343488,0.011422371,-0.0014354165,3.943081,1300.13,0.062340617179870605,339,1343488,6.16,4303.907044172287,0.13999024,0.94274455
657,1345536,0.009369786,-0.0039703045,0.0007609956,1296.98,-301.261962890625,336,1345536,6.16,4309.992646932602,0.12822266,1.2017101
658,1347584,0.012549805,-0.0024410742,13.347084,1278.23,0.10203373432159424,296,1347584,8.42,4316.893908023834,0.15439454,0.88064194
659,1349632,0.008242343,0.0019420628,0.0008873463,1265.78,0.3125574588775635,323,1349632,8.42,4323.2186851501465,0.10268555,1.0570999
660,1351680,0.027415553,0.007869678,0.00038617867,1257.85,-1021.501953125,324,1351680,8.42,4329.521537780762,0.2836426,1.1699988
661,1353728,0.024964208,-0.028232688,0.0003948308,1248.12,0.9102704674005508,311,1353728,8.42,4336.0869352817535,0.2277832,1.0593299
662,1355776,0.013287343,-0.005155512,0.00049504393,1238.73,0.4234657883644104,311,1355776,8.42,4342.6587743759155,0.1650879,1.0548842
663,1357824,0.014554428,-0.011386511,0.00017936049,1234.49,0.37260615825653076,318,1357824,8.42,4349.088692903519,0.20722656,1.0545839
664,1359872,0.016579354,-0.014660871,0.00027247728,1229.16,-0.16298305988311768,318,1359872,8.42,4355.528162956238,0.18051758,1.1778373
665,1361920,0.01624867,-0.014224736,0.0018788772,1222.83,0.8658016920089722,311,1361920,8.42,4362.105127334595,0.19750977,1.055743
666,1363968,0.011112144,-0.0048180195,6.0851635e-05,1222.83,0.7496391236782074,344,1363968,8.42,4368.049601078033,0.15390626,1.1779209
667,1366016,0.009724936,-0.006931239,0.0005238607,1218.53,0.4079936742782593,311,1366016,8.42,4374.618150949478,0.12768555,1.1446741
668,1368064,0.013244602,-0.010934246,0.00014976531,1218.53,0.5996572375297546,360,1368064,8.42,4380.296235084534,0.15214844,1.2119838
669,1370112,0.011338482,-0.004022321,22.433218,1218.5,0.07769250869750977,303,1370112,11.99,4387.039973974228,0.13608399,1.1810215
670,1372160,0.015587056,-0.0087054605,0.00018024877,1218.5,0.7856370210647583,355,1372160,11.99,4392.793284416199,0.16674805,1.2108539
671,1374208,0.013620138,-0.0031762745,0.0010337,1203.57,0.39034342765808105,314,1374208,11.99,4399.304702997208,0.18344727,1.1017734
672,1376256,0.022940561,-0.009100658,13.816032,1196.54,0.11378467082977295,294,1376256,14.43,4406.256531953812,0.19013672,0.9871928
673,1378304,0.32171732,-0.0027725706,2.7129967,1188.27,0.17535161972045898,304,1378304,15.02,4412.987945318222,0.24091797,1.0422114
674,1380352,0.06965758,0.0007156191,0.009270341,1159.76,0.6084153056144714,279,1380352,15.02,4420.30367398262,0.14658204,0.949803
675,1382400,0.0067868987,0.0024364349,0.00093566097,1137.48,0.9490191116929054,282,1382400,15.02,4427.550973415375,0.076367185,0.9844211
676,1384448,0.012014201,-0.006239375,26.0552,1120.93,0.11517542600631714,268,1384448,19.37,4435.179224014282,0.15253906,0.8888391
677,1386496,0.021347376,-0.007468149,0.0006239248,1104.06,-50.968936920166016,288,1386496,19.37,4442.281482934952,0.1890625,1.041735
678,1388544,0.01054435,-0.0060634976,0.00029117274,1095.57,-0.2702263593673706,290,1388544,19.37,4449.320817947388,0.13447265,1.0282035
679,1390592,0.01116641,-0.0022099288,0.0013759542,1073.27,0.4806898236274719,289,1390592,19.37,4456.405162334442,0.13671875,1.1056712
680,1392640,0.011949797,-0.0062255017,0.0004172727,1059.7,-0.29455864429473877,324,1392640,19.37,4462.7208132743835,0.13671875,0.9716135
681,1394688,0.016504252,-0.004970705,4.8435364,1053.98,0.24241411685943604,305,1394688,19.37,4469.423916816711,0.18471679,0.93251544
682,1396736,0.015741717,-0.002980116,8.056669,1046.79,0.13620299100875854,325,1396736,21.07,4475.72576546669,0.12929687,1.0100774
683,1398784,0.009422648,-0.0011200085,14.799734,1011.03,0.07148957252502441,277,1398784,25.06,4483.109528541565,0.111523435,0.78336686
684,1400832,0.014202128,-0.0017213894,0.015283778,1001.58,0.868105098605156,325,1400832,25.06,4489.407171964645,0.15981445,1.1609901
685,1402880,0.013194701,-0.0005866256,6.5514,975.05,0.13526016473770142,296,1402880,26.39,4496.3192410469055,0.13574219,0.8389188
686,1404928,0.010791836,-0.004111889,17.98406,973.23,0.1368008255958557,321,1404928,29.51,4502.693982839584,0.14384766,1.0035765
687,1406976,0.008475334,-0.00065479625,13.622391,937.64,0.02198922634124756,277,1406976,31.82,4510.070673465729,0.09770508,0.8908655
688,1409024,0.010794804,-0.004501615,21.74072,918.52,0.08505773544311523,291,1409024,35.45,4517.101006269455,0.14013672,0.83337545
689,1411072,0.009994985,-0.0037568181,0.00066629605,892.87,-0.015130043029785156,286,1411072,35.45,4524.238296747208,0.115673825,1.0062312
690,1413120,0.017452717,-0.015275689,0.0008693336,868.59,-2.984647512435913,289,1413120,33.87,4531.304356336594,0.17705078,1.0099585
691,1415168,0.08547962,-0.0037565934,0.0004316865,849.07,-0.6410877704620361,302,1415168,31.98,4538.080579519272,0.117089845,1.0392554
692,1417216,0.00896595,-0.0018976347,0.0005104074,840.46,-1085.76953125,289,1417216,30.96,4545.152437210083,0.12192383,1.068466
693,1419264,0.01133108,-0.002413693,0.00016753691,829.65,0.9587037116289139,278,1419264,30.96,4552.519633769989,0.14052734,1.0009797
694,1421312,0.016455496,0.001902841,1.8193601,829.59,0.242669939994812,294,1421312,30.5,4559.476151227951,0.1737793,1.1391034
695,1423360,0.011331863,-0.0058070538,0.0005547643,828.01,-4.75606107711792,300,1423360,30.5,4566.29395198822,0.14169922,1.0784204
696,1425408,0.012411866,-0.00075537886,11.301058,825.57,0.09925347566604614,296,1425408,31.63,4573.200669765472,0.14536133,0.9279623
697,1427456,0.009914372,-0.001588195,19.245495,803.78,0.1371225118637085,274,1427456,32.69,4580.654847145081,0.11586914,0.9002533
698,1429504,0.017912457,0.003847809,0.00053872087,789.76,0.3249242305755615,278,1429504,32.69,4587.999076604843,0.15952149,1.0700172
699,1431552,0.015692126,-0.013388345,4.818581e-05,783.62,0.7021841704845428,284,1431552,32.69,4595.204953670502,0.18999024,1.1906332
700,1433600,0.018683327,-0.0008897313,1.8708391,785.0,0.18629121780395508,296,1433600,32.69,4602.112416505814,0.17939453,1.1159431
701,1435648,0.03151152,-0.008802681,14.381231,764.62,0.17949414253234863,261,1435648,35.6,4609.93336057663,0.18881837,0.8839348
