#{"env_id": "SetDown-v3", "t_start": 1532115461.5990052}
r,l,t
0,1501,4.476015
0,1501,8.992253
0,1501,13.369979
0,1501,16.983244
0,1501,21.487893
0,1501,25.836235
0,1501,30.189813
0,1501,33.723781
0,1501,38.187331
0,1501,42.597464
0,1501,47.056769
0,1501,50.672481
0,1501,55.02727
0,1501,59.464766
0,1501,63.110668
0,1501,67.621803
0,1501,72.054834
0,1501,76.512088
0,1501,80.049757
0,1501,84.385412
0,1501,88.869715
0,1501,93.24859
0,1501,96.811069
0,1501,101.277892
0,1501,105.726271
0,1501,110.153427
0,1501,113.707492
0,1501,118.160315
0,1501,122.606729
0,1501,126.100841
0,1501,130.429855
0,1501,134.846241
0,1501,139.321993
0,1501,142.866539
0,1501,147.380156
0,1501,151.931663
0,1501,156.378331
0,1501,159.844238
0,1501,164.218343
0,1501,168.69325
0,1501,173.056137
0,1501,176.600767
0,1501,181.024978
0,1501,185.469185
0,1501,188.998954
0,1501,193.511284
0,1501,198.336278
0,1501,203.119105
0,1501,207.004342
0,1501,211.611781
0,1501,216.898187
0,1501,221.220168
0,1501,224.805905
0,1501,229.142519
0,1501,233.50433
0,1501,237.880783
0,1501,241.502354
0,1501,245.89662
0,1501,250.302194
0,1501,253.840234
0,1501,258.264038
0,1501,262.689062
0,1501,267.045301
0,1501,270.556386
0,1501,274.940407
0,1501,279.350397
0,1501,283.752648
0,1501,287.243109
0,1501,291.644062
0,1501,296.103828
0,1501,300.475565
0,1501,304.031034
0,1501,308.5436
0,1501,313.001543
0,1501,316.582634
0,1501,320.985638
0,1501,325.443058
0,1501,329.856852
0,1501,333.507707
0,1501,337.88525
0,1501,342.388772
0,1501,346.842075
0,1501,350.345065
0,1501,354.805215
0,1501,359.188406
0,1501,363.591353
0,1501,367.25446
0,1501,371.752183
0,1501,376.17311
0,1501,379.700294
0,1501,384.110545
0,1501,388.657601
0,1501,393.188912
0,1501,396.711262
0,1501,401.074053
0,1501,405.478989
0,1501,409.840923
0,1501,413.43555
0,1501,417.820629
0,1501,422.205605
0,1501,426.622565
0,1501,430.228363
0,1501,434.626079
0,1501,439.142167
0,1501,442.689788
0,1501,447.033596
0,1501,451.451777
0,1501,455.965706
0,1501,459.486568
0,1501,463.908707
0,1501,468.331615
0,1501,472.994832
0,1501,476.545631
0,1501,480.911738
0,1501,485.499964
0,1501,489.890546
0,1501,493.404542
0,1501,497.877045
0,1501,502.286765
0,1501,505.796743
0,1501,510.141597
0,1501,514.525086
0,1501,519.131629
0,1501,522.868457
0,1501,527.187479
0,1501,531.51823
0,1501,535.821039
0,1501,539.423095
0,1501,543.774681
0,1501,548.214217
0,1501,552.545198
0,1501,556.015131
0,1501,560.3913
0,1501,564.79922
0,1501,568.312555
0,1501,572.718225
0,1501,577.048419
0,1501,581.432209
0,1501,584.92505
0,1501,589.276915
0,1501,593.692346
0,1501,597.958945
0,1501,601.454441
0,1501,605.835107
0,1501,610.222102
0,1501,614.761027
0,1501,618.237461
0,1501,622.520694
0,1501,626.870493
0,1501,630.305617
21,1468,634.550122
0,1501,639.029222
0,1501,643.421813
0,1501,646.919292
46,1501,651.334569
17,1388,655.464221
73,1463,658.983819
17,951,662.180694
0,1380,666.256896
0,1501,669.876877
0,1501,674.436813
0,1501,678.840682
0,1501,683.384083
0,1501,686.839149
12,1186,690.520153
0,1301,693.592276
0,1501,697.968901
0,1501,702.573952
0,1501,706.915685
11,1035,709.454953
12,940,712.626864
14,689,714.376808
10,862,716.498505
0,1032,719.903429
0,771,721.894828
0,1492,726.252139
0,697,728.050243
0,1342,732.006012
3,735,733.873234
0,601,736.33527
0,709,738.1471
0,1501,742.528741
0,1501,746.060093
0,1243,749.918838
11,693,751.716511
0,546,754.050055
7,538,755.513696
9,593,757.110794
0,649,759.72068
0,525,761.153443
0,964,763.59489
3,691,766.203079
11,547,767.670624
0,961,770.028282
13,587,772.44625
8,502,773.845764
0,968,776.223767
10,589,778.650389
0,857,780.796473
0,468,782.229862
0,967,785.448403
0,1047,787.977553
0,515,790.229925
0,972,792.703172
6,503,794.097329
0,1501,798.411255
5,460,799.703298
10,499,801.11992
0,1501,805.479574
0,454,806.76543
7,501,809.017546
0,1059,811.616745
0,1359,815.641113
0,505,817.040994
4,505,818.463142
0,442,820.558084
0,440,821.863916
5,511,823.387019
1,513,824.949866
0,420,826.288454
0,973,829.779679
0,453,831.182778
0,423,832.565877
0,953,835.880569
10,599,837.466449
0,931,840.785359
13,673,842.532646
12,765,844.550342
10,654,847.095744
1,595,848.6727
0,962,850.974163
0,954,854.142963
4,691,855.921743
0,772,858.773342
7,599,860.363593
0,869,862.47096
3,559,864.79579
11,507,866.244938
0,530,867.667112
3,584,869.224866
0,857,872.178668
0,1329,875.25527
7,504,877.486686
0,609,879.082195
0,1320,882.969423
1,601,884.539879
0,1501,888.806346
0,1501,892.268587
2,709,894.909181
0,1501,898.451352
0,1097,901.95242
0,1501,906.337933
0,1501,909.839589
0,814,912.734503
0,1501,916.968399
0,1501,920.413331
0,1501,924.744953
0,1501,929.063128
0,1086,931.64799
0,1501,936.001293
0,1501,940.43787
9,829,942.49253
0,1501,946.794297
0,1501,951.079226
0,1501,954.504778
0,1501,958.899833
1,852,961.859754
0,653,963.535583
0,1338,966.642011
0,952,969.756447
12,809,971.748722
0,1141,975.248907
0,1328,979.227701
0,1501,982.784173
12,757,985.522432
0,1422,988.964234
10,671,991.664342
0,564,993.175361
9,675,994.985014
0,653,997.470988
14,577,999.018241
0,493,1000.403578
0,803,1003.323958
0,781,1005.276524
0,967,1007.631969
0,778,1010.395601
0,686,1012.141693
0,685,1013.904178
0,780,1016.700988
0,778,1018.641376
0,695,1021.19462
0,696,1022.99308
0,678,1024.735353
4,663,1026.449624
0,499,1028.701134
12,579,1030.233286
0,595,1031.772219
0,693,1034.382811
0,483,1035.70937
0,883,1037.853577
0,692,1040.462544
0,889,1042.629951
0,472,1043.930126
0,528,1046.189154
7,587,1047.741432
0,610,1049.334977
0,598,1050.911012
0,464,1053.169703
7,495,1054.533076
0,443,1055.783712
0,505,1057.164827
0,599,1059.594654
0,607,1061.183876
0,702,1062.978027
0,514,1065.179474
0,567,1066.684041
0,513,1068.074167
0,599,1069.647357
0,706,1072.262168
0,505,1073.65183
0,517,1075.153669
0,601,1077.574199
0,613,1079.375319
0,514,1080.780163
0,429,1082.083349
0,512,1084.382776
0,511,1085.767077
0,612,1087.349621
0,418,1088.531074
8,499,1090.708694
0,484,1092.075091
11,486,1093.41676
14,485,1094.784752
7,410,1095.947575
0,424,1097.976109
9,500,1099.333813
0,567,1100.862106
0,590,1102.439634
13,409,1104.536979
0,376,1105.649215
0,381,1106.774938
0,592,1108.355298
0,593,1110.748106
0,412,1111.951317
0,379,1113.096643
0,683,1114.909344
0,683,1117.648766
0,378,1118.817088
0,779,1120.78227
0,407,1121.946428
0,684,1124.572409
6,504,1125.953235
0,347,1126.999315
19,786,1129.829488
0,414,1131.015599
0,411,1132.190547
3,507,1133.581785
0,414,1134.758045
0,470,1136.90054
0,395,1138.073448
0,439,1139.303415
0,869,1141.425297
7,867,1144.432274
0,412,1145.624522
0,867,1148.580517
9,493,1149.962323
0,445,1151.216248
0,959,1153.61955
0,870,1156.747073
0,961,1159.112459
0,680,1161.711631
0,414,1162.984947
2,407,1164.159667
19,874,1167.135961
0,377,1168.25139
0,447,1169.497436
2,960,1171.845745
23,1144,1175.52993
12,1146,1178.243367
0,1501,1182.526958
5,499,1183.940977
10,1501,1188.304271
52,1464,1192.618978
16,1501,1197.049824
0,367,1198.146228
17,1046,1200.6825
26,1060,1204.082258
0,397,1205.282071
21,1162,1209.013902
5,866,1211.139904
0,437,1212.411133
9,495,1213.815137
0,454,1215.917477
0,862,1218.150356
10,403,1219.326584
0,870,1222.306361
3,505,1223.694289
0,865,1225.897093
0,771,1228.74631
0,778,1230.677526
0,355,1231.727507
2,407,1233.713977
0,382,1234.840791
0,390,1235.971876
0,410,1237.154726
0,370,1238.237652
4,409,1240.303387
0,362,1241.378358
0,382,1242.56681
6,420,1243.771483
0,368,1244.856208
3,415,1246.056741
4,418,1248.100688
40,1047,1250.620201
12,405,1251.780413
0,326,1253.58904
9,859,1255.697123
43,1239,1259.5444
7,408,1260.780375
7,969,1263.154191
0,362,1264.234902
8,1501,1268.539065
0,1501,1272.822944
0,371,1273.92727
6,496,1275.296753
6,1501,1279.665313
7,409,1280.850098
0,1501,1285.110348
7,1501,1289.536609
0,407,1290.724469
8,497,1292.141842
4,1486,1296.47529
2,409,1297.681907
0,1501,1301.982399
11,406,1303.15072
8,405,1304.33034
8,408,1305.511902
0,1501,1309.934275
0,323,1310.914662
0,322,1311.903701
0,1501,1316.219533
0,1501,1320.547647
3,497,1321.93724
0,1501,1326.291456
0,1501,1330.657033
0,591,1332.228237
0,1501,1336.564709
0,1501,1340.046071
0,1501,1344.491086
0,1501,1348.7735
0,1501,1353.088005
3,499,1354.446634
0,1501,1358.757411
0,1501,1362.19644
0,557,1364.560076
0,571,1366.121858
0,1501,1370.417604
0,570,1371.968038
10,1501,1376.28285
0,471,1377.58392
0,1501,1381.890399
4,1501,1385.449951
0,462,1386.733545
0,417,1388.803097
5,1501,1392.26139
0,380,1394.236289
0,334,1395.273868
0,1480,1399.563159
0,1501,1403.030871
0,1501,1407.304186
6,1501,1411.560467
11,408,1412.724849
0,380,1413.831922
0,1501,1418.15674
0,1501,1422.403135
0,1501,1425.843285
0,1501,1430.129479
0,325,1431.122649
7,417,1432.305097
0,1501,1436.567923
56,1443,1440.71427
11,1403,1444.813205
81,1469,1448.220186
0,1501,1452.541502
0,1501,1456.809118
4,417,1458.001122
0,1501,1462.384378
36,1067,1464.983962
52,1172,1468.572217
0,1501,1472.042058
0,322,1473.875252
30,1284,1476.910357
0,324,1477.996527
0,1501,1482.255552
0,287,1483.175666
0,318,1484.148706
15,1088,1487.577993
0,314,1488.567378
11,393,1489.712935
0,302,1490.665361
15,401,1492.658191
0,337,1493.674418
11,403,1494.835875
13,391,1496.013119
11,1501,1500.296681
29,1501,1504.533165
17,1501,1507.955041
53,1137,1511.479189
0,741,1513.357198
0,785,1516.164017
0,317,1517.163079
0,289,1518.098255
0,314,1519.08462
0,633,1520.740855
0,888,1523.823324
0,325,1524.819288
28,387,1525.954547
17,397,1527.135368
0,325,1529.065038
12,397,1530.223784
16,407,1531.392149
26,1501,1535.717216
0,319,1536.71715
0,319,1537.713124
112,1501,1542.146242
89,1206,1544.997866
0,1004,1548.233041
16,408,1549.393357
73,1385,1553.564116
0,780,1555.508948
29,1501,1559.827115
7,1501,1564.330618
0,1501,1567.816253
11,396,1568.980523
14,401,1571.007018
0,382,1572.114639
0,322,1573.111138
10,402,1574.275429
18,1219,1578.062263
11,1305,1581.134243
15,400,1583.183765
16,1501,1586.77228
12,397,1588.756632
12,395,1589.942338
0,1501,1593.459924
0,1501,1597.761808
0,1501,1602.095862
0,318,1603.137611
11,402,1604.354367
14,408,1606.411863
7,1198,1609.273624
17,1124,1612.789896
15,397,1613.965191
0,1357,1617.949369
0,409,1619.321847
9,934,1621.646404
16,921,1624.742351
11,494,1626.287574
1,488,1627.657527
11,660,1629.348861
12,488,1631.531524
0,842,1633.602813
16,570,1635.116804
11,495,1637.276061
16,1471,1640.754221
0,480,1642.924594
0,1501,1646.390914
0,487,1648.54469
0,1501,1652.046389
13,575,1654.410175
0,484,1655.752048
0,501,1657.14475
17,1166,1660.942304
14,1011,1663.426801
21,726,1665.302169
36,572,1667.745132
23,837,1669.862638
0,554,1671.395661
1,567,1673.899205
0,499,1675.330524
0,521,1676.788155
0,911,1680.117867
0,680,1681.955019
5,824,1684.068182
0,638,1686.627335
0,569,1688.248475
0,590,1689.93185
0,562,1691.50762
36,644,1694.104276
0,500,1695.510537
0,593,1697.117645
22,635,1699.706733
10,651,1701.494916
10,591,1703.112309
19,556,1705.551593
16,730,1707.55111
12,585,1709.36275
0,756,1712.139294
9,588,1713.716293
10,501,1715.092786
13,498,1716.488783
11,503,1718.730945
9,590,1720.386618
7,909,1722.755855
0,629,1725.379756
7,586,1727.005196
19,494,1728.399544
35,716,1730.341575
35,810,1733.575138
7,501,1735.031484
0,547,1736.605227
0,479,1738.880028
9,492,1740.282411
10,824,1742.366161
4,898,1745.575592
10,915,1748.188399
0,729,1750.313813
34,716,1753.177562
2,883,1755.720706
0,568,1758.377187
33,890,1760.657911
25,644,1762.530107
0,853,1765.647379
39,798,1767.74735
0,822,1771.140422
10,749,1773.180713
17,831,1775.347657
0,803,1778.417667
13,740,1780.982383
37,713,1783.21692
13,667,1786.119772
0,748,1788.422796
0,648,1790.165739
0,643,1792.761883
6,671,1794.495248
9,754,1796.496907
0,643,1799.030866
9,758,1800.954163
0,641,1802.6691
13,588,1805.077462
13,590,1806.634109
0,729,1808.515589
0,550,1810.867731
2,678,1812.693329
9,763,1814.64587
0,730,1817.328463
0,623,1819.078854
15,722,1821.010267
2,766,1823.962294
19,633,1825.672776
6,682,1827.473992
19,630,1830.178382
39,627,1831.916058
32,529,1833.515175
0,537,1835.337308
15,715,1838.266244
0,716,1840.172472
3,725,1843.585155
5,686,1845.575023
12,732,1847.613668
14,813,1850.917671
0,779,1853.197973
28,644,1855.351399
0,632,1858.086776
0,623,1859.90546
0,552,1861.451815
4,768,1864.403469
14,631,1866.210517
14,676,1868.050799
0,642,1870.567741
0,557,1872.066978
0,556,1873.591742
13,637,1875.26595
0,547,1877.647526
27,633,1879.304933
8,764,1881.254214
9,728,1883.959583
10,724,1885.830719
10,646,1887.521709
0,637,1890.08191
7,596,1891.681365
0,564,1893.240858
26,458,1894.56447
11,579,1896.987398
0,571,1898.53086
0,490,1899.885656
0,579,1902.314731
0,555,1903.856562
0,556,1905.372763
0,629,1907.050613
0,578,1909.440529
0,392,1910.614974
0,460,1911.917791
11,582,1913.454544
0,629,1915.969804
33,470,1917.276811
0,556,1918.761917
13,562,1920.26114
9,735,1922.998565
0,572,1924.538099
17,575,1926.070802
10,739,1928.784773
13,649,1930.509799
24,578,1932.109358
0,570,1934.474727
0,556,1936.005342
6,488,1937.422655
13,585,1938.962789
0,569,1941.327991
18,576,1942.866565
0,569,1944.378148
28,561,1945.887197
28,543,1948.197678
40,547,1949.694135
0,538,1951.159748
18,570,1953.503212
0,577,1955.055902
0,529,1956.49515
0,553,1957.991135
0,660,1960.581368
0,500,1961.993204
17,595,1963.570197
34,716,1966.273309
0,509,1967.679117
0,613,1969.284037
16,636,1971.023551
0,620,1973.490306
16,756,1975.499689
0,558,1977.001653
0,783,1979.902949
10,583,1981.595149
30,665,1983.452375
29,644,1985.980193
32,714,1987.822201
16,491,1989.176219
0,552,1991.522261
0,646,1993.220014
35,1043,1995.704749
0,635,1998.271259
0,500,1999.644295
26,1130,2002.337689
18,930,2005.517149
14,677,2007.275243
16,673,2009.882371
0,913,2012.139657
0,501,2013.536384
15,1331,2017.659684
0,554,2019.175762
45,987,2022.467429
6,1220,2025.427175
20,1055,2028.816385
18,824,2030.87386
0,613,2032.489457
42,965,2035.755267
0,702,2037.602506
0,825,2040.511384
23,852,2042.65242
18,1076,2046.114645
0,772,2048.122355
0,547,2049.616798
0,655,2052.178458
18,676,2053.920944
11,666,2055.670205
0,588,2058.06814
0,736,2059.984056
35,717,2061.815896
9,589,2064.222081
11,777,2066.291732
11,844,2068.407666
7,757,2071.347046
0,767,2073.303742
13,755,2075.341791
20,621,2077.874911
0,640,2079.553343
13,1032,2082.902299
21,758,2084.884866
17,940,2087.233881
0,684,2089.858918
12,855,2092.137714
8,850,2095.135855
0,997,2097.571753
16,625,2099.238
0,710,2101.881917
0,554,2103.404111
39,911,2105.833111
5,1098,2109.339367
13,857,2111.488921
0,630,2114.12834
6,1201,2117.011308
0,713,2119.860401
1,1279,2122.88253
0,810,2125.740162
12,722,2127.574664
24,720,2129.515301
0,733,2132.269273
0,722,2134.123686
0,1180,2137.823373
0,580,2139.387061
0,1501,2144.007779
11,727,2145.87727
30,641,2147.651438
15,1183,2151.520429
8,1024,2154.037145
32,636,2156.517956
0,1323,2159.662691
12,1451,2163.906998
0,712,2165.74205
0,1501,2170.087864
30,634,2171.760867
0,665,2174.348506
0,716,2176.222931
0,738,2178.165672
12,923,2181.268353
0,718,2183.12323
21,1180,2186.783102
44,728,2188.637559
0,794,2191.474558
0,679,2193.223934
27,1009,2195.710118
0,563,2198.0913
18,1009,2200.706409
50,1075,2204.242666
0,780,2206.240263
0,552,2207.742501
13,666,2210.32861
0,544,2211.804898
0,548,2213.306218
0,481,2214.644451
18,580,2217.053885
0,517,2218.491526
0,492,2219.881519
0,517,2222.11118
0,602,2223.697214
0,632,2225.357967
0,637,2227.049867
0,785,2229.848783
0,572,2231.371984
0,582,2232.980279
0,611,2235.414532
56,766,2237.348662
0,642,2239.031394
0,617,2241.473162
76,642,2243.157595
0,520,2244.554228
37,549,2246.028017
0,1178,2249.711195
14,1227,2253.462633
0,611,2255.10166
54,764,2257.044413
0,660,2259.63338
8,542,2261.111362
45,791,2263.127729
0,668,2265.725102
0,604,2267.321085
0,623,2268.956878
31,680,2271.535373
0,542,2273.005106
13,917,2275.325176
0,567,2277.671803
17,611,2279.306968
20,726,2281.166972
0,568,2282.755237
0,892,2285.887845
17,596,2287.481061
0,693,2290.112865
0,912,2292.510576
0,558,2294.014634
0,643,2296.579642
0,994,2298.995274
7,1095,2302.465591
35,685,2304.2291
9,749,2306.113915
67,649,2308.641464
13,699,2310.431198
0,530,2311.893893
36,630,2314.416771
0,1082,2317.15055
153,949,2320.263702
0,1501,2323.743919
0,1349,2327.722247
0,1343,2331.81453
0,1501,2335.299981
0,1239,2339.068632
0,1501,2343.428547
0,1501,2346.978562
23,780,2349.775982
40,718,2351.621893
20,1319,2355.583711
0,1284,2358.579541
0,637,2361.074291
75,1081,2363.689893
106,1128,2367.229702
0,1390,2370.523442
1,616,2373.042842
107,1101,2375.804877
19,646,2378.443848
0,710,2380.262105
49,1207,2384.000251
101,1501,2387.475698
102,1387,2391.574604
0,796,2393.639052
0,1501,2398.006669
40,722,2399.919025
0,1501,2404.230628
0,1501,2408.531071
0,543,2409.982786
0,1496,2414.264308
0,566,2415.760003
0,1501,2420.116975
1,1360,2424.100419
0,1501,2427.593291
0,1501,2431.946904
13,1182,2435.898942
0,1329,2439.351698
0,1501,2444.244934
0,1501,2448.535789
0,1421,2451.872154
0,1455,2456.245374
0,1501,2460.666301
0,1501,2464.994252
0,1501,2468.492804
0,1501,2472.960737
0,1501,2477.295481
0,1501,2481.660951
0,1149,2484.375675
0,1223,2488.098323
0,1501,2491.638351
0,1189,2495.290619
0,1501,2499.749194
0,1501,2503.318905
0,1501,2507.738429
0,1501,2512.179684
0,1501,2516.486622
0,1501,2519.93546
0,1501,2524.189797
0,1501,2528.569449
0,1333,2531.874039
0,1338,2535.988424
0,1501,2540.294577
0,1501,2544.582877
0,1501,2548.052188
0,1501,2552.464846
0,1501,2556.912648
0,1501,2561.30488
0,1501,2564.775505
0,1501,2569.110283
0,1501,2573.508258
0,1501,2577.06285
0,1501,2581.320496
0,1501,2585.588043
0,1501,2589.832748
0,1501,2593.576747
0,1501,2597.864408
0,1501,2602.122344
0,1501,2606.476204
0,1496,2609.925441
0,1501,2614.43435
0,1501,2618.804914
0,1501,2623.213006
0,1501,2626.674636
0,1501,2630.963939
0,1501,2635.281936
0,1501,2639.069953
0,1501,2643.502526
0,1501,2647.861242
0,1501,2652.179785
0,1501,2655.655928
0,1501,2660.089012
0,1501,2664.536867
0,1501,2668.851579
0,1501,2672.359721
0,1501,2676.881986
0,1501,2681.256033
0,1501,2685.673919
0,1501,2689.230816
0,1501,2693.589099
0,1501,2697.893707
0,1501,2701.444731
0,1501,2705.696126
0,1501,2710.085736
0,1501,2714.439752
28,1043,2716.980939
0,1322,2720.950757
0,1501,2725.283079
0,1501,2728.845402
0,1501,2733.222507
0,1501,2737.622462
0,1030,2740.133463
0,1281,2744.132691
0,1501,2748.560167
37,1101,2751.183296
0,1501,2755.49786
0,1229,2758.446915
0,1501,2762.823843
0,1501,2767.342876
0,1501,2771.684585
17,1198,2774.558784
0,1501,2778.94266
76,1273,2782.871252
0,1501,2786.459325
0,1501,2790.802789
62,841,2792.93889
35,900,2796.087321
0,1501,2800.478435
85,1501,2803.96852
116,1100,2807.462722
1,1026,2809.992953
0,829,2813.006708
66,924,2815.296932
69,1279,2819.182837
0,781,2821.189672
0,722,2823.882936
13,893,2826.108069
20,979,2829.350893
0,687,2831.140571
0,713,2833.041023
60,1501,2837.391567
0,596,2838.971303
14,884,2842.045486
0,575,2843.594574
25,1501,2848.149285
38,983,2850.566103
19,748,2853.34389
0,602,2854.961197
0,598,2856.537953
50,857,2859.510403
53,1123,2862.261231
0,519,2863.684386
52,943,2866.899507
0,648,2868.587597
0,738,2871.307439
0,484,2872.696218
0,547,2874.193846
0,618,2875.852934
0,582,2878.275465
0,637,2879.957681
19,671,2881.710425
0,514,2883.133614
2,684,2885.765983
0,676,2887.54028
18,931,2890.836222
12,851,2893.015956
0,473,2894.329554
0,593,2896.747379
0,938,2899.140367
16,935,2901.442902
0,665,2904.076839
0,731,2906.021258
0,653,2907.745785
33,937,2910.944112
16,939,2913.261807
0,538,2915.62052
18,934,2917.89818
0,618,2919.538751
0,563,2921.960552
6,759,2923.877296
0,501,2925.266612
0,641,2927.842979
0,484,2929.214039
0,544,2930.728052
0,459,2932.12794
0,450,2934.241776
0,521,2935.733419
6,968,2938.108822
5,783,2940.98054
5,976,2943.350848
2,774,2945.341236
0,497,2947.637008
0,528,2949.081805
9,941,2951.432117
0,497,2953.689121
0,461,2954.993893
14,860,2957.125917
0,577,2959.694234
0,633,2961.373321
0,556,2962.879686
0,515,2964.301397
0,542,2966.679997
14,927,2969.016213
0,522,2970.451861
0,523,2972.887029
0,567,2974.726797
0,793,2976.915456
0,703,2979.850551
2,911,2982.38469
0,739,2985.40392
0,1501,2989.272154
35,913,2992.371603
21,902,2994.593472
0,1501,2998.935745
49,907,3001.148476
15,834,3004.112285
0,1501,3007.588007
0,735,3010.346347
16,842,3012.466626
0,1501,3016.817783
0,1501,3021.216242
0,1501,3024.649406
2,1501,3028.945905
0,1057,3032.372592
2,1501,3035.850439
0,1501,3040.172564
0,1501,3044.661692
0,524,3046.075335
0,1501,3050.372747
0,1501,3054.828608
0,1403,3058.132076
0,1070,3061.535917
0,1501,3065.998616
0,516,3067.409102
0,457,3068.697837
16,954,3071.026275
0,623,3073.525632
0,613,3075.122121
0,668,3076.833097
0,1501,3081.157473
0,1501,3085.508731
0,1501,3089.837774
14,1144,3092.608239
0,796,3095.436212
0,456,3096.825293
0,551,3098.294653
0,979,3101.485953
3,1501,3104.989914
0,596,3107.400075
0,1501,3110.830041
0,1501,3115.170974
0,1501,3119.463937
0,1501,3122.913743
0,1501,3127.269429
13,948,3130.537286
0,1501,3133.977842
0,1501,3138.28249
9,1501,3142.627003
0,1501,3147.123615
7,1132,3149.845996
0,1501,3154.137296
0,639,3155.790802
12,989,3159.03115
13,998,3161.461667
0,1501,3165.870331
12,941,3168.16753
0,1501,3172.587181
15,759,3174.507104
0,1501,3178.756734
11,852,3181.673459
0,1501,3185.142603
0,1501,3189.430837
0,1501,3193.80009
36,814,3195.800074
0,1501,3200.199497
0,762,3202.089984
22,1501,3206.385078
9,728,3208.251275
0,1501,3212.559771
0,459,3213.844964
0,1501,3218.154057
37,870,3221.113869
0,1501,3224.685161
0,759,3227.478577
0,1501,3230.961172
28,745,3233.709249
112,1501,3237.277842
0,522,3239.587087
8,1501,3243.137782
7,924,3246.242483
13,928,3248.606924
15,918,3251.708965
0,1501,3256.04114
0,1501,3259.524736
0,1501,3263.876467
38,718,3265.677488
27,1501,3270.013713
0,1501,3274.369111
0,1501,3278.684295
0,1501,3282.148199
5,1501,3286.525445
12,739,3288.394226
14,746,3291.117487
14,761,3293.005738
0,1501,3297.40213
14,771,3299.334374
0,823,3302.256568
0,1501,3305.777597
40,1501,3310.224701
26,915,3313.293209
0,1501,3316.94698
11,838,3319.886166
87,1501,3323.401828
8,718,3326.072117
0,491,3327.431869
9,746,3329.300071
0,371,3331.194389
12,627,3332.82889
0,374,3333.929507
0,644,3335.612521
10,662,3338.161581
0,571,3339.666781
10,663,3341.417429
0,496,3342.785989
12,752,3345.623341
9,732,3347.479904
41,1501,3351.836793
0,579,3353.374261
0,647,3355.969267
28,1501,3359.470604
10,826,3362.421707
11,754,3364.325851
15,665,3366.079112
11,752,3368.880122
0,1501,3372.417207
0,1501,3376.83284
0,1501,3381.134808
12,752,3383.051147
115,964,3386.397946
3,740,3388.333249
0,705,3390.131679
0,1501,3394.446993
12,852,3397.445438
10,722,3399.284081
0,648,3400.989546
0,736,3403.762781
36,698,3405.549097
228,1501,3409.886789
23,745,3411.773526
0,611,3413.36646
14,848,3416.337545
24,856,3418.4191
0,718,3421.058498
70,1501,3424.47006
18,826,3427.363102
13,948,3429.86775
3,924,3432.961523
14,917,3435.170231
124,1501,3439.504305
0,1501,3443.767713
16,920,3446.161067
18,858,3448.275825
0,823,3451.174633
0,887,3453.363848
55,1501,3457.645188
0,917,3459.917304
13,855,3462.955935
0,1191,3465.764094
16,1020,3469.107448
19,1205,3472.780044
13,934,3475.188485
24,1087,3478.661313
11,1334,3481.847061
15,1134,3485.355057
2,1143,3488.096593
41,1210,3491.82489
0,940,3494.104217
0,1501,3498.402645
0,1501,3502.700226
0,1501,3507.008016
0,1501,3510.474805
0,886,3513.517331
0,645,3515.206113
16,1501,3519.516227
0,893,3521.799444
0,667,3523.509498
40,1501,3527.86877
0,745,3530.731504
0,651,3532.470505
1,1501,3536.816175
0,548,3538.28659
0,582,3539.844923
0,599,3541.505571
0,493,3543.705029
4,1501,3547.130653
0,680,3549.699485
15,690,3551.443814
60,651,3553.109069
0,664,3555.667835
0,516,3557.07464
0,653,3558.769397
0,745,3561.579374
59,728,3563.465798
0,677,3565.193733
0,535,3567.509269
0,551,3569.024047
42,646,3570.856155
0,628,3573.377073
20,679,3575.163935
42,653,3576.870064
0,650,3579.416093
25,654,3581.14229
0,586,3582.688065
0,590,3584.241303
0,571,3586.651122
0,562,3588.167948
21,666,3589.894567
4,593,3592.293264
18,664,3594.004106
60,736,3595.895668
0,650,3598.495749
0,565,3600.029786
0,632,3601.709795
0,789,3604.460217
0,682,3606.224725
18,675,3607.937596
0,623,3610.502675
0,672,3612.252422
8,599,3613.793642
43,644,3615.551174
0,619,3618.209954
0,667,3619.938769
0,595,3621.518339
0,657,3624.154213
29,653,3625.856031
0,583,3627.390256
0,634,3629.916807
0,587,3631.486099
0,659,3633.206117
37,559,3634.691482
0,678,3637.322899
3,585,3638.862826
42,559,3640.432314
8,635,3642.941628
43,645,3644.608117
0,581,3646.16425
0,592,3648.548075
0,580,3650.129395
0,673,3651.85348
0,590,3653.430874
18,573,3655.856191
0,585,3657.426712
15,670,3659.238881
16,658,3661.810634
0,490,3663.22004
0,649,3664.904793
0,576,3667.260662
0,584,3668.810333
0,659,3670.508541
0,591,3672.122489
0,477,3674.301395
0,480,3675.643384
0,644,3677.357343
16,558,3678.84846
0,649,3681.666882
6,667,3683.403635
0,609,3685.109952
0,942,3688.269903
0,654,3689.970137
0,561,3691.448804
0,645,3693.975519
0,665,3695.697499
0,655,3697.381039
0,578,3699.757527
0,838,3701.84573
0,489,3703.206019
4,643,3705.726009
3,634,3707.438133
0,494,3708.795913
0,490,3710.143997
0,632,3712.673141
34,645,3714.335515
28,640,3716.011055
0,570,3718.367973
14,566,3719.870868
0,548,3721.457785
0,489,3722.815971
0,672,3725.446954
0,516,3726.838233
0,514,3728.247293
0,579,3730.603508
13,658,3732.350188
46,562,3733.826515
46,570,3735.340313
35,821,3738.254581
0,633,3739.946944
0,558,3741.396584
0,748,3744.174029
0,915,3746.382446
0,1501,3750.7168
0,1501,3755.150434
0,1501,3758.665536
0,842,3761.607499
0,825,3763.649814
0,1024,3767.069371
0,1004,3769.483294
0,555,3771.779526
0,1501,3775.291561
0,1024,3778.619632
21,1075,3781.144323
0,1501,3785.461046
0,1501,3789.790626
0,1436,3793.115288
0,1501,3797.424825
0,850,3800.380158
0,1501,3803.871076
0,1034,3807.186029
0,483,3808.515683
21,929,3811.58235
0,923,3813.841607
0,564,3815.336807
15,1367,3819.330233
12,838,3821.453716
12,938,3824.61838
0,564,3826.100826
0,566,3827.63183
0,419,3829.63193
0,482,3831.005435
0,463,3832.268489
0,454,3833.534034
0,564,3835.036593
0,484,3837.294922
36,1089,3839.960241
0,429,3841.164384
17,746,3843.893864
0,486,3845.225092
0,479,3846.540127
0,564,3848.867427
24,1336,3851.992739
0,474,3853.319245
12,1308,3857.289253
0,568,3858.796369
0,735,3861.499547
0,796,3863.474674
0,754,3865.432769
13,1100,3869.115665
0,924,3871.397266
0,813,3874.288744
11,750,3876.178581
13,921,3879.295646
0,486,3880.649205
0,572,3882.182995
0,730,3885.172849
0,503,3886.571948
12,822,3888.620669
0,544,3890.250581
13,839,3893.232708
32,1083,3895.807816
0,462,3897.940464
0,740,3899.865801
0,570,3901.370351
0,416,3902.61508
0,435,3904.721284
0,472,3906.037157
0,751,3907.954423
9,845,3910.985759
30,929,3913.246968
0,391,3914.38376
14,756,3917.11747
11,824,3919.149185
0,385,3920.258659
15,929,3923.563359
0,479,3924.891668
0,483,3926.228286
12,917,3929.36049
0,470,3930.707379
0,479,3932.029812
0,541,3933.52287
11,929,3936.632832
0,1436,3940.780168
0,569,3942.363849
0,491,3943.703198
0,563,3945.193244
0,461,3947.356207
7,1049,3949.878647
0,466,3951.16877
0,826,3954.05684
0,690,3955.83592
0,825,3957.870287
0,990,3961.104015
0,1487,3965.445559
0,1044,3967.942258
30,1501,3972.355934
23,1302,3976.295032
0,768,3978.239468
0,1501,3982.547029
0,913,3984.900369
25,1268,3988.750236
0,994,3991.243125
17,1098,3994.727215
19,917,3997.149018
8,1019,4000.506962
9,1197,4003.366059
0,1145,4006.932793
14,926,4009.238226
0,837,4012.131467
15,992,4014.544128
0,1047,4017.887145
13,744,4019.765315
21,1142,4023.348788
0,652,4025.072793
0,728,4026.916829
13,721,4029.585454
0,990,4031.971751
0,917,4035.069437
9,846,4037.229195
11,1010,4039.809722
0,1088,4043.380409
0,1501,4047.823032
0,923,4050.210127
0,1501,4054.54686
15,996,4056.931022
0,771,4059.687341
1,846,4061.772187
0,638,4064.252009
30,1000,4066.693106
0,735,4068.558032
0,734,4071.248223
14,918,4073.48826
7,892,4076.55491
8,1203,4079.431219
6,960,4082.608796
6,1204,4085.439638
0,1501,4089.742223
0,1501,4094.133548
0,901,4096.300081
18,1186,4099.964512
29,908,4102.195486
0,828,4105.091867
36,1501,4108.665907
9,1005,4111.973578
0,995,4114.490102
27,1210,4118.337847
7,921,4120.585291
37,989,4123.892824
7,928,4126.167954
7,1101,4129.631061
7,923,4131.900299
0,853,4134.895852
18,999,4137.371732
0,1012,4140.723057
26,922,4142.965262
45,919,4146.025392
0,1075,4148.669352
23,1171,4152.303435
28,752,4154.218927
27,742,4156.085062
14,745,4158.862789
11,776,4160.887328
27,834,4163.757772
9,728,4165.611813
30,902,4167.809103
8,817,4170.754979
6,668,4172.475429
9,672,4174.217681
24,815,4177.204762
12,738,4179.086828
8,641,4180.79836
0,1501,4185.228696
0,659,4186.973864
9,671,4189.516663
10,841,4191.629479
0,1501,4195.933437
0,1501,4200.267054
21,935,4202.582378
0,1501,4206.898294
0,1501,4211.18909
0,1501,4214.65029
0,1501,4219.003333
0,1501,4223.352072
0,1501,4227.640414
0,1501,4231.098029
0,811,4233.981792
0,1426,4237.361424
0,1501,4241.68362
17,1203,4245.366255
0,1501,4248.839473
0,1501,4253.159281
25,1214,4256.869692
0,1501,4260.329139
0,759,4263.092628
0,1267,4266.062966
0,1501,4270.361904
13,1040,4273.7432
0,1501,4277.243442
0,1236,4281.055827
0,1501,4285.476109
0,1501,4289.812535
0,1188,4292.623871
0,1501,4296.942253
0,1501,4301.204941
0,1420,4304.496877
0,1501,4308.800436
0,1345,4312.816074
0,1501,4316.277614
0,1501,4320.635459
0,1294,4324.699675
2,1501,4328.148166
0,1501,4332.622222
0,1501,4336.981375
0,1380,4341.02109
0,1501,4344.505976
0,1501,4348.819013
0,1501,4353.166364
0,1501,4357.53407
0,1501,4361.029156
0,1188,4364.70042
0,1192,4367.597147
0,1129,4371.140389
0,1190,4374.958416
0,1501,4378.404915
15,825,4381.465258
0,1501,4384.961172
0,1501,4389.28205
0,1501,4393.624351
5,1309,4397.631434
0,1501,4401.182428
0,1501,4405.554764
0,1061,4408.965859
0,1049,4411.751661
0,1501,4416.141816
0,963,4418.543267
0,1020,4421.901874
0,1501,4425.382075
0,981,4428.678803
0,1501,4433.314816
0,1119,4436.027086
0,1109,4439.728088
0,1501,4444.028571
0,954,4446.383151
0,878,4448.602934
0,905,4451.690237
0,1501,4456.019467
0,856,4458.174626
0,937,4460.466209
0,1501,4464.848614
0,1501,4469.223645
0,814,4471.277992
0,1297,4475.337256
0,1451,4479.58842
0,1501,4483.055023
0,1501,4487.516421
0,1501,4491.973427
0,1501,4496.404924
0,1501,4500.010873
0,1501,4504.428033
0,1501,4508.882277
0,1501,4513.144466
0,1501,4516.698487
0,1501,4521.20243
0,1501,4525.567947
0,1366,4528.788135
0,1501,4533.215882
0,1501,4537.648707
0,1501,4542.117517
0,1501,4545.742117
0,1501,4550.120893
0,1501,4554.503629
66,1501,4558.824106
4,615,4560.477368
0,1501,4564.805058
0,1501,4568.353135
0,1501,4572.734699
0,1501,4577.234223
0,1501,4580.784066
0,1501,4585.215732
0,1501,4589.590064
152,1501,4594.010906
0,1501,4597.453247
0,1501,4601.805585
0,1501,4606.167437
0,1501,4610.54704
18,678,4612.392588
1,682,4614.152681
0,1501,4618.452803
0,1501,4622.790979
0,1501,4626.292681
0,1501,4630.660697
0,1501,4635.045932
0,426,4636.259174
20,589,4637.832059
0,366,4639.827897
0,1501,4643.279147
10,589,4645.71056
6,506,4647.114958
0,410,4648.311682
0,417,4649.533452
0,1501,4653.946572
0,1501,4658.431499
9,591,4660.014165
0,1501,4664.571028
26,1501,4668.98748
8,670,4670.760138
15,673,4672.573278
0,582,4674.146592
0,578,4676.585564
0,1501,4680.119172
0,1501,4684.49113
6,593,4686.062964
0,1501,4690.611094
7,602,4693.005185
7,584,4694.606641
0,1501,4698.884123
0,1501,4702.42596
11,615,4704.912397
8,671,4706.649202
15,626,4708.296163
0,1501,4712.993139
0,1501,4717.754021
12,592,4719.427504
10,674,4721.283534
0,506,4723.512477
0,1501,4727.004552
9,678,4729.663213
0,1501,4733.170065
0,1501,4737.509043
7,679,4739.248945
0,1501,4743.616008
0,770,4746.396641
9,784,4748.453962
0,1501,4752.77738
0,1501,4756.283715
10,771,4759.085338
11,534,4760.523602
0,1501,4764.974154
8,757,4766.896423
9,668,4768.721048
0,1501,4773.063322
2,1494,4777.386538
8,583,4778.943419
0,500,4780.321149
0,422,4782.377786
5,499,4783.757079
6,590,4785.426505
0,1501,4789.75564
0,1501,4794.121701
0,1501,4797.625499
10,494,4799.819408
12,501,4801.289842
0,500,4802.662686
0,1501,4806.998034
6,585,4808.555257
0,420,4809.76699
0,1501,4814.09902
0,1501,4818.444906
11,407,4819.644197
11,587,4821.179758
0,497,4822.594231
0,586,4824.974246
0,1501,4829.233597
8,507,4830.631871
0,459,4831.916164
0,1501,4836.246212
7,509,4837.624693
6,508,4839.026084
8,599,4841.499163
0,1501,4844.956637
0,1501,4849.291147
0,1501,4853.683565
0,1501,4857.150293
0,1501,4861.570703
8,580,4863.124852
0,441,4865.250683
8,679,4867.008423
0,432,4868.232006
0,1501,4872.620491
0,1501,4877.106129
0,1501,4880.578678
0,460,4882.717087
11,588,4884.265377
12,500,4885.647887
9,760,4888.406807
0,1501,4891.91258
0,1461,4896.241727
0,1501,4900.567694
10,940,4902.870779
8,918,4905.994434
19,1034,4908.520305
0,1501,4912.947006
0,1501,4917.325347
0,1501,4920.903072
13,766,4923.694538
0,1501,4927.188411
0,1501,4931.466795
47,1024,4934.759767
0,1501,4938.211137
0,1501,4942.694901
25,846,4945.612101
0,1501,4949.064578
10,928,4952.207431
46,754,4954.201668
15,843,4957.142931
12,1019,4959.688971
70,1193,4963.460597
41,1190,4966.315024
15,667,4968.067956
12,582,4970.490715
11,666,4972.249308
3,810,4975.099626
13,1016,4977.563531
68,1032,4980.886457
0,1501,4984.3642
0,1501,4988.680633
0,1314,4992.686344
62,946,4994.978243
0,934,4998.104494
0,1501,5001.591205
0,1501,5005.898602
22,1101,5009.370865
13,664,5011.148715
0,1501,5015.514808
0,1501,5019.011291
28,826,5021.955289
0,1501,5025.447745
10,1013,5028.781621
0,1501,5033.053344
18,655,5034.821682
0,1501,5039.145612
0,1426,5042.463782
15,750,5045.208206
28,1007,5047.718689
9,772,5050.517419
0,1337,5053.688567
0,1348,5057.685709
0,1244,5061.522427
0,1501,5064.997603
30,1002,5068.303909
0,1501,5072.642671
29,1132,5075.366908
15,661,5077.064416
0,1501,5081.412752
0,1501,5085.696105
0,945,5087.972875
28,934,5091.137725
0,1501,5095.459258
0,1501,5098.943961
0,1501,5103.288157
0,1501,5107.675756
12,1005,5110.336906
43,955,5113.52792
0,1501,5117.072119
10,1084,5120.504328
0,1501,5124.783405
0,1501,5128.419763
0,1501,5132.834104
0,1501,5137.302042
0,1501,5141.743584
10,769,5143.692185
0,1501,5148.132232
0,1501,5151.588884
0,1501,5155.903667
0,1501,5160.471743
0,1501,5164.841802
0,1053,5167.37624
0,1112,5170.860257
0,1501,5174.341654
0,1501,5178.700593
0,920,5181.794265
0,1501,5185.266658
0,1501,5189.791589
0,1046,5193.259007
0,1501,5196.702747
0,1248,5200.453955
0,1501,5204.749695
0,1036,5207.236263
0,1501,5211.534597
0,1501,5215.973792
0,1134,5218.79503
0,1026,5222.169462
0,1035,5224.653765
0,1501,5228.899392
0,1136,5231.649202
0,1501,5235.992808
0,1454,5240.265666
0,1146,5243.839768
0,1501,5247.321219
0,1501,5251.646511
0,1501,5256.113021
0,1501,5259.712793
0,1428,5263.912847
0,1501,5268.293192
0,1501,5272.623792
0,1275,5275.621087
0,1501,5279.995464
0,1074,5282.640137
0,721,5285.354886
0,997,5287.732305
0,981,5290.964587
0,1501,5295.221953
0,1290,5298.283552
0,904,5301.407688
0,903,5303.608016
0,1097,5307.058018
0,1181,5309.842107
28,1015,5313.239149
0,1000,5315.691716
54,803,5318.554245
68,1128,5321.260887
42,1501,5325.556524
0,1171,5328.302384
0,698,5330.934896
50,1375,5334.118193
60,1443,5338.280581
30,1305,5342.210752
60,1459,5345.599812
0,871,5348.604345
0,778,5350.543149
0,918,5353.637961
0,744,5355.527111
0,759,5357.447293
10,1273,5361.389821
9,1201,5365.189396
15,1055,5367.763581
0,930,5370.986096
9,1019,5373.438226
0,1047,5376.804429
10,1027,5379.306383
7,1214,5383.035237
0,683,5384.836396
0,687,5386.790857
16,1405,5391.06071
0,1016,5394.470356
0,681,5396.223422
0,818,5398.263906
0,591,5400.724233
8,1037,5403.286463
0,501,5404.657483
7,1121,5408.202621
0,410,5409.396185
14,1501,5413.699857
0,591,5415.241572
22,1417,5419.437585
0,589,5421.002784
0,678,5422.750635
3,1501,5427.186215
0,496,5428.549093
9,1395,5432.711395
0,864,5434.842008
0,493,5437.04519
0,393,5438.182114
15,1407,5442.332971
0,428,5443.548711
0,779,5445.651591
8,1501,5449.962121
9,1501,5454.419271
0,857,5456.537155
0,793,5458.557071
9,1474,5462.863639
0,832,5465.79453
0,446,5467.054979
27,1404,5471.21876
0,1131,5473.904511
0,670,5475.725258
0,493,5477.925764
17,1394,5481.252777
7,1127,5484.80521
0,885,5487.095069
7,1372,5493.240573
1,1295,5497.485675
0,739,5499.37296
7,1102,5502.095125
0,604,5504.603091
0,631,5506.271147
0,904,5509.377271
0,656,5511.096357
9,680,5512.850332
8,764,5515.751234
18,773,5517.681136
9,772,5519.679975
8,862,5522.831322
8,692,5524.622458
8,772,5526.562197
0,871,5529.629026
8,839,5531.697516
8,1195,5535.349045
7,934,5537.616185
0,1032,5540.965948
0,583,5542.549726
1,1102,5546.016494
14,1318,5549.096098
7,858,5552.071664
0,1094,5554.692936
14,1237,5558.659618
14,1235,5561.6201
0,680,5564.239297
7,1049,5566.768579
8,936,5569.915209
0,1308,5572.94841
0,565,5575.326615
0,1039,5577.791975
7,947,5580.98052
0,950,5583.311897
16,962,5586.444527
0,1501,5589.901134
7,917,5592.997485
0,1501,5596.428292
0,1501,5600.662382
0,1501,5604.92871
0,1501,5609.198805
14,1414,5612.409187
16,1139,5616.006194
0,965,5618.334141
53,1501,5622.67005
0,1217,5626.40131
0,1501,5629.846443
1,1501,5634.20506
0,1501,5638.50913
60,1501,5642.785265
21,1287,5645.776659
13,1121,5649.260457
12,1145,5651.942424
12,948,5655.077513
0,1501,5659.402398
0,1501,5662.846778
7,1228,5666.574234
6,1202,5670.211274
6,1027,5672.724607
0,1501,5676.997783
0,1501,5680.379878
14,1320,5684.282623
31,1501,5688.59929
15,1501,5692.891942
0,1501,5696.505162
21,706,5699.146152
7,1307,5702.174795
7,1045,5705.622642
12,1501,5709.905872
7,878,5712.060417
7,960,5714.370083
14,1043,5717.682601
7,1021,5720.135561
23,1501,5724.415543
7,1148,5728.032058
7,959,5730.460135
7,926,5733.54514
7,1426,5736.837747
0,1501,5741.210748
13,1501,5745.477532
9,940,5747.732702
10,1141,5751.349677
7,1137,5754.082939
7,1023,5757.453054
15,969,5759.950639
0,1036,5763.292162
8,1148,5765.996098
15,1501,5770.309891
8,790,5773.069265
6,1501,5776.524572
7,767,5779.299437
4,1418,5782.619434
19,1501,5786.962303
16,1237,5790.744003
8,1410,5793.965764
6,935,5797.195496
2,793,5799.164916
6,1321,5803.149096
4,923,5805.399262
7,835,5808.359426
0,1501,5811.786228
6,1411,5816.082442
7,840,5819.035543
10,798,5821.01293
7,837,5823.047875
54,1335,5827.023185
13,1326,5830.947089
21,1501,5834.614216
0,1501,5838.881727
8,1499,5843.128662
8,656,5844.820144
0,656,5847.321322
15,1232,5850.31936
2,634,5851.96574
0,543,5854.262277
2,642,5855.933681
7,1501,5860.281406
1,566,5861.777358
0,1501,5866.059665
15,1494,5869.522054
0,1501,5873.830476
8,607,5875.406597
7,1501,5879.683784
9,506,5881.045986
0,476,5883.187097
8,532,5884.617059
6,595,5886.273999
0,475,5887.579709
1,545,5889.876383
15,1343,5893.074923
0,1501,5897.349894
8,1501,5901.754457
0,1501,5906.131735
16,1415,5909.447782
0,1232,5913.297518
0,565,5914.794393
8,596,5916.362293
0,468,5918.50089
0,1501,5921.999699
0,1501,5926.346057
0,535,5927.78548
0,389,5929.905729
9,1501,5933.430825
0,1501,5937.759272
0,1501,5942.076431
0,1501,5946.341315
0,1501,5949.775353
0,1501,5954.141936
0,1501,5958.53309
13,506,5959.93875
0,1501,5964.222455
0,1501,5967.637664
10,635,5970.148442
0,1501,5973.596158
0,1501,5977.843415
10,584,5980.226118
10,586,5981.787502
13,503,5983.260357
0,1501,5987.552833
0,1501,5991.912872
0,435,5993.182828
0,1501,5996.642831
7,683,5999.229162
12,500,6000.586778
0,1501,6004.888333
10,673,6006.597792
0,1501,6010.868738
0,1501,6015.168956
0,458,6016.448221
44,1049,6018.96473
9,600,6021.41476
11,1124,6024.083796
0,1501,6028.449168
19,851,6030.607799
0,432,6032.635189
0,1501,6036.140277
19,676,6038.69514
10,583,6040.272555
9,585,6041.814738
0,1501,6046.190497
102,1454,6050.420871
0,1501,6053.869967
11,590,6056.270716
3,1501,6059.811599
9,769,6062.568535
0,573,6064.111324
10,1501,6068.540166
74,1501,6071.964105
41,1217,6075.706168
0,1501,6079.981745
0,1501,6084.268894
11,1233,6087.140724
0,1501,6091.441481
8,1501,6095.7667
54,1131,6098.518134
0,1501,6102.748011
12,1501,6107.080474
18,848,6109.185738
8,746,6111.04039
16,1168,6114.603035
10,770,6116.544764
4,1501,6121.055868
12,1501,6125.318044
10,910,6127.53232
47,1109,6131.03177
3,1314,6134.062672
12,1136,6137.699067
20,935,6140.125171
10,761,6142.935672
11,1015,6145.351973
2,1313,6149.345281
10,756,6151.240996
17,1026,6154.685595
26,1442,6158.814355
30,868,6161.128151
23,1138,6163.841461
18,767,6166.59859
18,842,6168.748074
11,937,6171.835311
8,1030,6174.385876
0,830,6177.26908
19,1062,6179.881735
9,1119,6183.456217
19,850,6185.539706
22,934,6188.604748
13,761,6190.491857
18,1038,6192.967063
0,746,6195.820128
13,836,6197.917181
10,1317,6201.847199
12,930,6204.10401
37,855,6207.042297
10,938,6209.3054
27,675,6211.897369
18,1501,6215.347004
11,806,6218.166237
23,946,6220.438687
7,1501,6224.676355
12,681,6226.416204
0,933,6229.495652
46,824,6231.52299
1,745,6233.387556
40,904,6236.428469
5,764,6238.319141
15,679,6240.853511
23,1113,6243.501583
23,1122,6247.003263
5,1501,6250.494388
12,1011,6253.77377
35,842,6255.887808
50,1243,6259.654207
16,1120,6262.321845
26,1447,6266.499888
66,1501,6270.78966
0,1501,6275.062057
16,1259,6278.005843
26,1501,6282.312533
15,776,6284.255888
18,1368,6288.299527
11,1200,6292.013807
12,1501,6295.450344
20,938,6298.571934
16,1193,6301.391304
17,757,6304.124436
22,781,6306.052841
12,1018,6309.35557
54,995,6311.711277
78,810,6313.700892
13,854,6316.640343
26,1026,6319.086318
11,951,6322.200805
12,1030,6324.649471
3,1340,6328.691978
13,1293,6332.537846
18,882,6334.725309
0,944,6337.86758
2,884,6340.078062
42,820,6342.1259
4,787,6345.012476
17,783,6346.937971
54,1115,6350.486265
13,604,6352.053591
14,692,6354.020264
20,1471,6358.317032
2,690,6360.068428
10,837,6362.939106
45,1188,6365.740867
12,746,6368.536462
12,1021,6371.008136
63,1229,6374.762704
11,762,6376.711432
7,608,6379.222931
7,598,6380.785368
9,939,6383.105291
21,924,6386.205654
11,599,6387.767978
0,756,6389.659336
0,652,6392.173218
14,534,6393.59204
11,579,6395.126102
0,507,6396.501744
13,593,6398.918892
18,866,6401.055246
0,573,6402.549228
0,539,6404.831727
0,450,6406.094167
10,625,6407.732078
0,542,6410.004535
15,579,6411.538434
10,746,6413.403801
0,553,6414.889109
0,405,6416.89562
0,479,6418.208554
0,408,6419.368195
0,565,6420.841386
6,603,6423.265573
10,710,6425.042486
0,482,6426.459395
0,407,6427.660032
11,746,6430.386352
17,761,6432.273854
10,710,6434.89085
11,763,6436.778944
0,500,6438.110049
9,582,6439.652413
0,463,6441.795983
0,478,6443.102745
0,394,6444.280058
0,476,6445.583897
0,436,6447.627544
6,593,6449.306295
7,596,6450.915698
0,473,6452.20191
9,563,6454.515841
3,592,6456.12474
7,744,6457.968547
25,938,6461.078263
42,762,6462.984568
0,582,6464.505844
0,532,6466.800635
25,924,6469.026403
29,958,6472.183905
20,860,6474.289668
35,672,6476.081698
35,839,6479.1533
10,1501,6482.795881
0,682,6485.386216
12,738,6487.240548
15,787,6490.00704
40,1032,6492.476171
19,1267,6496.313626
34,845,6498.393942
27,1021,6501.653332
16,756,6503.603182
10,1073,6506.327295
26,934,6509.443925
17,873,6511.559991
24,1076,6515.056565
28,1024,6517.508023
0,747,6520.247014
59,988,6522.62737
24,1022,6525.969912
15,942,6528.236285
12,829,6531.127477
11,899,6533.31293
5,1056,6536.724796
9,1171,6539.481451
26,754,6541.370243
10,838,6544.268418
15,891,6546.523001
21,994,6549.753713
13,786,6551.700607
18,809,6554.504391
3,1430,6557.811374
21,843,6560.817754
20,1018,6563.319087
36,1160,6566.858918
0,968,6569.18461
41,1124,6572.852899
10,1153,6575.68803
0,1501,6579.984978
19,1316,6583.976217
37,932,6586.237282
14,1025,6589.521449
35,1501,6592.966122
12,1063,6596.323343
20,1348,6600.381994
21,892,6602.560468
43,1501,6606.85521
12,825,6608.888101
21,853,6611.750416
8,1501,6615.212034
18,883,6618.348714
23,1501,6621.801617
51,931,6625.059901
10,652,6626.751066
24,1501,6631.066038
19,1501,6635.529545
38,1350,6638.702052
12,1048,6642.126361
17,1348,6646.08766
29,1074,6648.668154
11,588,6650.207674
9,731,6652.895828
44,899,6655.063193
11,646,6656.742143
20,830,6659.690932
35,1376,6663.695041
24,1004,6666.217587
27,1501,6670.54725
20,834,6672.609485
14,750,6674.498726
0,797,6677.312926
37,1501,6681.640851
11,744,6683.49796
5,770,6685.407815
51,1501,6689.659216
77,776,6691.573272
46,1501,6695.861129
46,1501,6700.151871
40,1066,6702.733111
44,1501,6707.007873
34,740,6709.664982
25,945,6711.977274
69,754,6713.854083
34,956,6716.989003
34,745,6718.841429
27,1037,6722.212499
5,513,6723.594707
31,1091,6727.033019
33,800,6729.039639
14,630,6730.659641
9,595,6732.238041
12,616,6734.791122
68,1501,6739.189907
26,735,6741.339581
26,910,6743.711908
10,745,6746.600349
37,920,6748.998596
14,545,6750.509355
10,751,6753.405711
28,923,6755.873173
31,986,6759.139367
60,818,6761.213442
28,922,6764.296568
23,932,6766.665212
56,875,6768.849271
16,881,6771.957177
75,1501,6776.308857
17,867,6778.444282
0,780,6780.375371
48,660,6783.004548
78,780,6784.930511
41,1501,6789.272336
26,605,6790.87372
101,1501,6795.197304
0,601,6796.793177
40,694,6798.545739
61,1501,6802.911441
0,575,6805.253227
0,601,6806.93459
0,483,6808.259887
0,680,6809.9967
56,762,6812.792321
16,674,6814.529439
13,571,6816.207697
121,1047,6819.879494
28,1501,6824.880455
9,726,6826.984258
0,487,6828.447236
43,579,6829.964057
0,530,6832.229
38,666,6833.887724
38,648,6835.521436
0,516,6837.751413
50,661,6839.438963
0,392,6840.56051
0,444,6841.806102
23,663,6844.366804
52,1501,6847.864947
6,675,6850.400272
2,554,6851.891834
14,592,6853.424277
19,588,6855.819591
0,570,6857.309167
16,582,6858.817585
0,559,6860.304847
15,499,6862.450862
16,746,6864.319492
0,483,6865.630873
0,451,6866.90661
0,431,6868.940135
14,481,6870.25854
0,473,6871.561207
12,538,6873.081279
0,413,6875.092204
11,602,6876.643778
0,419,6877.827045
0,473,6879.101145
0,486,6881.270024
0,477,6882.582266
10,508,6883.99664
14,530,6885.392012
0,501,6887.613497
11,649,6889.311765
42,964,6891.636409
0,392,6893.645127
0,405,6894.880995
34,596,6896.429284
2,510,6897.849398
22,572,6900.239395
0,393,6901.373243
0,418,6902.565876
0,481,6903.880422
0,431,6905.077456
0,423,6907.089142
0,432,6908.29956
3,486,6909.624169
12,563,6911.102022
0,464,6913.244597
21,694,6914.974264
16,476,6916.265841
32,776,6919.013918
0,483,6920.331543
10,741,6922.146263
11,633,6923.758817
28,969,6926.920117
41,923,6929.213741
26,574,6931.53722
14,492,6932.862946
33,1004,6935.363703
0,417,6937.359062
20,832,6939.408504
35,995,6941.82049
0,434,6943.901612
0,406,6945.054083
42,1501,6949.308528
27,1501,6952.689304
36,1113,6956.140965
86,1264,6959.072041
87,1501,6963.274613
0,393,6964.418059
61,1501,6968.664323
0,487,6969.987115
0,468,6972.108837
74,1501,6975.52713
0,386,6977.436682
21,783,6979.463878
25,680,6981.187939
0,411,6982.350775
15,598,6984.744412
25,477,6986.111171
0,409,6987.322486
9,648,6989.764539
0,391,6990.962918
19,687,6992.718743
0,471,6994.001383
18,690,6996.586696
27,688,6998.3777
4,610,6999.952814
22,676,7002.475969
13,495,7003.822239
0,478,7005.124465
0,389,7006.311477
2,569,7008.604068
0,417,7009.845909
10,555,7011.317943
8,564,7012.777961
12,578,7015.114187
10,571,7016.621995
13,579,7018.144901
17,673,7019.857471
10,579,7022.222891
10,462,7023.491327
50,663,7025.195995
51,656,7027.733648
23,669,7029.423227
7,470,7030.721316
0,403,7031.910082
40,668,7034.446511
0,455,7035.84591
9,560,7037.327949
0,399,7038.470784
79,765,7041.222443
33,767,7043.138091
22,680,7044.864334
0,538,7047.311725
15,778,7049.243526
0,413,7050.459967
0,561,7052.735385
23,669,7054.4299
94,989,7056.765091
17,864,7059.699822
71,881,7061.806975
9,494,7063.124506
37,1089,7066.620386
0,646,7068.304256
12,589,7070.671103
21,588,7072.204772
66,1265,7075.096576
0,387,7077.047445
39,1501,7080.445068
8,596,7082.826601
60,1501,7086.224904
25,957,7089.42039
41,1501,7093.720582
44,1501,7097.116258
16,792,7099.912228
25,1040,7102.377596
8,768,7105.133099
39,967,7107.446345
24,1501,7111.762444
46,1501,7116.056733
44,648,7117.712439
44,1501,7121.985132
60,1501,7125.396191
73,1501,7129.653697
36,1501,7133.916417
8,1501,7138.193718
29,1493,7141.589978
14,861,7144.533049
8,671,7146.250605
25,954,7148.642596
9,1501,7153.094644
14,1501,7157.372612
159,1501,7161.593786
0,490,7162.92418
38,1501,7167.165667
118,1379,7170.311378
0,1501,7174.545782
7,570,7176.019267
9,562,7178.314452
0,667,7179.989894
50,678,7181.756064
94,1195,7185.382183
27,884,7187.52087
12,416,7189.551644
78,1257,7192.573287
60,1501,7196.83595
57,1501,7201.156039
123,1021,7203.572173
85,1265,7207.362864
98,1501,7210.753813
51,1094,7214.140587
18,647,7215.801624
70,1501,7220.058378
120,1032,7223.327448
18,641,7224.973524
31,886,7227.13039
9,456,7228.435241
0,384,7230.380336
34,1194,7233.17503
36,1306,7237.034018
41,1302,7240.957648
33,1314,7244.095712
8,567,7245.625522
37,1501,7249.850383
65,1501,7254.077599
16,1501,7258.32828
36,839,7260.359461
22,592,7261.893668
101,919,7264.93407
44,1501,7269.162249
39,1501,7272.664299
21,1501,7276.944631
159,1492,7281.214359
67,1501,7284.59942
120,1327,7288.535847
0,455,7289.845061
196,1501,7294.176826
57,1501,7298.4028
13,571,7299.948657
77,1501,7304.19379
14,473,7305.484746
0,583,7306.979441
96,1476,7311.244366
62,949,7314.346331
0,598,7315.914753
0,577,7317.423386
109,1501,7321.674613
80,1218,7324.564737
0,655,7327.096865
0,606,7328.657164
31,770,7330.549082
19,717,7333.165724
32,842,7335.239156
32,746,7337.912115
39,1021,7340.313918
46,666,7341.998099
86,1129,7345.471727
0,596,7347.042694
0,642,7348.696413
0,865,7351.633121
55,1501,7355.896984
0,850,7358.013936
71,1033,7361.294289
0,760,7363.153064
39,1501,7367.418552
39,1501,7370.802478
130,1501,7375.055586
75,1501,7379.316941
84,1501,7383.576222
31,1115,7386.174977
0,1501,7390.443122
0,1501,7394.717164
59,1159,7397.430601
23,1295,7401.250614
39,1501,7405.499296
9,571,7407.00035
13,655,7408.671512
12,1257,7412.489794
8,470,7413.785673
11,1094,7417.196588
15,953,7419.507598
10,494,7420.846483
52,761,7423.603217
0,1049,7426.104058
18,591,7427.629978
54,1045,7431.080626
13,1240,7434.782115
0,698,7436.541501
97,1063,7439.107699
75,758,7441.851336
15,508,7443.216622
2,1072,7446.543708
0,669,7448.261859
56,911,7450.460139
0,565,7452.7931
9,414,7453.976844
50,760,7455.867412
19,688,7457.61151
8,496,7459.850985
0,656,7461.511823
9,487,7462.851823
29,605,7465.258045
29,780,7467.178077
26,684,7468.886029
0,760,7471.727301
0,682,7473.486319
0,724,7475.299969
0,687,7477.946248
0,382,7479.05261
0,621,7480.644817
22,1501,7485.061029
0,501,7486.406846
9,1293,7490.183475
5,414,7491.329051
0,1448,7495.482109
49,762,7497.402843
24,669,7499.1151
37,579,7501.507706
52,650,7503.148539
2,1501,7507.478478
25,578,7508.985144
0,1501,7513.253116
76,752,7515.11291
32,1501,7519.395873
0,1501,7523.635218
33,764,7525.680372
35,1501,7529.926672
42,562,7531.398089
0,1470,7535.693878
90,1501,7539.126992
0,1501,7543.453051
20,1413,7547.525576
20,1501,7551.722242
66,1501,7555.182188
59,658,7557.708165
21,1291,7560.743636
0,530,7562.97172
65,1501,7566.544742
30,753,7569.302172
48,845,7571.404183
15,1501,7575.660753
0,1501,7579.063798
21,851,7581.983651
63,932,7584.223341
0,1501,7588.478033
33,762,7590.352678
15,671,7592.978059
31,767,7594.889889
0,1501,7599.420724
63,741,7601.269496
0,1501,7605.554031
0,1501,7609.920338
9,565,7611.447076
41,577,7612.970509
0,1501,7617.20312
0,1501,7621.510576
9,554,7622.95628
5,509,7624.312035
0,469,7625.59172
17,492,7627.76341
28,590,7629.300195
0,1501,7633.525244
8,1501,7637.031926
0,1501,7641.267986
16,486,7642.589565
0,1501,7646.859663
50,464,7648.13902
8,556,7650.492753
0,1501,7654.015818
40,545,7656.319587
0,1501,7659.808643
0,1501,7664.061038
0,1078,7667.549991
0,1501,7671.01493
0,1079,7674.437595
9,497,7675.792232
0,1187,7679.406103
0,1183,7682.169616
0,1444,7686.344319
0,1464,7690.601149
0,1501,7694.008425
15,474,7696.135866
0,1501,7699.585072
15,586,7701.969882
47,761,7703.867544
17,582,7705.383042
60,646,7707.8703
64,634,7709.599817
0,1501,7713.901045
10,551,7715.353511
0,1501,7719.623539
16,667,7721.31591
0,1501,7725.662814
0,1501,7729.891627
0,1501,7733.385833
0,1312,7737.230239
13,668,7738.929673
0,1318,7742.800226
0,1153,7745.57911
0,1404,7749.62649
0,1463,7753.812878
0,1341,7757.706758
0,1501,7761.199487
0,1501,7765.481263
0,1501,7769.703893
0,1501,7773.113125
0,1501,7777.370097
0,1501,7781.717774
0,1501,7785.970785
0,1501,7789.469595
11,669,7792.020304
9,624,7793.615735
0,1501,7797.976706
12,583,7799.500832
0,1501,7803.717768
0,460,7804.962179
0,486,7806.278339
0,1501,7810.535643
0,1501,7814.862455
0,455,7816.112308
2,544,7817.558546
0,458,7818.832124
11,657,7821.397413
0,1501,7824.923322
0,1501,7829.217603
0,1501,7833.428457
40,827,7835.445917
14,655,7837.997162
16,655,7839.670045
0,1501,7843.942914
0,1501,7847.36403
1,576,7849.688178
0,1501,7853.076776
0,1501,7857.318714
0,1501,7861.521784
0,1501,7865.797415
45,637,7867.421058
0,1501,7871.676282
0,1501,7875.180902
0,1501,7879.527703
0,1501,7883.872619
28,568,7885.361595
17,567,7886.847062
35,634,7889.305045
45,734,7891.127866
0,1501,7895.47554
0,1501,7899.702144
0,1501,7903.226982
0,1501,7907.492409
0,1501,7911.908755
38,735,7913.723947
37,560,7915.19117
29,561,7917.498554
0,1501,7920.910311
0,1501,7925.115535
0,1501,7929.415249
0,1501,7933.658663
0,1501,7937.043169
36,634,7939.520577
0,1501,7942.911062
0,1501,7947.245794
8,1501,7951.567352
0,1501,7955.789759
0,1501,7959.156462
0,1501,7963.393461
0,1501,7967.748662
46,1083,7970.31293
32,998,7973.514288
70,983,7975.831467
32,995,7979.026745
37,1294,7982.087247
0,1501,7986.361677
53,907,7989.417843
51,909,7991.574153
0,1501,7995.85208
16,739,7997.677696
0,1501,8001.89331
10,775,8003.797749
0,1501,8008.103381
0,1501,8012.372345
0,1501,8015.843963
0,1501,8020.118952
5,706,8021.894496
16,885,8024.883797
0,1501,8029.310517
21,683,8031.039235
17,776,8032.950341
0,1501,8037.222415
16,1501,8041.567033
0,667,8043.339104
0,1501,8047.569536
0,1501,8051.870203
0,1501,8055.262485
0,1501,8059.574533
0,1501,8063.909569
0,1501,8068.206698
0,1501,8071.654102
0,1501,8075.959718
0,1501,8080.191727
6,1501,8083.594592
0,1501,8087.90278
0,1501,8092.233293
0,1501,8096.50588
14,908,8098.697281
0,938,8101.81647
25,1501,8105.281655
47,1454,8109.469266
20,1501,8113.762154
0,1501,8117.169787
0,1501,8121.495002
11,1501,8125.777915
8,1343,8129.718448
50,1501,8133.108098
20,1501,8137.364327
17,1501,8141.625967
8,1204,8144.422501
15,692,8147.020991
0,1073,8149.567325
0,1200,8153.205622
0,1181,8155.966094
8,977,8159.140238
0,1137,8161.7899
0,884,8164.770371
0,875,8166.882165
9,1174,8170.491037
0,1066,8172.982532
3,698,8175.611733
0,878,8177.773368
0,982,8181.032974
4,1142,8183.706407
28,1214,8187.355871
0,987,8189.916571
0,1157,8193.566409
30,1376,8197.533338
26,1501,8200.94845
0,1501,8205.292827
40,1501,8209.603405
18,745,8211.452067
62,1177,8215.05945
111,911,8217.256669
64,1005,8220.559831
35,1173,8223.377073
53,1158,8226.905992
19,917,8229.118391
32,1501,8233.449934
0,1094,8236.002573
102,1129,8239.53971
24,1107,8242.945357
122,971,8245.278577
119,1194,8248.9377
238,1501,8252.451813
54,1343,8256.439538
0,979,8258.816347
31,1501,8263.182159
80,1034,8266.491409
66,1501,8269.890465
24,1501,8274.153911
17,1501,8278.512573
0,1257,8282.239126
0,1501,8285.639523
0,1501,8289.922389
51,848,8292.023616
61,1501,8296.358254
6,882,8299.409182
0,686,8301.137031
4,1141,8303.802857
0,953,8306.913121
32,757,8308.808279
20,656,8311.347162
11,1501,8314.748284
0,1501,8318.979246
0,567,8320.437762
41,580,8322.856828
22,1053,8325.330364
40,888,8328.359362
18,1045,8330.835418
40,892,8333.809899
36,583,8335.355982
0,426,8336.535681
0,1420,8340.719148
0,1501,8344.159157
36,576,8346.474515
0,506,8347.830502
12,1309,8351.664253
0,505,8353.060107
0,579,8354.634823
0,401,8355.769134
0,642,8358.241631
0,465,8359.521266
0,399,8360.661507
0,461,8361.938204
0,436,8364.000204
6,597,8365.566844
0,504,8366.934811
0,458,8368.182454
0,484,8370.3025
0,1220,8373.136312
0,509,8374.728779
20,754,8377.474862
0,529,8378.883844
13,574,8380.385503
0,571,8382.837948
4,779,8384.777121
0,734,8386.627942
0,492,8388.730608
0,587,8390.264941
41,944,8392.523048
0,794,8395.396816
0,479,8396.717157
0,671,8398.424422
0,491,8399.762
17,727,8402.525715
0,477,8403.826437
18,470,8405.116364
0,457,8407.282327
0,503,8408.650306
0,575,8410.139962
0,610,8411.722356
0,522,8413.946708
0,394,8415.078743
0,505,8416.435593
2,668,8418.111116
0,489,8420.329293
0,642,8421.987522
9,646,8423.638996
26,477,8424.938907
0,569,8427.284194
0,494,8428.622192
17,484,8429.908186
0,638,8432.348908
16,559,8433.836428
0,568,8435.327869
10,627,8437.070929
0,1053,8440.527025
17,633,8442.160371
0,1501,8446.480302
0,587,8448.047559
0,535,8449.435567
0,754,8452.159319
0,1501,8456.389168
0,815,8458.404411
0,661,8460.07082
0,1501,8464.326365
23,468,8465.59949
9,477,8466.902465
0,917,8470.006716
0,1217,8473.652752
0,753,8475.533014
0,1264,8479.268745
0,1501,8482.757862
57,711,8485.358027
57,1501,8488.761257
77,1501,8493.00017
131,1501,8497.210534
0,1033,8499.641984
0,1501,8503.923135
0,1049,8507.221795
0,618,8508.809113
0,1374,8512.809695
0,756,8514.729357
10,607,8516.285543
0,830,8519.164282
0,1337,8522.24245
0,895,8525.331107
0,1501,8528.761973
42,1087,8532.159677
0,1501,8536.448315
0,1501,8539.858282
0,1096,8543.396745
0,1501,8547.663216
0,1501,8551.151152
0,1501,8555.407058
0,666,8557.106712
51,963,8560.234877
48,807,8562.21809
106,1501,8566.55839
31,1501,8570.896332
0,1501,8575.180651
2,1226,8577.997818
0,1501,8582.344978
0,1501,8586.577849
0,1325,8589.669086
