#{"env_id": "SetDown-v3", "t_start": 1532033145.91968}
r,l,t
0,1501,3.95219
0,1501,8.157351
0,1501,12.018916
0,1501,15.181498
82,1501,18.989403
39,1501,22.870875
0,1501,26.777522
0,1501,29.895872
102,1501,33.718473
0,1501,37.626991
0,1501,41.477984
8,1501,44.569983
0,1501,48.414773
0,1501,52.384504
0,1501,55.346964
189,1501,59.218664
0,1501,63.146927
112,1501,66.994111
90,1501,70.053056
0,1501,73.914126
0,1501,77.844105
0,1501,81.710257
0,1501,84.851777
1,1501,88.573337
50,1423,92.56253
0,1501,96.467286
47,1500,99.379332
67,1501,103.306779
42,1475,107.167079
0,1501,110.061828
0,1501,113.956002
0,1501,118.000126
32,1483,122.123322
25,1408,124.909977
0,1501,128.878383
0,1501,132.795634
46,1452,135.651156
22,1501,139.58511
31,1381,143.360604
0,1501,147.261112
0,1501,150.252654
35,1407,154.094488
15,1339,157.613584
32,1405,160.532955
33,1229,163.860059
33,1180,167.210143
23,1238,169.704008
36,1097,172.965907
0,1501,176.05211
14,1101,179.320786
0,1501,183.246628
12,1164,185.579903
0,1501,189.499755
0,1501,193.722164
38,1501,196.923195
14,1501,200.893593
0,1501,204.86197
0,1501,208.723239
42,1501,211.716809
0,1501,215.701246
0,1501,219.589407
0,1501,223.617846
16,1501,226.600485
45,1501,230.637276
0,1501,234.586334
40,1501,238.565651
38,1501,241.630961
0,1501,245.627266
49,1501,249.423327
29,1501,252.504538
32,1501,256.46255
37,1501,260.383701
0,1501,264.452943
56,1501,267.445221
0,1501,271.536205
0,1501,275.559879
107,1501,279.626611
98,1501,282.916073
0,1501,286.814284
141,1501,290.750968
117,1501,294.629811
75,1501,297.663667
116,1501,301.551212
69,1501,305.461585
56,1501,308.65697
136,1501,312.88642
61,1501,317.134969
21,1501,321.132416
140,1501,324.188033
113,1501,328.152355
96,1501,331.971277
98,1501,335.782799
97,1501,338.731578
136,1501,342.5032
56,1501,346.275675
40,1501,350.107935
71,1501,353.070497
64,1501,357.006844
48,1501,360.808483
52,1501,363.738851
48,1501,367.58714
0,1501,371.451522
50,1241,374.861223
41,1270,377.308706
45,1344,380.834632
28,1296,383.391233
43,1501,387.220483
55,1501,391.101756
52,1501,394.921768
57,1501,397.93685
53,1501,401.869097
46,1501,405.687347
33,1285,408.254839
59,1501,412.137961
32,1279,415.597919
21,1191,418.020226
46,1501,421.780024
41,1413,425.484306
22,1501,429.27048
27,1501,432.282604
54,1372,436.009589
53,1501,439.874703
47,1501,442.846277
42,1462,446.763439
49,1501,450.60791
37,1501,454.418012
30,1501,457.466223
47,1501,461.383022
48,1501,465.294339
44,956,467.286108
48,946,470.220752
36,1501,473.217291
47,1056,476.308867
42,1501,480.120484
41,1171,482.517116
31,1231,485.796243
31,1501,489.605914
58,1501,492.578809
69,1501,496.339066
68,1501,500.176124
33,1501,504.02802
70,1501,506.950909
44,1501,510.8822
42,1501,514.701818
46,1501,517.574227
60,1501,521.611073
66,1501,525.447291
40,1501,529.204542
64,1501,532.134707
97,1501,536.089923
46,1501,539.984204
61,1501,543.716105
37,1501,546.748651
37,1501,550.571459
83,1501,554.549914
46,1501,558.474641
67,1501,561.489307
27,1501,565.548824
140,1501,569.500262
155,1501,572.548434
78,1501,576.386003
173,1501,580.3341
36,1501,584.244301
182,1501,587.354395
160,1501,591.472702
49,1501,595.327055
141,1501,599.263932
56,1501,602.277692
120,1501,606.158119
53,1501,610.20256
113,1501,614.202581
78,1501,617.289707
37,1501,621.185246
71,1501,625.037393
54,1501,628.054768
57,1501,631.97612
41,1501,635.916774
44,1501,639.795404
135,1501,642.945319
66,1501,646.727777
66,1501,650.839063
158,1501,654.881031
21,1017,657.063876
57,1042,660.230999
242,1501,663.439944
251,1501,667.52159
492,1501,671.384708
57,1210,673.835723
217,1501,677.704219
140,1501,681.761365
3,1501,685.66422
42,1501,688.862979
75,1501,692.792704
95,1501,696.82913
56,1501,700.659375
48,1359,703.515376
10,1501,707.48426
106,1444,711.38117
41,1338,714.141964
55,1260,717.745471
211,1501,721.567053
0,1501,724.571923
3,1501,728.533788
58,1363,732.197414
78,1286,734.917966
52,1501,738.796029
56,1501,742.668397
40,1501,746.579881
2,1501,749.650158
27,1501,753.592976
39,1501,757.707515
39,1501,761.609081
4,1501,764.77982
184,1501,768.639876
56,1501,772.600537
35,1501,775.595624
5,1501,779.428988
34,1501,783.382077
76,1501,787.399969
53,1501,790.39424
6,1501,794.287065
1,1501,798.267323
0,1501,802.124795
22,1501,805.145434
4,1501,809.079882
31,1501,812.977768
45,1501,817.006189
32,1501,820.081978
45,1501,823.93308
22,1501,827.833654
87,1501,830.847049
0,1501,834.696681
46,1501,838.97919
17,1501,842.954258
102,1501,846.00834
40,1501,849.859918
58,1501,853.873972
30,1501,857.971481
31,1501,860.949332
16,1501,865.019424
121,1501,869.219749
26,1501,873.503345
39,1501,876.703695
40,1501,880.717177
81,1501,884.511789
225,1501,887.427732
106,1501,891.282769
131,1501,895.292693
144,1501,899.102248
41,1501,902.072755
34,1501,905.932887
0,1501,909.720889
206,1501,913.603202
23,1501,916.584765
0,1501,920.447567
60,1501,924.326615
318,1501,927.45883
44,1501,931.184412
175,1501,935.023794
0,1501,938.914173
98,1501,941.830523
243,1501,945.67512
507,1501,949.684211
8,1501,953.439631
9,1501,956.401778
135,1501,960.228754
156,1501,964.057985
59,1501,967.872238
513,1501,970.928942
454,1501,974.888718
553,1501,978.861856
24,1501,982.022527
0,1501,985.781332
201,1501,989.55607
532,1501,993.436739
34,1501,996.378774
148,1501,1000.18904
474,1501,1004.081964
243,1501,1007.860046
550,1501,1010.830001
245,1501,1014.798094
114,1501,1018.722462
28,1501,1022.606081
87,1501,1025.551826
41,1501,1029.441304
98,1501,1033.305158
45,1501,1036.293221
316,1501,1040.114422
796,1501,1043.978565
539,1501,1047.780947
881,1501,1050.899205
22,1501,1054.789161
516,1501,1058.735779
590,1501,1062.59461
6,1501,1065.647016
178,1501,1069.467647
15,1501,1073.352595
299,1501,1077.267895
234,1501,1080.238333
243,1501,1084.056681
88,1501,1087.940587
412,1501,1090.897976
177,1501,1094.708746
81,1501,1098.756159
71,1501,1102.527164
527,1501,1105.486082
227,1501,1109.288231
137,1501,1113.125671
257,1501,1116.943669
36,1501,1120.090981
176,1501,1123.899668
139,1501,1127.843957
71,1501,1131.726866
159,1501,1134.765435
134,1501,1138.573045
176,1501,1142.46324
66,1501,1145.415864
168,1501,1149.263715
381,1501,1153.155146
457,1501,1157.1775
2,1501,1160.09847
12,1501,1163.96364
3,1501,1167.791417
496,1501,1171.639857
232,1501,1174.793187
230,1501,1178.749766
108,1501,1182.53423
0,1501,1186.372611
209,1501,1189.382881
226,1501,1193.153141
377,1501,1196.973531
15,1501,1199.91552
199,1501,1203.816072
370,1501,1207.818569
123,1501,1211.656612
252,1501,1214.518371
120,1501,1218.37047
147,1501,1222.400492
205,1501,1226.315922
0,1501,1229.450997
394,1501,1233.31093
333,1501,1237.16516
0,1501,1241.000892
40,1501,1244.108133
163,1501,1248.27236
230,1501,1252.159168
242,1501,1255.201261
164,1501,1259.105184
130,1501,1262.975662
152,1501,1267.059357
333,1501,1270.146111
177,1501,1274.17563
357,1501,1278.183288
365,1501,1282.186186
191,1501,1285.206144
105,1501,1289.070658
121,1501,1292.926514
24,1501,1296.836838
347,1501,1299.915766
148,1501,1303.846882
335,1501,1307.826703
514,1501,1310.907297
405,1501,1314.806505
390,1501,1318.828506
562,1501,1322.763358
252,1501,1325.710747
322,1501,1329.86566
86,1501,1333.872608
307,1501,1337.71567
284,1501,1340.757988
195,1501,1344.765372
228,1501,1348.551628
0,1501,1352.476468
226,1501,1355.572551
245,1501,1359.460602
244,1501,1363.618492
148,1501,1366.628215
201,1501,1370.47176
255,1501,1374.430936
163,1501,1378.404629
678,1501,1381.481961
105,1501,1385.387478
39,1501,1389.576051
64,1501,1393.575358
59,1501,1396.561481
237,1501,1400.427544
53,1501,1404.370332
131,1501,1408.431264
61,1501,1411.364436
140,1501,1415.352519
26,1501,1419.263861
16,1501,1422.228073
32,1501,1426.141855
30,1501,1430.018248
41,1501,1433.916296
31,1501,1437.025041
0,1501,1441.022764
0,1501,1444.922045
0,1501,1448.950913
19,1501,1452.007534
31,1501,1455.960208
0,1501,1459.936038
39,1501,1463.912538
19,1501,1466.94962
18,1501,1470.857725
3,1501,1474.750443
18,1501,1477.792631
0,1501,1481.974103
10,1501,1486.034217
36,1501,1489.884761
0,1501,1492.850682
0,1501,1496.820113
16,1501,1500.85472
23,1501,1504.659638
65,1501,1507.658741
77,1501,1511.697948
45,1501,1515.611899
31,1501,1518.573831
83,1501,1522.433278
55,1501,1526.250323
35,1501,1530.401147
43,1501,1533.408471
140,1501,1537.378884
102,1501,1541.296777
162,1501,1545.220045
152,1501,1548.395133
53,1501,1552.661472
205,1501,1556.950612
247,1501,1560.920434
251,1501,1563.956872
316,1501,1567.775764
405,1501,1571.628639
597,1501,1574.570224
93,1501,1578.493258
152,1501,1582.480839
98,1501,1586.29439
76,1501,1589.350806
117,1501,1593.31741
120,1501,1597.033833
186,1501,1600.996155
96,1501,1604.050983
208,1501,1607.984711
81,1501,1611.73101
137,1501,1615.567719
106,1501,1618.520626
282,1501,1622.347494
159,1501,1626.231934
205,1501,1629.208041
265,1501,1633.003661
327,1501,1636.942216
189,1501,1640.896334
312,1501,1643.92986
211,1501,1647.868227
154,1501,1651.776593
333,1501,1655.596048
238,1501,1658.602147
301,1501,1662.416338
143,1501,1666.381609
248,1501,1670.228069
187,1501,1673.251827
148,1501,1677.055085
106,1501,1680.890327
253,1501,1684.002458
177,1501,1687.834713
202,1501,1691.647424
148,1501,1695.641104
116,1501,1698.543194
404,1501,1702.401796
85,1501,1706.27345
83,1501,1710.184192
100,1501,1713.109654
277,1501,1717.178867
273,1501,1721.034507
120,1501,1724.828947
322,1501,1727.760058
327,1501,1731.628297
72,1501,1735.460216
342,1501,1738.364999
334,1501,1742.218697
326,1501,1746.192919
363,1501,1750.154306
140,1501,1753.194258
120,1501,1757.08851
86,1501,1760.89413
287,1501,1764.747172
145,1501,1767.796647
145,1501,1771.57817
263,1501,1775.525334
388,1501,1779.359357
159,1501,1782.314001
173,1501,1786.128907
190,1501,1790.035825
257,1501,1793.04662
217,1501,1796.810383
240,1501,1800.789733
272,1501,1804.912809
189,1501,1807.959866
228,1501,1811.839664
154,1501,1815.683001
253,1501,1819.682586
87,1501,1822.706324
276,1501,1826.56944
156,1501,1830.29226
321,1501,1834.16833
249,1501,1837.048062
434,1501,1841.040761
338,1501,1845.045327
469,1501,1848.123193
53,1501,1851.966733
182,1501,1855.817568
158,1501,1859.624766
335,1501,1862.6013
445,1501,1866.502564
535,1501,1870.452866
343,1501,1874.237699
147,1501,1877.228468
132,1483,1881.161353
231,1501,1884.974659
327,1501,1888.831203
413,1501,1891.963203
467,1501,1895.726096
537,1501,1899.710212
83,1501,1902.810344
501,1501,1906.627831
192,1501,1910.448199
230,1501,1914.374911
462,1501,1917.254915
103,1501,1921.09058
107,1501,1925.008571
259,1501,1928.863804
180,1501,1931.840526
133,1501,1935.684488
339,1501,1939.523317
375,1501,1943.377232
158,1501,1946.386147
780,1501,1950.184077
65,1501,1954.026126
555,1501,1957.066949
141,1501,1960.876033
91,1501,1964.653949
617,1501,1968.538687
106,1501,1971.544252
1005,1501,1975.35103
158,1501,1979.236364
815,1501,1983.025272
385,1501,1985.924826
150,1501,1989.856764
357,1501,1993.757395
430,1501,1997.520088
1006,1501,2000.581932
573,1501,2004.402071
217,1501,2008.373065
187,1501,2011.344607
181,1501,2015.238231
397,1501,2019.023438
454,1501,2022.879014
870,1501,2025.837628
89,961,2028.693333
249,1501,2032.590001
174,1501,2035.514919
103,1501,2039.400402
407,1501,2043.226856
140,1401,2046.118031
135,1501,2049.929254
258,1501,2053.790448
87,1501,2057.598661
174,1501,2060.501551
384,1501,2064.360774
180,1501,2068.28553
246,1501,2072.379128
393,1501,2075.421134
88,1501,2079.240749
121,1501,2083.291885
211,1501,2087.175707
137,1501,2090.167933
430,1501,2094.087087
229,1137,2097.410652
59,1013,2099.521295
62,1464,2103.34255
321,1501,2106.374383
40,827,2108.995949
0,820,2110.789546
111,937,2113.725746
927,1501,2116.812052
82,1418,2120.486495
624,1501,2124.37185
768,1501,2128.324227
543,1501,2131.375572
225,1501,2135.187407
62,1000,2138.169765
22,816,2139.905704
424,1501,2143.732346
246,1501,2146.713295
595,1501,2150.588353
98,924,2153.44838
323,1501,2156.522387
773,1501,2160.419513
150,1073,2163.613967
343,1501,2166.614534
492,1501,2170.424336
34,1303,2173.972656
328,1449,2177.03416
54,1501,2180.922563
694,1501,2184.67738
341,1501,2188.537273
392,1501,2191.528197
472,1501,2195.295658
154,1501,2199.17524
347,1501,2203.039915
198,1501,2206.043345
210,1501,2209.965391
139,1501,2213.764668
320,1501,2216.753545
360,1501,2220.576589
410,1501,2224.510603
466,1501,2228.305501
146,1501,2231.327514
198,1501,2235.212842
676,1501,2239.026711
260,1501,2242.817981
150,1501,2245.779959
114,1003,2248.730569
112,1501,2252.667516
101,1501,2255.748549
822,1501,2259.600531
105,1501,2263.371932
245,1112,2265.633841
522,1501,2269.476017
565,1501,2273.404657
593,1501,2277.267159
580,1501,2280.152492
787,1501,2284.124608
120,1501,2287.976712
409,1501,2291.019065
369,1501,2294.81918
623,1501,2298.77187
778,1501,2302.65364
588,1501,2305.706328
485,1501,2309.539483
706,1501,2313.433965
664,1444,2317.235909
131,877,2319.16802
624,1501,2323.097333
627,1501,2326.029402
120,1501,2329.874724
182,1079,2333.05208
728,1501,2335.981578
249,1501,2339.805087
625,1501,2343.66583
542,1501,2347.57114
582,1501,2350.493602
224,1501,2354.392885
870,1501,2358.206239
530,1501,2362.021722
853,1501,2365.032307
679,1501,2368.79389
697,1501,2372.548735
591,1501,2375.553209
366,1501,2379.422062
877,1501,2383.199544
947,1501,2387.044181
434,1501,2390.062232
429,1501,2393.959403
564,1501,2397.814664
206,1501,2401.801828
236,1501,2404.83039
152,1342,2408.37287
220,1501,2412.244917
123,1501,2415.164706
173,1501,2418.984272
109,1501,2422.849515
359,1501,2426.652651
157,1239,2429.178026
204,1376,2432.957426
341,1301,2436.565044
642,1501,2439.617388
251,1501,2443.432347
441,1501,2447.3412
246,1501,2451.166924
400,1501,2454.163603
429,1333,2457.77746
646,1501,2461.660204
249,926,2463.58303
316,1501,2467.408271
415,1501,2471.261272
543,1501,2474.267534
494,1501,2478.116052
437,1501,2482.016178
344,1501,2485.101149
523,1501,2489.06194
706,1501,2493.030607
403,1501,2496.845575
760,1501,2499.798469
615,1501,2503.647227
67,1309,2507.119869
191,1501,2510.877031
830,1501,2513.863578
755,1501,2517.680332
833,1501,2521.496473
540,1501,2524.463737
852,1501,2528.372985
744,1501,2532.29586
579,1501,2536.126879
766,1501,2539.012912
216,1501,2542.825358
338,1501,2546.698869
391,1501,2550.56231
597,1501,2553.513394
926,1501,2557.428044
654,1501,2561.223073
450,1501,2565.046708
391,1501,2567.997704
277,1501,2571.85122
433,1501,2575.762457
166,1501,2578.744179
678,1501,2582.695827
675,1501,2586.485617
779,1501,2590.339734
254,1501,2593.270007
185,1501,2597.252019
793,1501,2601.027533
505,1501,2604.885121
295,1501,2607.780466
212,1501,2611.662107
294,1501,2615.481978
34,1501,2619.445322
388,1501,2622.463233
367,1501,2626.334259
240,1501,2630.319816
728,1501,2633.330454
403,1501,2637.274343
629,1501,2641.231957
153,1501,2645.067306
158,1501,2648.120554
169,1501,2651.902956
283,1501,2655.785665
442,1501,2659.762272
330,1501,2662.92521
405,1501,2666.841007
233,1501,2670.75928
245,1501,2674.724184
211,1501,2677.643006
1014,1501,2681.548647
99,1501,2685.570985
272,1501,2688.735381
712,1501,2692.919386
227,1501,2697.081466
1088,1501,2701.368522
344,1501,2704.481535
637,1501,2708.529006
222,1501,2712.589479
525,1501,2716.710748
233,1501,2719.966126
32,1501,2724.176623
478,1111,2727.521649
46,1049,2729.823697
101,1009,2733.259575
819,1386,2736.300965
353,1501,2740.426661
352,1312,2744.256731
600,1501,2747.458457
145,1501,2751.649681
170,1501,2755.659128
208,1501,2759.729019
958,1501,2762.8425
144,1501,2766.778289
520,1501,2770.705565
478,1501,2773.739204
667,1501,2777.671611
701,1501,2781.576076
971,1501,2785.509823
765,1501,2788.624116
463,1501,2792.522919
546,1501,2796.39364
257,1501,2800.321393
477,1501,2803.424065
1055,1501,2807.374226
1068,1378,2811.172433
732,1282,2813.989093
803,1501,2818.082268
763,1501,2822.161182
631,1501,2826.134194
754,1501,2829.111065
981,1501,2833.060301
828,1501,2837.040864
1134,1501,2840.975236
881,1501,2843.969032
663,1501,2847.880025
758,1501,2851.847862
1016,1501,2854.862588
999,1501,2858.970105
1012,1501,2862.91573
1266,1501,2866.894518
151,1501,2869.876553
590,1501,2873.85482
988,1501,2877.882238
1051,1501,2881.807382
675,1501,2884.97497
553,1501,2888.952341
1239,1501,2892.918989
548,1501,2896.869482
1060,1501,2899.981171
711,1501,2904.005678
1149,1501,2907.994668
696,1501,2911.034553
1081,1501,2914.86363
1050,1501,2918.811794
1133,1501,2922.803308
388,1372,2925.678871
1160,1501,2929.728933
1048,1501,2933.813727
601,1501,2937.655306
1216,1501,2940.643953
157,1501,2944.699817
1171,1501,2948.639668
1236,1501,2951.749251
1119,1501,2955.734728
629,1501,2959.684921
697,1501,2963.707356
800,1501,2966.703544
864,1501,2970.766944
943,1501,2974.741347
529,1501,2978.65078
882,1501,2981.739322
933,1501,2985.621862
1110,1501,2989.577754
1132,1501,2993.537643
1228,1501,2996.617252
991,1501,3000.426405
1247,1501,3004.455271
1052,1501,3007.690552
581,1501,3011.509659
433,1501,3015.399955
896,1501,3019.423257
692,1501,3022.494087
218,1501,3026.454031
789,1501,3030.407545
560,1501,3034.441334
559,1501,3037.41794
650,1501,3041.294207
662,1501,3045.216369
1036,1501,3049.144433
1169,1501,3052.196233
1164,1501,3056.070397
1120,1501,3060.077076
972,1501,3062.97623
1227,1501,3066.855867
1054,1501,3070.736238
334,1501,3074.605586
488,1501,3077.714753
1185,1501,3081.642325
1295,1501,3085.66764
1128,1501,3089.659172
303,1501,3092.677568
891,1501,3096.580283
987,1501,3100.626171
893,1501,3103.77058
710,1501,3107.75882
1186,1501,3111.774598
808,1501,3115.650002
968,1501,3118.623587
1042,1501,3122.630031
949,1501,3126.59001
881,1501,3130.61114
846,1501,3133.80765
1017,1501,3137.741149
704,1501,3141.691889
1039,1501,3145.592123
1005,1501,3148.517723
697,1501,3152.562704
985,1501,3156.565788
998,1501,3159.798731
878,1501,3163.947491
595,1501,3167.868093
848,1501,3171.76091
765,1501,3174.830568
1192,1501,3178.912836
390,1501,3183.017091
331,1501,3186.86182
1120,1501,3189.930165
513,1501,3193.872963
508,1501,3197.755753
1158,1501,3201.654323
1239,1501,3204.808541
924,1501,3208.654999
904,1501,3212.653862
1045,1501,3215.712264
1141,1501,3219.535365
1189,1501,3223.438798
713,1501,3227.377977
1252,1501,3230.359705
793,1501,3234.330899
1277,1501,3238.26726
801,1501,3242.266672
462,1501,3245.386291
1129,1501,3249.499261
1084,1501,3253.541106
1216,1501,3257.393114
899,1501,3260.552572
659,1501,3264.476166
1100,1501,3268.343305
1066,1501,3271.357122
880,1501,3275.420271
1010,1501,3279.300959
1146,1501,3283.179492
624,1501,3286.339654
1149,1501,3290.204891
1160,1501,3294.112634
1140,1501,3298.111166
1216,1501,3301.159339
1312,1501,3305.217821
1061,1501,3309.243542
1266,1501,3313.265333
1251,1501,3316.359503
1259,1501,3320.528517
1183,1501,3324.490281
1220,1501,3327.417402
1008,1501,3331.391859
1059,1501,3335.400585
921,1501,3339.290961
1256,1501,3342.33037
1191,1501,3346.196259
1130,1501,3350.157264
1192,1501,3354.126695
1107,1501,3357.24655
1159,1501,3361.333097
1114,1501,3365.188844
960,1501,3369.104221
1378,1501,3372.210758
1142,1501,3376.108255
826,1501,3379.923281
770,1501,3383.021685
228,1501,3386.936963
414,1501,3390.874843
318,1501,3394.88613
1266,1501,3397.894859
1328,1501,3401.808335
985,1501,3405.814355
932,1501,3409.737701
1069,1501,3412.780587
796,1501,3416.78355
345,1501,3420.685129
8,1501,3424.592739
1151,1501,3427.636569
652,1501,3431.585159
1230,1501,3435.709337
905,1501,3439.003835
1154,1501,3443.182399
1156,1501,3447.52837
1029,1501,3451.664391
982,1501,3454.61853
870,1501,3458.696382
1035,1501,3462.657478
1237,1501,3466.529828
983,1501,3469.508939
1309,1501,3473.494706
1092,1501,3477.527177
1158,1501,3481.785637
1074,1501,3484.882469
1211,1501,3488.849651
993,1501,3492.796878
878,1501,3495.997801
938,1501,3499.926463
888,1501,3503.847641
1048,1501,3507.968888
1179,1501,3511.083152
693,1501,3515.102375
953,1501,3518.926535
1052,1501,3522.857622
931,1501,3525.906635
1067,1501,3529.784184
1157,1501,3533.758051
968,1501,3537.634732
1020,1501,3540.61937
1062,1501,3544.637022
1266,1501,3548.563349
1262,1501,3551.688611
1292,1501,3555.566219
617,1501,3559.467027
777,1501,3563.395404
686,1501,3566.532765
1209,1501,3570.321708
1242,1501,3574.202458
1344,1501,3578.217526
1306,1501,3581.189564
1226,1501,3585.212847
991,1501,3589.245913
1181,1501,3593.066605
922,1501,3596.157121
1107,1501,3600.086394
504,1501,3604.079254
1174,1501,3607.109188
1177,1501,3611.113579
45,1501,3615.1836
1107,1501,3619.10447
886,1501,3622.043314
1239,1501,3625.951159
1142,1501,3629.90654
1151,1501,3633.751233
1310,1501,3636.928565
1335,1501,3640.841021
1294,1501,3644.626168
953,1501,3648.562436
88,1501,3651.737939
944,1501,3655.673699
550,1501,3659.651082
1259,1501,3662.699023
1049,1501,3666.603957
1288,1501,3670.573759
1212,1501,3674.406777
237,1501,3677.374822
1204,1501,3681.345946
743,1501,3685.318756
1097,1501,3689.194422
1309,1501,3692.21103
1226,1501,3696.18781
498,1501,3700.18616
645,1501,3703.055594
1157,1501,3707.039217
1201,1501,3711.023612
1245,1501,3714.932578
1205,1501,3717.980183
1325,1501,3721.8546
475,1501,3725.615421
1101,1501,3729.560523
1191,1501,3732.593657
1121,1501,3736.563498
1182,1501,3740.412121
282,1501,3744.372932
1080,1501,3747.376102
837,1501,3751.246904
1074,1501,3755.153952
1250,1501,3758.423305
1046,1501,3762.351049
1070,1501,3766.28357
1063,1501,3770.299821
818,1501,3773.262021
1174,1501,3777.136161
1095,1501,3781.092939
1144,1501,3785.261428
1034,1501,3788.600752
1062,1501,3792.854646
1053,1501,3796.874831
1233,1501,3800.596412
945,1501,3803.615393
1123,1501,3807.39497
1220,1501,3811.218702
1048,1501,3814.252617
951,1501,3818.127003
1203,1501,3822.100732
757,1501,3825.927722
1116,1501,3828.929432
806,1501,3832.738992
990,1501,3836.575787
1160,1501,3840.439714
1105,1501,3843.324141
1069,1501,3847.18617
1050,1501,3851.140892
1241,1501,3854.947503
1339,1501,3857.848531
1139,1501,3861.69938
877,1501,3865.639243
914,1501,3868.568668
1056,1501,3872.397894
886,1501,3876.170964
963,1501,3879.938822
949,1501,3883.06797
1045,1501,3886.938981
1179,1501,3890.735619
1202,1501,3894.566578
1085,1501,3897.674812
1119,1501,3901.509569
758,1501,3905.337846
1143,1501,3909.281379
1127,1501,3912.271202
1128,1501,3916.165257
1078,1501,3919.938301
1206,1501,3922.903531
1023,1501,3926.706953
1198,1501,3930.558092
1278,1501,3934.344793
1288,1501,3937.296742
1136,1501,3941.188138
1102,1501,3945.045348
662,1501,3948.987544
1016,1501,3951.949579
1238,1501,3955.721048
1090,1501,3959.531659
1141,1501,3963.44188
1247,1501,3966.363176
1192,1501,3970.222329
1101,1501,3974.063168
1094,1501,3977.017226
1176,1501,3980.874738
1122,1501,3984.623727
1173,1501,3988.411602
1143,1501,3991.36298
1243,1501,3995.156198
1251,1501,3998.87864
1029,1501,4002.784497
660,1501,4005.85797
1106,1501,4009.604095
1088,1501,4013.333068
1081,1501,4017.3638
316,1501,4020.285474
467,1501,4024.133733
743,1501,4027.988962
110,1501,4030.906521
699,1501,4034.697124
852,1501,4038.614919
1101,1501,4042.438354
1068,1501,4045.483731
1164,1501,4049.357146
1107,1501,4053.266915
1197,1501,4057.096306
1076,1501,4060.052676
1232,1501,4063.930338
1341,1501,4067.786311
1111,1501,4071.598951
1114,1501,4074.666739
1245,1501,4078.454988
812,1501,4082.27194
1143,1501,4085.338738
1223,1501,4089.029182
1072,1501,4092.887845
932,1501,4096.756734
1251,1501,4099.712919
968,1501,4103.542101
1142,1501,4107.45819
1060,1501,4111.257336
1254,1501,4114.247096
1216,1501,4118.011673
1222,1501,4121.77548
1113,1501,4125.602774
1169,1501,4128.731436
1177,1501,4132.531627
1137,1501,4136.390202
1122,1501,4139.397108
1182,1501,4143.260057
1150,1501,4147.167964
1040,1501,4150.972351
1188,1501,4153.899366
1157,1501,4157.725518
1156,1501,4161.593338
997,1501,4165.391315
752,1501,4168.32165
882,1501,4172.213268
1126,1501,4176.028198
1245,1501,4179.939087
1315,1501,4182.867176
1232,1501,4186.732463
1063,1501,4190.62808
910,1501,4193.672489
1102,1501,4197.433736
1201,1501,4201.259637
992,1501,4205.125871
838,1501,4208.035021
1227,1501,4211.895039
1098,1501,4215.710826
1198,1501,4219.533335
1136,1501,4222.72848
1027,1501,4226.546227
936,1501,4230.369819
1168,1501,4234.197197
1090,1501,4237.153606
1198,1501,4240.943613
1004,1501,4244.804619
972,1501,4247.832266
1206,1501,4251.673102
1312,1501,4255.449461
1155,1501,4259.312063
1320,1501,4262.258694
1237,1501,4266.185875
1200,1501,4269.999072
1100,1501,4273.837121
1170,1501,4276.807774
1045,1501,4280.670954
920,1501,4284.570317
1099,1501,4287.608841
253,1501,4291.625627
190,1501,4295.482724
988,1501,4299.335304
894,1501,4304.839195
809,1501,4308.886306
794,1501,4312.782753
987,1501,4316.788836
1129,1501,4319.737574
1324,1501,4323.676045
1185,1501,4327.490428
975,1501,4331.300616
1321,1501,4334.290259
480,1501,4338.126281
722,1501,4341.943426
1296,1501,4344.926586
1215,1501,4348.844582
1074,1501,4352.70924
835,1501,4356.655339
1004,1501,4359.654328
1093,1501,4363.565914
1184,1501,4367.436758
1086,1501,4371.228926
1090,1501,4374.225069
1032,1501,4378.083498
1275,1501,4381.996839
1287,1501,4385.953779
1184,1501,4388.865417
1239,1501,4392.794085
1150,1501,4396.706329
1234,1501,4399.56783
1081,1501,4403.447159
1163,1501,4407.393771
1086,1501,4411.155086
1079,1501,4414.107595
1251,1501,4418.075145
1092,1501,4421.962059
1310,1501,4425.881524
1237,1501,4428.880156
939,1501,4432.662257
1144,1501,4436.604662
1045,1501,4440.474133
1171,1501,4443.405418
1339,1501,4447.320441
1124,1501,4451.141219
1236,1501,4454.16146
1227,1501,4458.098629
1078,1501,4462.02407
1211,1501,4465.772866
1001,1501,4468.610719
1145,1501,4472.564475
1173,1501,4476.386387
1305,1501,4480.340508
1162,1501,4483.347749
986,1501,4487.278126
1107,1501,4491.057466
1145,1501,4494.879205
1084,1501,4497.741778
856,1501,4501.560444
1320,1501,4505.51844
584,1501,4508.46981
1220,1501,4512.265144
831,1501,4516.180225
1193,1501,4519.920816
1064,1501,4522.873815
1036,1501,4526.668434
1060,1501,4530.664665
1056,1501,4534.735071
173,1501,4537.71203
1304,1501,4541.677942
1226,1501,4545.469448
319,1501,4549.263435
828,1501,4552.256109
1234,1501,4556.113011
1010,1501,4560.058426
1017,1501,4563.036516
1219,1501,4566.831322
943,1501,4570.700367
1086,1501,4574.487622
919,1501,4577.358155
972,1501,4581.219723
469,1501,4585.16261
1011,1501,4588.922222
1159,1501,4592.013293
1258,1501,4595.797735
1085,1501,4599.585022
1248,1501,4603.38997
1270,1501,4606.410198
1094,1501,4610.256965
1139,1501,4614.065506
1246,1501,4617.115754
1104,1501,4620.848504
1139,1501,4624.73639
1129,1501,4628.58725
734,1501,4631.628454
1234,1501,4635.434658
1092,1501,4639.325245
1097,1501,4643.153924
1007,1501,4646.079483
1265,1501,4649.924306
1237,1501,4653.768904
1246,1501,4657.686077
1052,1501,4660.676259
1243,1501,4664.531043
1033,1501,4668.390626
1317,1501,4671.498665
1325,1501,4675.319158
934,1501,4679.13905
1142,1501,4683.011048
1146,1501,4686.047294
1175,1501,4689.889886
1143,1501,4693.731336
1139,1501,4697.581122
1063,1501,4700.578087
971,1501,4704.360858
1040,1501,4708.242099
723,1501,4712.100828
1042,1501,4715.032292
1162,1501,4718.965125
1248,1501,4722.754221
1097,1501,4725.60444
1229,1501,4729.487036
1132,1501,4733.358639
1214,1501,4737.145572
1054,1501,4740.14061
805,1501,4743.963142
860,1501,4747.813778
901,1501,4751.721784
889,1501,4754.782393
759,1501,4758.736121
1145,1501,4762.547731
1235,1501,4766.559385
882,1501,4769.520434
1219,1501,4773.502069
1215,1501,4777.270405
1067,1501,4780.207153
1028,1501,4784.162946
1216,1501,4788.139036
1162,1501,4791.956332
1157,1501,4795.044279
1229,1501,4798.856391
1178,1501,4802.55313
1329,1501,4806.49246
1294,1501,4809.554092
1181,1501,4813.326069
1189,1501,4817.309608
1146,1501,4821.100821
1331,1501,4824.020277
1208,1501,4827.881965
1236,1501,4831.666209
1089,1501,4834.666182
731,1501,4838.527256
1069,1501,4842.502019
908,1501,4846.45832
908,1501,4849.469651
1048,1501,4853.2783
1311,1501,4857.13445
1262,1501,4861.02328
1117,1501,4864.023075
1236,1501,4867.775269
1155,1501,4871.592482
1127,1501,4874.595467
1266,1501,4878.345905
1283,1501,4882.150178
1107,1501,4885.959095
1102,1501,4888.93777
568,1501,4892.839811
1228,1501,4896.780251
490,1501,4900.665518
1225,1501,4903.608411
496,1501,4907.475523
683,1501,4911.2185
1151,1501,4915.143833
757,1501,4918.187682
1179,1501,4922.110181
1104,1501,4926.034532
937,1501,4929.00495
1228,1501,4932.855774
1134,1501,4936.665472
1318,1501,4940.590359
1154,1501,4943.640014
1240,1501,4947.45176
1141,1501,4951.26649
1255,1501,4955.143443
1217,1501,4958.097446
1222,1501,4961.936736
1186,1501,4965.841188
1315,1501,4969.56696
1175,1501,4972.561668
1263,1501,4976.375732
1222,1501,4980.128688
1229,1501,4983.254451
1125,1501,4987.077275
1237,1501,4990.905024
1116,1501,4994.805957
1263,1501,4997.770294
1268,1501,5001.639988
1149,1501,5005.628788
1220,1501,5009.4675
1113,1501,5012.498951
1267,1501,5016.386799
1147,1501,5020.242897
1329,1501,5024.124146
1011,1501,5027.057364
1022,1501,5030.970872
1238,1501,5034.802615
1250,1501,5037.73009
1047,1501,5041.565131
1171,1501,5045.57374
1267,1501,5049.468748
1190,1501,5052.464478
1129,1501,5056.376969
1165,1501,5060.228349
1252,1501,5064.023196
1238,1501,5067.062848
1133,1501,5070.850903
1244,1501,5074.683927
1245,1501,5078.466941
1125,1501,5081.563234
1285,1501,5085.357291
1211,1501,5089.19396
1244,1501,5092.228337
1076,1501,5096.084875
1033,1501,5100.00455
1285,1501,5103.759446
1123,1501,5106.82212
1244,1501,5110.738468
1182,1501,5114.600956
1245,1501,5118.419901
1104,1501,5121.510557
1075,1501,5125.286885
1104,1501,5129.060927
1102,1501,5132.978002
1154,1501,5135.928821
1141,1501,5139.668431
1267,1501,5143.654792
1055,1501,5146.661399
828,1501,5150.685251
1049,1501,5154.643481
1050,1501,5158.466073
1108,1501,5161.389471
1104,1501,5165.173141
1188,1501,5169.036288
1126,1501,5172.821668
1163,1501,5175.739586
1068,1501,5179.599929
771,1501,5183.588466
1090,1501,5187.366754
1183,1501,5190.341022
1116,1501,5194.077447
1251,1501,5198.046118
1187,1501,5201.039082
1180,1501,5204.885619
399,1501,5208.735494
844,1501,5212.650251
798,1501,5215.608461
1016,1501,5219.480236
979,1501,5223.30672
1171,1501,5227.074058
1173,1501,5230.12409
1071,1501,5234.110476
1005,1501,5237.906817
952,1501,5241.695406
684,1501,5244.700465
1051,1459,5248.34273
1012,1501,5252.292906
946,1501,5255.37693
132,1501,5259.238854
1218,1501,5262.934528
308,1501,5266.790646
1066,1323,5269.364269
806,1225,5272.780325
183,1501,5276.647845
528,1154,5278.955419
786,1401,5282.6281
1048,1501,5286.514819
972,1501,5289.524234
998,1501,5293.441439
1123,1501,5297.281816
1206,1501,5301.10899
867,1501,5304.090898
789,1501,5307.928416
1004,1501,5311.877939
787,1501,5314.805917
1147,1501,5318.593354
967,1501,5322.598475
1027,1501,5326.402989
1261,1501,5329.358648
1199,1501,5333.199672
1240,1501,5337.09074
1227,1501,5340.910551
1112,1501,5343.775102
1042,1501,5347.625833
1036,1501,5351.489295
880,1501,5355.299848
1028,1501,5358.25258
822,1501,5362.055157
1179,1501,5365.788963
1204,1501,5368.830241
1147,1501,5372.693116
1158,1501,5376.464114
1040,1501,5380.560457
794,1501,5383.614611
1132,1501,5387.358906
1065,1501,5391.183142
1238,1501,5394.978114
1298,1501,5397.928405
1248,1501,5401.759386
1315,1501,5405.605862
1224,1501,5409.33182
1202,1501,5412.438848
1227,1501,5416.228632
1298,1501,5420.05376
1239,1501,5422.985874
1041,1501,5426.946438
1169,1501,5430.736639
1139,1501,5434.778871
1119,1501,5437.718451
1256,1501,5441.541084
1333,1501,5445.548907
1061,1501,5449.486516
1157,1501,5452.37764
1299,1501,5456.176666
1235,1501,5460.00862
1232,1501,5462.900812
1150,1501,5466.705396
1235,1501,5470.469606
1261,1501,5474.342076
1206,1501,5477.306746
1172,1501,5481.168406
722,1501,5485.020214
649,1501,5488.873137
1262,1501,5491.905285
1087,1501,5495.850199
1162,1501,5499.579236
1218,1501,5503.607109
1153,1501,5506.690367
1121,1501,5510.486165
1224,1501,5514.33348
1092,1501,5517.548814
1232,1501,5521.386807
1021,1501,5525.23554
1232,1501,5529.091522
1337,1501,5532.025974
1328,1501,5535.95267
1259,1501,5539.768644
1251,1501,5543.595685
1159,1501,5546.674101
1226,1501,5550.514546
986,1501,5554.282607
999,1501,5558.285443
1067,1501,5561.21116
1068,1501,5564.979596
1022,1501,5568.931849
1083,1501,5571.901451
724,1501,5575.646953
855,1501,5579.406865
1228,1501,5583.372102
1022,1501,5586.464908
1130,1501,5590.476244
1089,1501,5594.475227
1137,1501,5598.438377
1104,1501,5601.325023
561,1501,5605.166223
1150,1501,5608.972771
1206,1501,5612.842418
801,1501,5615.874662
1104,1501,5619.692162
1151,1501,5623.517055
985,1501,5626.504523
958,1501,5630.350129
1037,1501,5634.19309
1100,1501,5638.055542
1331,1501,5641.006878
1113,1501,5644.894954
1136,1501,5648.723301
1183,1501,5652.491137
1217,1501,5655.492667
1040,1501,5659.370359
1222,1501,5663.190571
1226,1501,5667.114024
1081,1501,5670.026446
1237,1501,5673.87272
1066,1501,5677.626771
1151,1501,5680.659659
1325,1501,5684.47072
1241,1501,5688.288592
1237,1501,5692.246359
1154,1501,5695.223239
1136,1501,5698.975543
1285,1501,5702.819552
1221,1501,5706.828875
1329,1501,5709.731149
1110,1501,5713.559965
1207,1501,5717.393758
1220,1501,5721.267486
1255,1501,5724.30868
1055,1501,5728.077007
1131,1501,5732.011681
1116,1501,5734.987575
932,1501,5738.828413
1162,1501,5742.755415
1249,1501,5746.516375
1137,1501,5749.501777
869,1501,5753.448861
1078,1501,5757.524474
1163,1501,5761.341559
1156,1501,5764.427315
1230,1501,5768.34343
1215,1501,5772.174233
1343,1501,5776.014389
1161,1501,5778.952111
1234,1501,5782.908049
1168,1501,5786.711669
1229,1501,5789.679929
1146,1501,5793.470691
1327,1501,5797.330426
1208,1501,5801.263982
1241,1501,5804.164681
1232,1501,5808.03621
1217,1501,5811.831928
1103,1501,5815.676723
1192,1501,5818.737854
1159,1501,5822.530885
1220,1501,5826.402025
1310,1501,5830.285724
1171,1501,5833.17333
1217,1501,5837.066787
1326,1501,5840.887551
1175,1501,5843.850041
1346,1501,5847.705721
1142,1501,5851.699251
1261,1501,5855.568402
845,1501,5858.578012
1028,1501,5862.457136
1312,1501,5866.321903
1101,1501,5870.061618
1284,1501,5873.040944
1217,1501,5877.027295
1063,1501,5880.711689
1178,1501,5884.601271
1130,1501,5887.63306
1212,1501,5891.383271
1164,1501,5895.217256
1169,1501,5898.290132
1289,1501,5902.01945
1218,1501,5905.972815
1224,1501,5909.963123
1239,1501,5912.850091
1311,1501,5916.836418
1228,1501,5920.738455
1221,1501,5924.58798
1324,1501,5927.536937
1166,1501,5931.427539
1211,1501,5935.320552
1303,1501,5939.271842
1221,1501,5942.207499
1218,1501,5945.987041
1113,1501,5949.855169
1302,1501,5952.795428
976,1501,5956.547164
1292,1501,5960.419074
960,1501,5964.232425
1167,1501,5967.162135
1167,1501,5970.963263
1126,1501,5974.78166
1146,1501,5978.752788
1036,1501,5981.729343
946,1501,5985.545588
1196,1501,5989.310799
1080,1501,5993.051126
1353,1501,5996.060331
1028,1501,5999.945929
1176,1501,6003.785781
1232,1501,6006.770842
1179,1501,6010.603428
1294,1501,6014.464236
1323,1501,6018.310368
1342,1501,6021.333692
1258,1501,6025.097755
1207,1501,6029.098573
1146,1501,6033.017217
1107,1501,6035.959049
1177,1501,6039.864523
1187,1501,6043.845172
799,1501,6046.810075
806,1501,6050.624911
519,1501,6054.476356
1228,1501,6058.35743
720,1501,6061.366915
1011,1501,6065.33854
1263,1501,6069.074961
869,1501,6072.913578
1229,1501,6075.881052
1222,1501,6079.708964
1236,1501,6083.526904
1154,1501,6087.445528
832,1501,6090.371318
705,1501,6094.324775
1259,1501,6098.106481
1295,1501,6101.158475
459,1501,6105.055252
1233,1501,6108.951368
1125,1501,6112.903762
1242,1501,6115.903513
1221,1501,6119.771829
1316,1501,6123.590168
1235,1501,6127.383785
597,1501,6130.414295
633,1501,6134.408635
454,1501,6138.213913
1226,1501,6142.040336
717,1501,6145.009201
723,1501,6149.029699
1312,1501,6152.807175
1221,1501,6155.997299
1317,1501,6159.764071
1238,1501,6163.611206
1132,1501,6167.435619
1083,1501,6170.317568
1108,1501,6174.204549
1161,1501,6178.126942
1214,1501,6181.989331
1321,1501,6184.961848
1317,1501,6188.805732
1210,1501,6192.630219
1179,1501,6196.538542
1116,1501,6199.614466
1271,1501,6203.483931
1270,1501,6207.211
1330,1501,6210.234492
957,1501,6214.066463
1094,1501,6217.873865
1157,1501,6221.687449
1318,1501,6224.610558
1100,1501,6228.563143
1353,1501,6232.420323
1215,1501,6236.222561
1245,1501,6239.186474
1222,1501,6243.090395
1148,1501,6246.964351
1248,1501,6250.696663
1127,1501,6253.69714
1126,1501,6257.640321
1118,1501,6261.430122
1118,1501,6264.392696
1028,1501,6268.221557
1224,1501,6271.987005
1179,1501,6275.790271
1139,1501,6278.883373
1120,1501,6282.648245
1173,1501,6286.61873
1159,1501,6290.573231
1264,1501,6293.500367
1293,1501,6297.439517
1018,1501,6301.255998
1229,1501,6305.132765
850,1501,6308.130743
1105,1501,6312.059566
1077,1501,6315.808408
635,1501,6318.82109
578,1501,6322.633869
1170,1501,6326.44075
632,1501,6330.331975
1212,1501,6333.300506
1275,1501,6337.311058
984,1501,6341.301445
1311,1501,6345.139982
1109,1501,6348.094345
1231,1501,6351.933191
1201,1501,6355.847722
1200,1501,6359.776688
1324,1501,6362.68396
859,1501,6366.809928
1254,1501,6370.700487
1160,1501,6373.696038
1368,1501,6377.478069
1284,1501,6381.325356
1221,1501,6385.039803
1111,1501,6388.03486
1223,1501,6391.867765
1222,1501,6395.654067
1122,1501,6399.482811
1104,1501,6402.443537
1125,1501,6406.357971
1225,1501,6410.307072
1084,1501,6414.26465
1235,1501,6417.250606
1243,1501,6421.14734
1221,1501,6424.92126
1223,1501,6427.844858
1214,1501,6431.639866
898,1501,6435.521643
1148,1501,6439.42027
1264,1501,6442.426274
1219,1501,6446.311069
1243,1501,6450.128995
1223,1501,6453.891884
1311,1501,6456.93727
1166,1501,6460.892918
852,1501,6464.792651
1223,1501,6468.774325
1377,1501,6471.792373
1241,1501,6475.598884
1237,1501,6479.490145
143,1501,6482.570462
1214,1501,6486.394712
1270,1501,6490.229286
604,1501,6494.066809
322,1501,6497.0017
545,1501,6500.832494
738,1501,6504.697932
1252,1501,6508.462852
770,1501,6511.467624
1232,1501,6515.316739
974,1501,6519.109803
1144,1501,6522.931384
1218,1501,6525.883796
1280,1501,6529.651926
1126,1501,6533.542194
1142,1501,6536.608249
1135,1501,6540.374304
921,1501,6544.242622
1171,1501,6548.156689
949,1501,6551.158707
1167,1501,6554.982469
1074,1501,6558.908885
979,1359,6562.784649
1066,1501,6565.847655
1228,1501,6569.695632
1322,1501,6573.665109
1125,1501,6576.600999
1089,1501,6580.462221
1226,1501,6584.313559
1262,1501,6588.196023
1096,1501,6591.154701
1326,1501,6594.984921
1114,1501,6598.752044
960,1501,6602.702382
1197,1501,6605.739166
1063,1501,6609.661026
1079,1501,6613.53417
1202,1501,6616.476523
1209,1501,6620.275389
1066,1501,6624.08794
1007,1501,6627.924618
1151,1501,6630.905892
1106,1501,6634.720646
955,1501,6638.535823
1208,1501,6642.48431
1208,1501,6645.509312
1032,1501,6649.479787
1232,1501,6653.236387
1227,1501,6657.060207
963,1501,6660.004251
1050,1501,6663.809023
1098,1501,6667.707573
1212,1501,6670.763663
1252,1501,6674.555464
1147,1501,6678.390681
1104,1501,6682.485883
1105,1501,6685.394938
1163,1501,6689.339791
727,1501,6693.197481
1034,1501,6697.02682
1182,1501,6700.00589
1299,1501,6703.940693
1112,1501,6707.854578
1059,1501,6711.674073
1174,1501,6714.75043
1226,1501,6718.613118
865,1501,6722.469064
1218,1501,6725.455621
1003,1501,6729.509454
844,1501,6733.307544
1027,1501,6737.238726
1139,1501,6740.339714
1134,1501,6744.207116
1121,1501,6748.155549
846,1501,6752.088832
1157,1501,6755.082107
1262,1501,6759.014179
922,1501,6762.849163
802,1501,6766.684133
1258,1501,6769.578893
992,1501,6773.469215
973,1501,6777.317168
624,1501,6780.289088
440,1501,6784.14641
342,1501,6787.957064
1093,1501,6791.808954
1141,1501,6794.856611
842,1501,6798.766898
1147,1501,6802.67145
1153,1501,6806.564038
1091,1501,6809.630523
1161,1501,6813.432839
574,1501,6817.251372
1162,1501,6821.076761
1171,1501,6824.059431
752,1501,6827.903588
497,1501,6831.835512
626,1501,6834.83427
586,1214,6838.143615
1085,1474,6841.953196
1070,1485,6845.738252
227,1040,6847.930569
1021,1391,6851.522402
945,1370,6854.365529
257,1501,6858.38707
1108,1501,6862.108225
170,1501,6865.957052
80,1501,6869.007731
260,796,6871.583082
205,950,6873.572557
351,1407,6877.323673
1039,1436,6881.131795
610,1215,6883.573201
877,1346,6887.26477
561,921,6889.224489
810,1409,6892.889828
793,1183,6896.303185
1061,1417,6899.233574
213,696,6901.745434
142,1501,6904.741022
217,1501,6908.684902
898,1393,6912.315686
738,1501,6915.213879
1010,1361,6918.815646
932,1301,6922.360021
817,1152,6924.85247
1169,1501,6928.838598
1226,1501,6932.64503
573,1155,6935.132622
730,1134,6938.349765
1282,1501,6942.101983
1311,1501,6945.198555
1241,1501,6949.144757
1147,1501,6952.974424
1222,1501,6956.787184
1235,1501,6959.803232
1291,1501,6963.663292
1300,1501,6967.43282
680,1112,6969.70378
755,1152,6972.9922
375,1112,6975.293552
1374,1501,6979.160139
795,1310,6982.671445
1314,1501,6985.59898
1275,1501,6989.424023
1265,1501,6993.255675
1242,1501,6997.0112
1055,1501,6999.951299
1225,1501,7003.806225
1243,1501,7007.663539
1140,1501,7011.542972
1063,1476,7014.460516
1165,1501,7018.297976
899,1501,7022.113201
971,1477,7025.884719
1221,1501,7028.888167
1325,1501,7032.638805
1303,1501,7036.586175
1148,1501,7039.500613
1167,1501,7043.369833
1063,1501,7047.199365
1332,1501,7051.132496
1214,1501,7054.155792
1242,1501,7058.011833
1166,1501,7061.942018
1169,1501,7065.75297
988,1501,7068.812593
1222,1501,7072.734646
1184,1501,7076.62726
1083,1501,7080.661577
1232,1501,7083.683998
1258,1501,7087.496932
1063,1501,7091.326146
929,1501,7094.342339
1231,1501,7098.155716
1132,1501,7102.204079
1173,1501,7106.063483
1249,1501,7109.045925
1044,1501,7112.939113
1205,1501,7116.754892
1150,1501,7120.516056
1207,1501,7123.568187
1077,1501,7127.385038
1083,1501,7131.367842
1190,1501,7134.271468
1000,1501,7138.114707
1236,1501,7142.082952
919,1501,7145.91228
1067,1501,7148.822534
835,1501,7152.62031
1051,1501,7156.375476
969,1501,7160.34591
1371,1501,7163.473349
1101,1501,7167.210303
1054,1501,7171.03193
1248,1501,7174.815485
1090,1501,7177.772147
1325,1501,7181.571884
1219,1501,7185.471924
899,1501,7188.627031
537,1501,7192.626273
959,1501,7196.419333
1184,1501,7200.174479
1145,1501,7203.182816
1136,1501,7207.169642
1232,1501,7211.003726
1275,1501,7214.885425
1095,1501,7217.849098
1223,1501,7221.601073
1228,1501,7225.462843
1173,1501,7229.326576
1287,1501,7232.265144
1058,1501,7236.190434
1180,1501,7240.082484
1047,1501,7243.023605
705,1501,7246.909198
1285,1501,7250.771779
1279,1501,7254.634494
918,1501,7257.552324
1034,1501,7261.379967
1162,1501,7265.232082
1103,1501,7269.034238
890,1501,7271.954998
935,1501,7275.715956
873,1501,7279.497554
1343,1501,7283.473988
656,1501,7286.659322
887,1501,7290.433641
876,1501,7294.32395
178,1501,7297.355441
1146,1501,7301.12623
800,1501,7304.977733
995,1501,7308.911282
1158,1501,7311.79046
