eplenmean,total_timesteps,fps,explained_variance,serial_timesteps,eprewmean,policy_entropy,value_loss,clipfrac,nupdates,approxkl,time_elapsed,policy_loss
1500.0,1500,310,0.9622790776193142,1500,839.838741,1.0430316,21.4818,0.0068000006,1,0.001198688,4.832526922225952,-0.000962404
1500.0,3000,332,0.966366745531559,3000,775.858965,1.0431106,21.460909,0.06726665,2,0.004236486,9.35204029083252,-0.0044610235
1500.0,4500,331,0.9467564411461353,4500,894.465675,0.93453634,19.475296,0.025866665,3,0.0028090458,13.875596523284912,-0.002229853
1500.0,6000,329,0.9636897891759872,6000,851.861132,1.0210129,19.674566,0.016199997,4,0.0026043295,18.43462109565735,-0.0028163884
1500.0,7500,334,0.9485423192381859,7500,899.926016,0.972563,19.280428,0.017466666,5,0.0027747762,22.925023794174194,-0.0024313102
1190.0,9000,351,0.9969469474162906,9000,683.577263,0.67362994,1.4173479,0.012199995,6,0.001278095,27.1970636844635,-0.0017940714
1500.0,10500,361,0.9374832957983017,10500,899.497819,0.9849674,21.124262,0.0,7,0.0005258889,31.350684881210327,-0.0006313641
1500.0,12000,361,0.964446946978569,12000,946.296251,1.0132318,18.767702,0.02806666,8,0.005121949,35.50502276420593,-0.0019382316
1500.0,13500,351,0.9674759805202484,13500,786.104977,0.9779604,20.40556,0.0053999997,9,0.0026327067,39.76898717880249,-0.0034307707
1500.0,15000,345,0.9563680700957775,15000,820.782175,1.0248706,23.070518,0.03993332,10,0.003876551,44.1073362827301,-0.0034846303
1500.0,16500,361,0.9616219028830528,16500,853.326159,0.8972622,19.640776,0.00046666668,11,0.00063650863,48.25309491157532,-0.0005307532
1500.0,18000,365,0.9647045619785786,18000,759.793518,1.0373055,22.121096,0.020933336,12,0.0018096108,52.358054876327515,-0.0008908769
1500.0,19500,362,0.9661212377250195,19500,776.939294,1.0368764,20.250175,0.06833332,13,0.0045374795,56.50051283836365,-0.0020246196
1500.0,21000,353,0.9598864205181599,21000,781.143215,0.9707445,21.496687,0.0,14,0.00016028009,60.74102449417114,-0.0002857101
1500.0,22500,357,0.9580851122736931,22500,851.463452,0.88025373,21.348843,0.06819996,15,0.00520966,64.94048690795898,-0.0024389073
1500.0,24000,364,0.9628457725048065,24000,785.28676,0.9907151,21.888971,0.060666677,16,0.0039448035,69.05757761001587,-0.002296365
970.0,25500,346,0.7740756720304489,25500,719.008485,0.7052386,167.11891,0.0035999992,17,0.0011375925,73.38372468948364,-0.0018015024
1500.0,27000,354,0.9488097652792931,27000,793.082657,0.8644973,21.624334,0.0,18,0.00028821186,77.61836290359497,-0.00025639773
1500.0,28500,343,0.9633511528372765,28500,878.684059,0.9076153,19.699535,0.0,19,0.00029744706,81.98793482780457,-0.0006768353
1090.0,30000,356,0.25266897678375244,30000,1324.296116,0.95886374,1558.675,0.016800001,20,0.0017652212,86.19400143623352,-0.0018405193
1500.0,31500,341,0.9520960450172424,31500,908.509602,0.93243784,19.091722,0.0,21,0.0007749667,90.58216834068298,-0.0013003758
1500.0,33000,365,0.9516488313674927,33000,913.192346,0.9065562,20.644926,0.03986665,22,0.004524735,94.68624424934387,-0.0026784062
1500.0,34500,356,0.9472138322889805,34500,846.312578,0.8826786,23.937904,0.03219999,23,0.0035513192,98.89774179458618,-0.0021995984
1500.0,36000,350,0.9645820446312428,36000,758.925354,0.9998065,20.500269,0.011266666,24,0.0021071155,103.17337799072266,-0.004007555
1500.0,37500,352,0.9569436386227608,37500,796.604046,0.9330417,21.727505,0.015199997,25,0.0012885481,107.42833352088928,-0.0017107947
1500.0,39000,355,0.9526619724929333,39000,842.623611,0.97761434,20.355898,0.03786666,26,0.0031650546,111.65261554718018,-0.001116381
1500.0,40500,367,0.9560501091182232,40500,905.692733,0.9414829,20.203283,0.04079999,27,0.0043672896,115.73868179321289,-0.0020487735
1500.0,42000,365,0.9339289292693138,42000,842.816118,1.019048,23.021807,0.010666666,28,0.0029422576,119.83874773979187,-0.0029170085
1500.0,43500,352,0.9353888481855392,43500,808.41219,1.036325,23.970083,0.0,29,0.0004966244,124.0944414138794,-0.00046391875
1500.0,45000,364,0.9514686428010464,45000,935.915746,1.0240583,21.215853,0.0029333332,30,0.0010575427,128.21099519729614,-0.0006264248
1500.0,46500,365,0.9702418632805347,46500,901.055341,1.0129242,19.596125,0.0058000004,31,0.0012223169,132.31693816184998,-0.0024339394
1500.0,48000,345,0.955633357167244,48000,779.546474,1.0415549,22.285759,0.055533312,32,0.0044366107,136.65477585792542,-0.005109733
1137.0,49500,334,0.9656152091920376,49500,572.953668,0.85329974,22.363995,0.02446666,33,0.0024658192,141.14133214950562,-0.0034067826
1500.0,51000,345,0.96007040143013,51000,871.232568,1.0417693,20.065838,0.0024666665,34,0.0016095225,145.4848346710205,-0.00088983664
1500.0,52500,341,0.960787832736969,52500,859.261705,1.0306882,19.699995,0.040666647,35,0.003869951,149.8783540725708,-0.0036672761
1500.0,54000,361,0.9589410573244095,54000,870.585545,1.0291823,18.67121,0.061399985,36,0.0039523505,154.0231614112854,-0.0021640884
1500.0,55500,343,0.9501241743564606,55500,939.247047,1.0805652,19.592506,0.051599994,37,0.0033242232,158.38446164131165,-0.0002551935
1500.0,57000,357,0.951612114906311,57000,928.469233,1.0623342,20.28643,0.09153329,38,0.0067402855,162.5846767425537,-0.0042723985
1500.0,58500,338,0.9539600983262062,58500,912.510966,0.99940485,20.347061,0.11866666,39,0.0072328867,167.0144350528717,-0.0045445883
1500.0,60000,341,0.9581589475274086,60000,897.520224,1.0313817,19.038546,0.051933326,40,0.004214908,171.40637135505676,-0.0031892809
1051.0,61500,365,0.9615786895155907,61500,405.599295,0.63849854,21.194073,0.0008666667,41,0.0005752059,175.51388573646545,-0.0009041278
1500.0,63000,334,0.9667340256273746,63000,879.190729,1.0225106,19.468388,0.008866667,42,0.0016483,179.99459314346313,-0.0010978773
1021.0,64500,329,0.995250013191253,64500,425.894832,0.90289176,1.9695349,0.053666655,43,0.0037670785,184.54442429542542,-0.0034174037
929.0,66000,324,0.018065452575683594,66000,8898.921412,0.77651566,209662.22,0.0073333327,44,0.0018222275,189.16657710075378,-0.002259179
838.0,67500,334,0.9955615759827197,67500,272.728888,0.46341676,2.6215806,0.014199996,45,0.0012650288,193.65149593353271,-0.0012899034
939.0,69000,331,0.001750946044921875,69000,44067.230726,0.9682183,5504987.5,0.034666657,46,0.004012352,198.182133436203,-0.0037537864
1337.0,70500,333,0.99241226259619,70500,773.406052,1.0492231,2.7368853,0.041466657,47,0.0057879216,202.68519043922424,-0.0026361388
1013.0,72000,317,0.05324363708496094,72000,4472.392964,0.6067586,44776.164,0.0002,48,0.00050459703,207.40267252922058,-0.00081320346
1500.0,73500,357,0.9534826204180717,73500,858.461138,0.97811043,20.0684,0.0,49,0.00033917406,211.60259699821472,-0.00047381784
1500.0,75000,338,0.9489612765610218,75000,815.495889,0.9745329,22.758347,0.028866656,50,0.0029483663,216.0350124835968,-0.00094029674
1500.0,76500,328,0.9673481211066246,76500,872.713843,0.992893,18.29058,0.024199998,51,0.0023294422,220.60369277000427,-0.0014703107
890.0,78000,329,0.9266605824232101,78000,408.918818,0.84338677,37.918415,0.0032,52,0.00075691636,225.15407633781433,-0.0009251365
1500.0,79500,333,0.9534556157886982,79500,890.939771,0.99385536,19.736208,0.025199994,53,0.0038026017,229.6528422832489,-0.0032566136
1187.0,81000,352,0.9912422383204103,81000,674.334482,1.0590271,3.0653317,0.0152666615,54,0.0029872046,233.9125633239746,-0.0016730017
986.0,82500,335,0.9683022163808346,82500,414.957551,0.53158796,21.3051,0.0039999983,55,0.0005710496,238.38976073265076,-0.0018971015
1029.0,84000,354,0.9938722769729793,84000,449.419305,0.81749797,2.8407798,0.0021333334,56,0.00074751326,242.6248037815094,-0.0014435377
984.0,85500,350,0.9904491482302547,85500,502.429972,1.0427926,3.6268897,0.11053338,57,0.0070398175,246.90451574325562,-0.006460571
1136.0,87000,328,0.9311321303248405,87000,437.76689,0.71728534,45.616383,0.025799992,58,0.0022077307,251.4671459197998,-0.0038173061
1500.0,88500,353,0.9583852477371693,88500,946.355996,1.1074018,19.78526,0.00046666668,59,0.0010167058,255.70964908599854,-0.000256792
1274.0,90000,359,0.9943233318626881,90000,732.869962,0.86778855,3.3307104,0.0008,60,0.00049244816,259.88386845588684,-0.00080539315
1188.0,91500,355,0.9941214588470757,91500,620.210787,0.8823327,3.6348488,0.008800001,61,0.0013358057,264.1002268791199,-0.0014551656
1500.0,93000,367,0.9509515725076199,93000,762.187129,1.1058116,21.51776,0.0036666663,62,0.0016748643,268.1845963001251,-0.0011780116
1500.0,94500,354,0.9660182222723961,94500,939.581152,0.94403666,20.046646,0.017199999,63,0.00172733,272.4193513393402,-0.0012692102
1181.0,96000,358,0.9948122329078615,96000,564.485217,1.0371032,2.4588654,0.009733333,64,0.0012116785,276.60766220092773,-0.0015271625
1500.0,97500,369,0.9453732632100582,97500,832.193827,1.0479844,19.717001,0.0152,65,0.002913613,280.6709575653076,-0.0021470499
1119.0,99000,337,0.9649889171123505,99000,522.807539,0.9307221,20.226421,0.00033333336,66,0.0011428916,285.11382484436035,-0.003150549
1202.0,100500,362,0.9970165125560015,100500,678.197376,0.74849296,1.9764626,0.021599999,67,0.0020363021,289.25348687171936,-0.0022769966
1500.0,102000,355,0.9613267332315445,102000,877.157079,1.0457159,19.764128,0.0021999995,68,0.0014782967,293.46859312057495,-0.00042368355
1500.0,103500,360,0.9635988511145115,103500,786.755792,1.0367068,19.216276,0.005066667,69,0.001441389,297.62901759147644,-0.0020046616
1500.0,105000,359,0.9570559076964855,105000,885.162337,1.0813212,19.841736,0.033066653,70,0.0047997604,301.802362203598,-0.002668324
1425.0,106500,344,0.9963683860842139,106500,857.928585,1.031885,1.5603805,0.05806663,71,0.0046847756,306.1540517807007,-0.0055413484
1500.0,108000,367,0.9536131359636784,108000,931.142487,1.0714631,18.463255,0.08953332,72,0.0055909515,310.23850440979004,-0.007005783
1500.0,109500,363,0.96786729991436,109500,857.622466,1.0410721,18.51935,0.0011333334,73,0.0020384137,314.3653972148895,-0.0004990313
1500.0,111000,346,0.9602095521986485,111000,776.052337,1.0015304,23.026196,0.062066652,74,0.0041097123,318.6887307167053,-0.0035998244
1500.0,112500,340,0.9529237672686577,112500,850.51998,1.0495915,18.992035,6.666667e-05,75,0.0013308302,323.0908372402191,-0.0013562713
1500.0,114000,338,0.9566877149045467,114000,922.695248,1.0673468,19.129534,0.0314,76,0.0028587678,327.526570558548,-0.0021058286
1500.0,115500,339,0.9382390603423119,115500,707.783719,1.0306038,33.46768,0.035466656,77,0.0029992762,331.9473452568054,-0.003104159
1500.0,117000,350,0.9673140905797482,117000,765.631866,1.0115186,23.095299,0.016133334,78,0.0023875167,336.22862935066223,-0.0023419282
1500.0,118500,368,0.9428412839770317,118500,755.580599,0.98648053,25.166103,0.0128666675,79,0.0011927437,340.29990696907043,-0.0011235431
1500.0,120000,368,0.9463393948972225,120000,971.844312,1.129564,19.44934,0.00013333333,80,0.0006946596,344.37562918663025,-0.00020367857
1500.0,121500,348,0.9663490243256092,121500,929.597518,1.1010518,18.06245,0.010533333,81,0.0022771717,348.68508076667786,-0.001394007
1500.0,123000,360,0.9576581679284573,123000,780.959208,1.00221,22.555645,0.049733333,82,0.0032394996,352.84679555892944,-0.0018482739
1500.0,124500,329,0.965519342571497,124500,882.172814,1.0278983,18.069918,0.008933334,83,0.0019479058,357.3991448879242,-0.0019555346
1500.0,126000,380,0.9518203176558018,126000,834.351111,1.01588,21.820137,0.021866668,84,0.0016520635,361.3414783477783,-0.0017329726
1500.0,127500,363,0.9664162285625935,127500,904.591457,1.0618517,18.503582,0.012666667,85,0.0010736934,365.469589471817,-0.001547467
1348.0,129000,343,0.9941713716834784,129000,753.556495,0.93495226,2.9228044,0.011399997,86,0.0025462704,369.84070801734924,-0.0018519445
1500.0,130500,319,0.9590059146285057,130500,966.057985,1.0367597,18.02675,0.00033333336,87,0.0012793079,374.5420653820038,-0.0013565095
1500.0,132000,346,0.9675047621130943,132000,862.46186,1.0432318,18.040787,0.021533333,88,0.0017859703,378.8716630935669,-0.0018114607
1362.0,133500,351,0.9971662114840001,133500,716.956112,0.9425525,1.4274898,0.04973331,89,0.0034468707,383.1382350921631,-0.005828236
1500.0,135000,361,0.9654037207365036,135000,808.88353,0.98124117,24.52306,0.05039998,90,0.003351764,387.2853105068207,-0.0014773249
1326.0,136500,350,0.9952360182069242,136500,708.758192,0.9825726,2.9431574,0.019199992,91,0.00302148,391.5707256793976,-0.0022479636
1500.0,138000,351,0.95226239413023,138000,754.279803,1.0751837,22.998997,0.009133334,92,0.0020217404,395.83750081062317,-0.003244811
1500.0,139500,355,0.9582759328186512,139500,929.05376,0.97685933,19.468237,0.0044666664,93,0.0018289329,400.0591595172882,-0.0015897839
1500.0,141000,357,0.9663105197250843,141000,866.055554,0.9784029,19.294415,0.0002,94,0.0009060441,404.2525885105133,-0.0017023358
1500.0,142500,349,0.9514161460101604,142500,836.638448,1.0829452,23.243092,0.081199974,95,0.0051679723,408.5452435016632,-0.004031234
1500.0,144000,354,0.9659217149019241,144000,882.159094,1.0082173,18.44625,0.0012666668,96,0.0017126403,412.77124643325806,-0.00082707964
1500.0,145500,351,0.9485603906214237,145500,841.150881,1.0024322,24.341494,0.05953332,97,0.003842528,417.03869342803955,-0.004374941
849.0,147000,363,0.9942171848379076,147000,283.998961,1.0413353,3.297088,0.019399999,98,0.0027324518,421.169885635376,-0.001747863
1500.0,148500,364,0.9945535967126489,148500,859.474381,1.0706451,3.2398417,0.056333307,99,0.0038201327,425.2855558395386,-0.0044747507
1500.0,150000,351,0.9940023114904761,150000,762.709325,1.0664101,3.2514856,0.025866665,100,0.003158398,429.55239725112915,-0.0020687983
1500.0,151500,359,0.9934117333032191,151500,842.110555,0.9363829,2.8242998,0.036733326,101,0.0040762248,433.72935676574707,-0.0028473618
1500.0,153000,342,0.9920192770659924,153000,888.499058,1.0119162,2.874537,0.004066666,102,0.001709262,438.1056115627289,-0.0010005019
1500.0,154500,351,0.9942906573414803,154500,960.085465,0.9835443,3.4285123,0.088600025,103,0.0073296484,442.3774287700653,-0.005097115
1500.0,156000,361,0.9942106045782566,156000,795.548715,1.0047528,3.6053643,0.020599999,104,0.0020672441,446.5262701511383,-0.0017158292
1110.0,157500,311,0.9866791488602757,157500,609.517909,0.7253541,7.9900455,0.010533334,105,0.0012668059,451.34809947013855,-0.0019246378
1500.0,159000,320,0.9651215560734272,159000,745.581077,1.0337254,20.90773,0.12586667,106,0.0065784426,456.02147459983826,-0.00612743
1500.0,160500,330,0.9566754251718521,160500,815.890619,1.0390857,22.119461,0.08699998,107,0.0053614466,460.55470538139343,-0.0046878946
1500.0,162000,337,0.9661864638328552,162000,798.788793,1.0505264,20.335676,0.16419996,108,0.009181161,464.99329900741577,-0.0049264226
1500.0,163500,331,0.957741592079401,163500,807.251657,1.0168356,21.910927,0.15660001,109,0.0077541727,469.5128197669983,-0.00716447
1173.0,165000,359,0.9796874206513166,165000,603.784406,0.93265146,6.227324,0.0737333,110,0.0058488166,473.6837902069092,-0.0039079897
962.0,166500,364,0.3281404972076416,166500,1302.782529,0.9692061,1648.1539,0.03546666,111,0.0037919497,477.8039698600769,-0.004493575
1500.0,168000,333,0.9661125652492046,168000,777.111056,1.0358758,20.044405,0.008933333,112,0.0022325402,482.29634070396423,-0.0011527037
1500.0,169500,344,0.9542235359549522,169500,775.607132,0.99971277,27.366203,0.0017333335,113,0.00084759743,486.65260076522827,-0.0012420563
1500.0,171000,367,0.9631180837750435,171000,654.023877,1.0396235,19.746544,0.025999995,114,0.003755232,490.7367465496063,-0.0011493784
1500.0,172500,353,0.9651765115559101,172500,863.078193,1.0188859,19.709505,6.666667e-05,115,0.00053615257,494.9802930355072,6.1041785e-05
1057.0,174000,335,0.9876780798658729,174000,618.352478,0.6203044,7.44034,0.005333333,116,0.000993966,499.4519712924957,-0.0012314965
1500.0,175500,355,0.9638715945184231,175500,811.786997,1.020959,20.03502,0.055533327,117,0.0038026706,503.6731252670288,-0.0047210325
1492.0,177000,356,0.9968768619000912,177000,870.03831,0.98807037,1.7491478,0.026133327,118,0.0025352545,507.87751388549805,-0.0020532906
1500.0,178500,349,0.9586712270975113,178500,783.115227,1.0422549,20.842745,0.024066655,119,0.0033641278,512.1639261245728,-0.0036404752
1500.0,180000,353,0.966857086867094,180000,818.729801,1.0745375,19.506336,0.07419999,120,0.0050554196,516.4018173217773,-0.004473467
1500.0,181500,360,0.9485384337604046,181500,769.330184,1.0803003,20.331388,0.021533333,121,0.0021630079,520.5584588050842,-0.0014973527
971.0,183000,323,0.0014417767524719238,183000,499.930901,0.8437686,12566368.0,0.0,122,0.00058712676,525.1948924064636,-0.0012370424
1099.0,184500,342,0.99576999200508,184500,608.036032,0.6752963,2.158244,0.0073999977,123,0.0017857255,529.5716869831085,-0.001426859
1500.0,186000,343,0.965107586234808,186000,764.212406,1.0975068,20.2006,0.029533334,124,0.002991021,533.9451861381531,-0.0032527375
1500.0,187500,348,0.9649986065924168,187500,775.466234,1.0943836,19.545235,0.012800001,125,0.001683581,538.2548732757568,-0.002400908
1500.0,189000,331,0.9389823973178864,189000,779.592881,1.0549954,21.88571,0.02946667,126,0.0026174558,542.7744736671448,-0.0017598366
793.0,190500,339,0.930271215736866,190500,527.438466,1.0493835,40.914787,0.00033333336,127,0.000904388,547.1958656311035,-0.0004920804
1500.0,192000,352,0.964092493057251,192000,801.505588,1.0814797,19.720299,0.0,128,0.0008245602,551.449376821518,-0.0019772109
1500.0,193500,337,0.9662136025726795,193500,782.572773,1.0266677,19.383223,0.040333327,129,0.0032217063,555.8975491523743,-0.0019322379
726.0,195000,318,0.141343891620636,195000,1871.300465,0.56455684,6802.6294,0.022733323,130,0.0021211575,560.6055653095245,-0.0036409697
778.0,196500,340,0.9691412411630154,196500,454.757094,0.9658215,19.83778,0.024466665,131,0.0024919822,565.0082900524139,-0.0018886706
1500.0,198000,349,0.9667914174497128,198000,763.484557,1.0524669,18.719763,0.0108,132,0.0017126731,569.2989091873169,-0.0011841723
664.0,199500,335,0.9635670110583305,199500,308.818525,0.5904176,19.548326,0.0,133,7.1872506e-05,573.7725455760956,-0.00020269986
1500.0,201000,356,0.9495596177875996,201000,811.698043,1.0214722,22.288464,0.011399998,134,0.0018632152,577.9765915870667,-0.0020490275
840.0,202500,354,0.9689394757151604,202500,264.43664,0.97354394,17.865166,0.023533322,135,0.0033349132,582.2058248519897,-0.0059070303
801.0,204000,326,0.9643673896789551,204000,443.216725,0.6185784,21.749825,0.021533327,136,0.0025626896,586.8028628826141,-0.0035049373
1265.0,205500,356,0.9901158679276705,205500,684.100869,0.8497164,4.1282945,0.01333333,137,0.002354383,591.0062589645386,-0.001363363
681.0,207000,364,0.9978186751250178,207000,329.06438,1.0088958,1.1698395,0.005733332,138,0.0021002085,595.1205947399139,-0.0027754158
814.0,208500,329,0.9855604618787766,208500,414.956553,0.52239686,8.13599,0.014266662,139,0.0023752535,599.668839931488,-0.0040070657
748.0,210000,328,0.9444169513881207,210000,423.766006,0.5876016,35.156147,0.0031333335,140,0.0008408329,604.2394390106201,-0.0015696825
805.0,211500,338,0.9911445286124945,211500,415.182896,0.60347974,4.788065,0.009199999,141,0.0010556058,608.6709296703339,-0.0016910776
1137.0,213000,300,0.9954213770106435,213000,648.397456,0.82840383,2.8611746,0.01213333,142,0.0014333901,613.6644811630249,-0.0022862558
1500.0,214500,320,0.966548565775156,214500,794.228141,0.95669234,17.612968,0.0,143,0.00019951772,618.3379938602448,-7.052354e-05
801.0,216000,327,0.7474658787250519,216000,741.464762,0.6804171,207.73756,0.07699998,144,0.0046365825,622.9141664505005,-0.0046604
1315.0,217500,358,0.988996391184628,217500,748.896786,0.85596526,6.444801,0.011866664,145,0.0021635895,627.093448638916,-0.0030948147
1500.0,219000,358,0.9617041349411011,219000,794.650216,0.94234115,20.254597,0.05606665,146,0.0037508232,631.282696723938,-0.0026982557
1181.0,220500,348,0.8935539424419403,220500,846.146503,0.8089636,75.29659,0.023266658,147,0.0023405894,635.5878517627716,-0.0026078438
1492.0,222000,347,0.9757373407483101,222000,929.009502,1.0010182,10.884012,0.049599987,148,0.003975528,639.8996257781982,-0.0018829214
840.0,223500,331,0.9149407967925072,223500,457.142896,0.6786489,54.29644,0.01833333,149,0.0024625922,644.4225332736969,-0.002061355
835.0,225000,329,0.9605638906359673,225000,325.92007,0.6474018,21.025337,0.018933328,150,0.0015032851,648.9738576412201,-0.0022476616
660.0,226500,326,0.034138023853302,226500,4655.416372,0.5807818,53217.72,0.014133333,151,0.001645454,653.5628545284271,-0.0010022525
729.0,228000,320,0.9515445306897163,228000,192.614846,0.48441488,25.339943,0.027933318,152,0.0022425142,658.2445199489594,-0.0035686886
1293.0,229500,360,0.9978034216910601,229500,730.920353,0.99195826,0.8683553,0.013466664,153,0.0016786588,662.4095659255981,-0.0019860538
770.0,231000,337,0.9928105105645955,231000,319.069976,0.56857324,4.003195,0.0013333332,154,0.0005702699,666.8619031906128,-0.00088996557
1283.0,232500,366,0.909935362637043,232500,816.306632,0.9868826,53.83234,0.03386666,155,0.00328989,670.9542765617371,-0.0039381115
1298.0,234000,334,0.9349178001284599,234000,687.105683,1.0045495,37.73557,0.0,156,0.0012295304,675.4443967342377,-0.0018253851
727.0,235500,358,0.9959929119795561,235500,407.129948,0.6092791,2.091492,0.0063999994,157,0.000989864,679.630624294281,-0.000695525
1092.0,237000,332,0.012733280658721924,237000,11799.084606,0.7403079,365614.03,0.012866667,158,0.0014388966,684.1388988494873,-0.0024185402
886.0,238500,364,0.9968606128823012,238500,490.24863,0.7494072,1.733591,0.014799996,159,0.0014087743,688.2561459541321,-0.0022981479
1278.0,240000,331,0.002400636672973633,240000,695.363312,0.7956006,7672569.5,0.049199972,160,0.004124098,692.7765927314758,-0.0075731915
752.0,241500,347,0.48832011222839355,241500,817.527122,0.53953665,794.4732,0.051866647,161,0.0043183924,697.0921034812927,-0.006222539
907.0,243000,348,0.9651063978672028,243000,344.695891,0.5653999,18.91889,0.033999987,162,0.0023292806,701.3993363380432,-0.0043636695
1292.0,244500,383,0.4355887770652771,244500,1146.479897,0.9296174,675.4076,0.07986662,163,0.005009958,705.3125739097595,-0.003892255
997.0,246000,352,0.9953012741170824,246000,405.758752,0.6338188,2.6305192,0.030666651,164,0.0027544682,709.5726547241211,-0.0038527048
795.0,247500,348,0.9445125870406628,247500,308.689671,0.6624246,39.22146,0.0013333334,165,0.0008635262,713.8720574378967,-0.0018978597
1500.0,249000,346,0.9602946639060974,249000,778.298064,0.97034854,19.422346,0.0,166,0.0001590896,718.202484369278,-0.00058619527
790.0,250500,307,0.013973593711853027,250500,9762.891649,0.725968,250459.38,0.004733332,167,0.001542828,723.0813746452332,-0.00067958975
767.0,252000,298,0.9481374397873878,252000,473.078846,0.7203427,27.536917,0.0,168,0.00013177535,728.0998320579529,-0.00030470322
834.0,253500,326,0.3180951476097107,253500,1260.890831,0.73602706,1796.9904,0.032133326,169,0.0032010835,732.6970028877258,-0.003377366
1500.0,255000,342,0.950150765478611,255000,791.338219,1.0880901,19.432138,6.666667e-05,170,0.0005792993,737.0781464576721,1.1209846e-05
850.0,256500,327,0.9939055228605866,256500,445.594587,0.55290884,3.4104095,0.008866664,171,0.0014787783,741.6558730602264,-0.0014453233
790.0,258000,333,0.4607768654823303,258000,965.563071,0.48107165,1007.6889,0.035466652,172,0.0028451777,746.1593265533447,-0.0034333307
1413.0,259500,358,0.08568376302719116,259500,2701.398409,0.933885,10538.418,0.018466666,173,0.0014584447,750.3417961597443,-0.00087672897
1332.0,261000,365,0.9144440740346909,261000,926.349684,0.9672141,56.903168,0.04306665,174,0.0039969627,754.447313785553,-0.0026479813
788.0,262500,336,0.0661584734916687,262500,2492.618851,0.996218,12339.077,0.0045333332,175,0.000842042,758.9032950401306,-0.0018907321
811.0,264000,365,0.9955628784373403,264000,310.92476,0.525103,2.575752,0.012333333,176,0.0014496761,763.00373005867,-0.0021383888
1480.0,265500,362,0.008028268814086914,265500,9507.544726,1.0369745,215424.38,0.0797333,177,0.0052035805,767.145676612854,-0.004498145
878.0,267000,368,0.9230991676449776,267000,628.608642,0.95138377,51.602276,0.010599998,178,0.0020503618,771.2209622859955,-0.004220843
728.0,268500,303,0.0078018903732299805,268500,191.570897,0.45345107,849295.4,0.017733328,179,0.0013694483,776.157390832901,-0.003694765
1283.0,270000,362,0.9978197058662772,270000,740.641308,0.81894654,1.3633362,0.0045333323,180,0.0009366199,780.2955782413483,-0.003298715
1145.0,271500,361,0.9735775999724865,271500,689.853206,0.7784487,15.476554,0.01473333,181,0.0014968904,784.4404361248016,-0.0024491185
1320.0,273000,344,0.01764857769012451,273000,7044.781726,0.9767716,113730.89,0.03566666,182,0.0032834955,788.790275812149,-0.0019236766
1044.0,274500,333,0.9663746654987335,274500,470.261557,0.9629931,18.82651,0.061199967,183,0.00414074,793.293331861496,-0.004602201
1381.0,276000,335,0.9923294647596776,276000,864.826824,0.9544106,4.536844,0.016466666,184,0.0015776965,797.7595646381378,-0.0012548332
1500.0,277500,345,0.9641263000667095,277500,847.870008,0.97131276,20.592962,0.066333316,185,0.0046131695,802.1063137054443,-0.0039053755
653.0,279000,311,0.9477180987596512,279000,332.872131,0.51904917,28.827887,0.03079999,186,0.0025925348,806.9204976558685,-0.004504439
692.0,280500,331,0.9557599686086178,280500,356.29628,0.49319857,24.70195,0.014133329,187,0.0018063016,811.4487879276276,-0.002185238
1091.0,282000,363,0.9908161303028464,282000,544.261174,0.70330775,4.786902,6.666667e-05,188,0.00026993878,815.5741603374481,-0.00066633994
763.0,283500,306,0.9935682858340442,283500,370.267365,0.46178013,4.0610533,0.001,189,0.00025165305,820.4631404876709,-0.00047417832
654.0,285000,296,0.9957393328659236,285000,271.015535,0.51530015,2.2149043,0.0019333331,190,0.00033370988,825.5183930397034,-0.0007780146
736.0,286500,293,0.9942430327646434,286500,353.582839,0.4681412,3.1323295,0.011599996,191,0.0010085629,830.6360807418823,-0.0013250482
685.0,288000,298,0.9950159890577197,288000,340.208583,0.43835056,2.6627169,0.025533324,192,0.0018825659,835.6591458320618,-0.0027439145
693.0,289500,333,0.9588836394250393,289500,244.754803,0.5114098,22.737898,0.012466664,193,0.0012702235,840.154141664505,-0.0012555649
717.0,291000,337,0.9497469998896122,291000,257.811629,0.46114182,24.110985,0.037533313,194,0.0023564145,844.6041240692139,-0.002776689
664.0,292500,328,0.04286348819732666,292500,231.768009,0.9417078,24598.332,0.06426665,195,0.0043684696,849.1675012111664,-0.002697061
944.0,294000,359,0.6864221394062042,294000,800.740156,0.6035482,303.71692,0.0008666667,196,0.0009665562,853.3381595611572,-0.00039735026
750.0,295500,323,0.14042723178863525,295500,249.495399,0.55464363,7880.3667,0.0,197,0.00024726527,857.9765932559967,-0.00037770066
1162.0,297000,360,0.9901996497064829,297000,609.73343,0.94552857,5.236943,0.118133344,198,0.006901802,862.1375846862793,-0.0028908425
723.0,298500,339,0.8365185707807541,298500,401.938346,0.5385391,130.37154,0.0038666662,199,0.0007363105,866.5616345405579,-0.00091219426
661.0,300000,308,0.4333898425102234,300000,794.485279,0.43002474,938.5569,0.011133335,200,0.0013861433,871.4183728694916,-0.0026928252
1052.0,301500,362,0.9953390681184828,301500,592.372973,0.5986285,2.810982,0.051266637,201,0.0030652208,875.5538423061371,-0.005165428
728.0,303000,334,0.9854898257181048,303000,314.019554,0.520313,7.6438704,0.021733327,202,0.0022093197,880.0441181659698,-0.0029002181
1126.0,304500,333,0.959094051271677,304500,441.339524,0.90672636,25.412477,0.049666643,203,0.00293092,884.5473959445953,-0.0032954856
1500.0,306000,346,0.9628820978105068,306000,825.974975,0.9829255,20.782154,0.076400004,204,0.0045032175,888.8803777694702,-0.0013944197
874.0,307500,355,0.9968457324430346,307500,439.171183,0.5626754,1.6887859,0.0057333317,205,0.0010030961,893.1025359630585,-0.0021792538
715.0,309000,328,0.9883232414722443,309000,384.774842,0.85013795,7.428153,0.041399986,206,0.0035657051,897.6654136180878,-0.0046252934
1298.0,310500,350,0.9885010765865445,310500,739.217892,0.7931037,7.2511635,0.023999998,207,0.0018507303,901.9460377693176,-0.0012910292
1500.0,312000,343,0.9486254155635834,312000,803.22904,0.9602862,20.977251,0.008333333,208,0.0010393708,906.3152165412903,-0.00033657814
859.0,313500,357,0.9975644242949784,313500,442.8884,0.89050734,1.371395,0.057866648,209,0.0047461004,910.50550532341,-0.0030883676
760.0,315000,314,0.9922899175435305,315000,264.45215,0.5086691,3.8766854,0.00080000004,210,0.00031046348,915.2740154266357,-0.0010525197
1147.0,316500,338,0.6643493175506592,316500,977.449515,0.9126966,335.03357,0.025133327,211,0.0026826835,919.7040452957153,-0.0029237047
730.0,318000,330,0.5428305268287659,318000,362.232938,0.65741277,636.77075,0.0,212,0.0003416002,924.2427468299866,-0.00055497355
896.0,319500,334,0.05354517698287964,319500,411.328091,0.6451756,38841.816,0.0007333334,213,0.00042009793,928.7292137145996,-0.0006648539
1500.0,321000,354,0.9561904184520245,321000,733.835379,0.9663211,21.649696,0.005066667,214,0.0012737638,932.9625556468964,-0.0013879102
668.0,322500,367,0.98882838152349,322500,182.159045,0.65286463,5.7209563,0.0042,215,0.0008204221,937.0442571640015,-0.0014576421
737.0,324000,332,0.959245927631855,324000,219.08995,0.5569882,21.845161,0.024933329,216,0.0018964213,941.5496220588684,-0.0031482982
1088.0,325500,365,0.0012894868850708008,325500,66529.41726,0.9792958,12560355.0,0.03193333,217,0.0027002424,945.6540851593018,-0.002722752
1498.0,327000,364,0.9943089853040874,327000,959.33618,0.96427315,2.9557219,0.0036666668,218,0.0014803947,949.764354467392,-0.0007358978
938.0,328500,318,0.944387074559927,328500,576.488102,1.0130785,24.811655,0.02626666,219,0.0027808037,954.4747514724731,-0.004024282
1440.0,330000,357,0.9955574097111821,330000,985.6292,0.99180704,1.9909478,0.023066659,220,0.0027094793,958.6717913150787,-0.0030986264
1144.0,331500,317,0.9982442380860448,331500,614.551815,0.7242408,0.9872799,0.0022,221,0.001164816,963.3962006568909,-0.001655063
1500.0,333000,354,0.9625764526426792,333000,766.653939,0.9498488,22.187763,0.01946666,222,0.0020696442,967.63312458992,-0.0013465296
1500.0,334500,368,0.9467869140207767,334500,767.814549,0.9934746,21.15168,0.0,223,0.000105993284,971.7033224105835,-0.00020468075
806.0,336000,313,0.21480512619018555,336000,1489.470587,0.9190854,3210.0835,0.03506666,224,0.0034771448,976.4826295375824,-0.0027015365
971.0,337500,304,0.6216756105422974,337500,913.176815,0.8407358,398.50836,0.023466665,225,0.002730712,981.4067051410675,-0.002752403
635.0,339000,322,0.9896836774423718,339000,319.978694,0.49818587,4.725658,0.022133324,226,0.0021090074,986.0602750778198,-0.0030618487
760.0,340500,334,0.987645004875958,340500,385.199011,0.55013454,7.452788,0.002533333,227,0.0018183268,990.5399656295776,-0.00125598
889.0,342000,333,0.9669504128396511,342000,427.771043,0.6808561,23.303888,0.008666664,228,0.0023076287,995.0416033267975,-0.0030228507
721.0,343500,324,0.9588411189615726,343500,304.130851,0.615474,22.087723,0.024866665,229,0.002154841,999.6618676185608,-0.0016765655
632.0,345000,324,0.9900593180209398,345000,244.052193,0.43219426,5.3853273,0.02426666,230,0.0018138012,1004.290477514267,-0.003087835
1072.0,346500,357,0.9976503197103739,346500,573.276184,0.6238101,1.233745,0.019066665,231,0.0018449272,1008.4895906448364,-0.0016568032
667.0,348000,339,0.7507504522800446,348000,283.519592,0.5578298,241.79382,0.024999999,232,0.0023170926,1012.9079251289368,-0.0020075976
747.0,349500,330,0.9917337810620666,349500,317.495237,0.61499906,4.922995,0.037466653,233,0.0035052595,1017.4451179504395,-0.003955586
909.0,351000,361,0.912779837846756,351000,404.84348,0.6219386,49.913815,0.0003333333,234,0.0006448159,1021.5977098941803,-0.0002923751
846.0,352500,327,0.9625325873494148,352500,416.624116,0.4785828,18.610613,0.019933328,235,0.0017456497,1026.1799929141998,-0.001774994
617.0,354000,311,0.9433720298111439,354000,167.33161,0.3834246,29.371704,0.04393331,236,0.0033938277,1030.9885778427124,-0.003377934
714.0,355500,332,0.9221465885639191,355500,200.344816,0.43306705,38.29573,0.008266667,237,0.0008541461,1035.4991571903229,-0.0015513909
744.0,357000,336,0.9517975449562073,357000,241.959884,0.57983565,24.025557,0.034866653,238,0.0025861212,1039.9613347053528,-0.005257438
795.0,358500,359,0.9042790904641151,358500,394.968421,0.5720545,66.39349,0.040800005,239,0.0034004345,1044.1399314403534,-0.0032488338
984.0,360000,323,0.48923176527023315,360000,342.187604,0.58392304,779.45685,0.0017333333,240,0.00051126006,1048.7750146389008,-0.0012606818
683.0,361500,333,0.8988238424062729,361500,420.564938,0.41912964,53.614956,0.03239999,241,0.0026399777,1053.273564338684,-0.0012634288
837.0,363000,335,0.920951746404171,363000,360.635061,0.46475992,55.67148,0.04413331,242,0.0035334781,1057.741644859314,-0.007405062
623.0,364500,338,0.9592455849051476,364500,250.641996,0.47709888,22.110657,0.016066667,243,0.0015495017,1062.172265291214,-0.002439583
588.0,366000,306,0.553808867931366,366000,578.9464,0.36037892,484.82117,0.0,244,0.000109581066,1067.0725810527802,-0.00043837394
577.0,367500,337,0.9421255141496658,367500,200.74579,0.40532553,23.389725,0.010933332,245,0.00095475314,1071.5211160182953,-0.0014891917
679.0,369000,303,0.23572635650634766,369000,276.512372,0.3842991,2999.9111,0.0043333336,246,0.00065975153,1076.4600913524628,-0.0008203672
886.0,370500,359,0.948271881788969,370500,92.084686,0.4584439,19.652287,0.01493333,247,0.001013339,1080.63414144516,-0.0027741664
831.0,372000,334,0.9586408920586109,372000,310.033339,0.57889426,23.017939,0.012666661,248,0.0017547793,1085.1239285469055,-0.0023543178
787.0,373500,331,0.8432483673095703,373500,578.126693,0.49137595,120.990974,0.006533333,249,0.0010096804,1089.6525015830994,-0.0009802489
981.0,375000,360,0.7411157190799713,375000,693.922469,0.61816716,216.42462,0.011133332,250,0.0012211928,1093.8081867694855,-0.0023526791
672.0,376500,328,0.9440232664346695,376500,242.884559,0.51135755,43.48659,0.045866657,251,0.0030140707,1098.3760478496552,-0.0074136406
713.0,378000,318,0.8717762678861618,378000,172.207185,0.3880288,66.56741,0.023466663,252,0.001866663,1103.0926389694214,-0.0016441272
636.0,379500,321,0.950058102607727,379500,375.826736,0.46724004,26.945984,0.026733328,253,0.001991194,1107.759693622589,-0.0040363516
932.0,381000,330,0.8076526373624802,381000,647.869023,0.4906981,165.87395,6.666667e-05,254,0.00042097844,1112.2992029190063,-7.571434e-05
754.0,382500,331,0.9718281254172325,382500,382.794232,0.46838486,17.507265,0.05033331,255,0.0039662835,1116.81774020195,-0.0020359724
752.0,384000,334,0.0011037588119506836,384000,140258.842559,0.5027172,56479820.0,0.034133315,256,0.002528286,1121.3090734481812,-0.004408014
862.0,385500,318,0.9566983692348003,385500,335.852693,0.60805243,25.132631,0.057399977,257,0.004217686,1126.0245094299316,-0.0057723206
657.0,387000,326,0.9369151294231415,387000,136.563224,0.571224,32.037983,0.0016,258,0.00042155967,1130.6168284416199,-0.0016561204
865.0,388500,354,0.9921752931550145,388500,514.938195,0.5834699,4.780668,0.021466661,259,0.001868457,1134.848720550537,-0.0009432802
769.0,390000,310,0.9783601015806198,390000,302.406319,0.63037914,11.780693,0.0039999993,260,0.0016266879,1139.6724803447723,-0.0014646042
1027.0,391500,325,0.9887404153123498,391500,574.646766,0.6386279,7.504686,0.050666645,261,0.0034124465,1144.275407075882,-0.0057413764
962.0,393000,327,0.9635943323373795,393000,434.685098,0.6103277,22.098824,0.017799992,262,0.0020392116,1148.8628754615784,-0.0054232674
1089.0,394500,334,0.9838794302195311,394500,600.826542,0.71627975,8.969484,0.009733333,263,0.0012667397,1153.3418300151825,-0.0017513301
915.0,396000,311,0.9142651781439781,396000,467.000874,0.75092155,53.083496,0.046333317,264,0.0033760376,1158.1547458171844,-0.0046803732
894.0,397500,354,0.9885782366618514,397500,327.382916,0.73234016,6.1994286,0.033533324,265,0.0022009586,1162.380882024765,-0.0024854303
1131.0,399000,327,0.3508457541465759,399000,576.519601,0.7542422,1615.0707,0.009266666,266,0.0016397998,1166.9661164283752,-0.0032184944
905.0,400500,352,0.9011646956205368,400500,250.465442,0.8533995,42.282135,0.0022000002,267,0.0007515632,1171.2239255905151,-0.0007565846
1131.0,402000,318,0.8825928270816803,402000,662.469551,0.7677643,90.79067,0.047666647,268,0.0034390595,1175.9268772602081,-0.005592427
971.0,403500,313,0.9503460191190243,403500,358.968848,0.81647867,23.426203,0.0017333335,269,0.0009809943,1180.7157216072083,-0.001719503
1500.0,405000,314,0.943000141531229,405000,943.635688,1.010375,25.84654,0.005133333,270,0.0014966726,1185.4920835494995,-0.0013748661
1500.0,406500,314,0.9216176345944405,406500,624.183676,0.9212884,37.80287,0.003933333,271,0.001342791,1190.257844209671,-0.0010682851
1500.0,408000,327,0.9227230548858643,408000,714.638899,0.9518893,37.501785,0.0268,272,0.0022088774,1194.8338062763214,-0.0018954119
1500.0,409500,354,0.935083232820034,409500,728.688712,1.0075909,28.136042,0.011799999,273,0.0014552274,1199.0676474571228,-0.0005085091
1220.0,411000,307,0.6165034174919128,411000,991.289294,0.94831824,343.80917,0.0047333334,274,0.0009779385,1203.9444768428802,-0.0020995373
1080.0,412500,339,0.10362666845321655,412500,2448.130681,0.6893392,11279.76,0.0,275,4.4953405e-05,1208.3657777309418,6.140909e-05
1146.0,414000,341,0.9329351484775543,414000,634.034765,0.84035987,43.8838,0.0,276,0.000558428,1212.7550990581512,-0.0015605935
1056.0,415500,326,0.9222276955842972,415500,412.892408,0.74862325,55.761856,0.011666668,277,0.0016490198,1217.3444578647614,-0.0029664533
1461.0,417000,355,0.6831170618534088,417000,1077.510025,0.93170565,309.42023,0.0,278,4.3569118e-05,1221.5644888877869,3.6466005e-05
1500.0,418500,313,0.9156290367245674,418500,694.815715,0.9880352,42.405323,0.041133318,279,0.0030686075,1226.3475728034973,-0.004172696
862.0,420000,322,0.8453586250543594,420000,478.182363,0.7158369,110.60397,0.011066667,280,0.0013110676,1231.0059595108032,-0.0018684422
932.0,421500,321,0.938522282987833,421500,610.873018,0.6753113,39.759613,0.027333329,281,0.0018826973,1235.6674814224243,-0.0036885766
1044.0,423000,344,0.6074904799461365,423000,857.147475,0.9047991,358.4461,0.0018,282,0.0013670091,1240.0203561782837,-0.0012891553
891.0,424500,298,0.7191750109195709,424500,747.458951,0.5668804,275.55533,0.027199985,283,0.0018638511,1245.048998594284,-0.0037332263
830.0,426000,299,0.913961224257946,426000,258.439284,0.54972345,48.019398,0.01613333,284,0.0014651124,1250.0628225803375,-0.0038206652
939.0,427500,297,0.001811206340789795,427500,537.427633,0.835961,12699889.0,0.0,285,0.0005919353,1255.1124897003174,-0.0010980512
1129.0,429000,330,0.9270090833306313,429000,450.767192,0.73972327,38.113884,0.013999998,286,0.0025482448,1259.657140493393,-0.004356289
1212.0,430500,320,0.9670202769339085,430500,600.59133,0.967293,13.744742,0.030399987,287,0.0026309015,1264.3326416015625,-0.0037071733
1334.0,432000,327,0.8648579269647598,432000,977.472609,0.89941335,93.46697,0.0,288,0.0006296362,1268.9142537117004,-0.0010855977
1027.0,433500,315,0.8602017164230347,433500,505.64499,0.52822214,101.34716,0.0096,289,0.00119142,1273.6655106544495,-0.0012150004
847.0,435000,327,0.0073282718658447266,435000,860.815804,0.6969126,900927.4,0.03439999,290,0.0028306136,1278.2497427463531,-0.0017895806
967.0,436500,344,0.9319472908973694,436500,542.681108,0.72275186,36.57215,0.008666665,291,0.0019875343,1282.6008832454681,-0.0024913903
817.0,438000,313,0.05618089437484741,438000,223.958213,0.4611434,45649.336,0.0038666665,292,0.0010310706,1287.3818264007568,-0.0007442186
783.0,439500,334,0.9135420098900795,439500,217.129492,0.5210155,63.31264,0.016199995,293,0.0014644016,1291.8676362037659,-0.004447245
927.0,441000,318,0.01000833511352539,441000,16651.6841,0.6621093,764040.6,0.0,294,0.00011895507,1296.5807061195374,9.715212e-06
1064.0,442500,335,0.011063456535339355,442500,12613.84244,0.69463396,422144.03,0.0,295,5.27426e-06,1301.0527830123901,-4.504825e-05
1120.0,444000,341,0.9240647479891777,444000,440.021394,0.9438332,42.26536,0.025666656,296,0.0031286273,1305.4482202529907,-0.003174815
1066.0,445500,339,0.9230061247944832,445500,342.525329,0.95784795,41.0358,0.06759997,297,0.0044570607,1309.8682820796967,-0.0037816255
981.0,447000,321,0.9036886915564537,447000,460.315467,0.7171848,54.581596,0.053466644,298,0.0036722526,1314.5411841869354,-0.002505131
864.0,448500,321,0.9514440670609474,448500,497.474542,0.7168106,29.406767,0.12340001,299,0.007842843,1319.2092216014862,-0.0035653159
740.0,450000,336,0.9596880935132504,450000,295.900785,0.35182175,22.181158,0.0071333325,300,0.0007087074,1323.662787437439,-0.003611912
740.0,451500,314,0.8266640156507492,451500,155.726355,0.6466988,116.020706,0.0006000001,301,0.00063874037,1328.437334060669,-0.0008501432
947.0,453000,356,0.9264642968773842,453000,180.90406,0.5051164,30.30965,0.00040000002,302,0.00025428238,1332.6491601467133,-0.00027045477
785.0,454500,330,0.896214209496975,454500,156.958342,0.5332347,55.85807,0.03899998,303,0.0026297853,1337.1849927902222,-0.002665658
620.0,456000,334,0.46640151739120483,456000,821.083003,0.44717705,908.42474,0.029199993,304,0.0020480785,1341.667932510376,-0.0059042573
779.0,457500,300,0.9066193103790283,457500,263.569471,0.46193683,49.83478,0.029199986,305,0.002131211,1346.65287733078,-0.004212857
973.0,459000,326,0.17471516132354736,459000,440.828089,0.5749592,5941.721,0.041266646,306,0.0033525603,1351.249408006668,-0.007149054
939.0,460500,343,0.4469606280326843,460500,540.568467,0.7439516,916.1205,0.0,307,0.0003667966,1355.62007021904,-0.001213523
740.0,462000,378,0.9904877515509725,462000,465.897352,0.5791246,5.104608,0.042266656,308,0.003616071,1359.5884125232697,-0.0032365154
647.0,463500,327,0.992212169803679,463500,253.447952,0.37919676,3.9428217,0.04086665,309,0.003409964,1364.1692154407501,-0.0034180277
740.0,465000,343,0.9506168700754642,465000,241.841995,0.44222367,22.56913,0.06233331,310,0.0042472593,1368.535649061203,-0.003782163
718.0,466500,353,0.9507825598120689,466500,202.89865,0.42539138,26.168518,0.0,311,0.00027989305,1372.7794766426086,-0.0007941085
731.0,468000,348,0.9966602113563567,468000,375.878708,0.56617004,1.8201212,0.010466664,312,0.0012784696,1377.086615562439,-0.0025070917
702.0,469500,342,0.8933971077203751,469500,164.246795,0.45377734,46.97124,0.011333332,313,0.0015286084,1381.4632461071014,-0.0032153127
800.0,471000,348,0.9271274358034134,471000,329.406528,0.5641064,41.18438,0.020399999,314,0.0016467953,1385.7669351100922,-0.00311832
832.0,472500,379,0.992778951767832,472500,417.188436,0.5870354,4.18591,0.024866655,315,0.0020884294,1389.7225873470306,-0.0025906304
763.0,474000,349,0.5737702250480652,474000,245.714424,0.57493645,419.3728,0.007266666,316,0.0011904901,1394.015338420868,-0.0011107965
875.0,475500,355,0.9533507451415062,475500,243.331295,0.421892,24.931341,0.0019999999,317,0.0012320363,1398.2322237491608,-0.00027228304
784.0,477000,356,0.9871399598196149,477000,349.689077,0.47298932,8.135492,0.020599997,318,0.0017363254,1402.4392626285553,-0.0049858605
805.0,478500,345,0.9806989580392838,478500,269.386665,0.46260464,9.964825,0.02759999,319,0.0020224843,1406.7834160327911,-0.0053151394
628.0,480000,325,0.01818406581878662,480000,273.936044,0.32769868,235054.58,0.0,320,5.0369512e-05,1411.3941090106964,-0.00012986695
762.0,481500,348,0.9217594265937805,481500,339.387388,0.4254548,53.374107,0.005466666,321,0.0008272472,1415.6981747150421,-0.001974024
793.0,483000,350,0.9327263683080673,483000,253.279038,0.43607366,32.58965,0.0,322,2.4537276e-05,1419.9756500720978,-0.00030436553
627.0,484500,348,0.9448207020759583,484500,95.825786,0.28547975,22.904856,0.008266667,323,0.0008757416,1424.2810490131378,-0.0018697518
729.0,486000,348,0.943573035299778,486000,267.484605,0.30778328,24.060724,0.009600001,324,0.0006222594,1428.5821957588196,-0.0014789009
774.0,487500,353,0.913643591105938,487500,173.749527,0.31148592,42.026535,0.0031333328,325,0.00061959063,1432.831045627594,-0.00043299384
635.0,489000,329,0.9197576865553856,489000,237.373939,0.36125916,50.86293,0.0,326,0.00016245051,1437.386169910431,-1.5752948e-05
615.0,490500,355,0.8283823579549789,490500,364.603085,0.28049228,76.95784,0.0,327,0.00032543787,1441.6054725646973,-0.00063556404
746.0,492000,347,0.9048388451337814,492000,101.182332,0.33185235,41.006657,0.00933333,328,0.0010898006,1445.9189412593842,-0.0019413796
817.0,493500,356,0.9878223827108741,493500,214.127492,0.4623992,5.698689,0.014933329,329,0.001397647,1450.1317384243011,-0.0010388141
754.0,495000,355,0.9447177685797215,495000,363.151346,0.39008975,33.434418,0.035466656,330,0.0026882074,1454.3547415733337,-0.008082567
748.0,496500,352,0.9936905349604785,496500,320.643957,0.3946458,3.3912888,0.0016000001,331,0.000650614,1458.6061425209045,-0.00017562624
817.0,498000,348,0.9875022955238819,498000,434.543053,0.431044,6.893829,0.019999994,332,0.0021530192,1462.9068400859833,-0.0038787401
669.0,499500,321,0.8832086101174355,499500,152.110628,0.46404427,56.07954,0.014666663,333,0.0012238735,1467.5792381763458,-0.0025035865
686.0,501000,352,0.9951349883340299,501000,260.880841,0.42829117,2.2717211,0.009666665,334,0.0010141684,1471.8340651988983,-0.0027254382
760.0,502500,354,0.8660498559474945,502500,311.869907,0.38360584,79.040474,0.029466657,335,0.002292236,1476.0649542808533,-0.0028363
768.0,504000,349,0.9590433202683926,504000,195.616246,0.47058064,22.707294,0.0004,336,0.00038414658,1480.3622596263885,-0.00031006007
556.0,505500,349,0.9617335349321365,505500,119.391229,0.3090979,18.346142,0.028799985,337,0.0019535578,1484.649650335312,-0.007971502
756.0,507000,356,0.9493840970098972,507000,287.866253,0.440618,25.08634,0.0005333334,338,0.00047766266,1488.8607985973358,-0.001055433
764.0,508500,350,0.9951446382328868,508500,314.78585,0.4771147,2.1373367,0.018266661,339,0.0017371863,1493.1448509693146,-0.0037665833
794.0,510000,355,0.9562753923237324,510000,212.077146,0.43557507,19.652508,0.018199991,340,0.0016251269,1497.3671100139618,-0.0015828214
800.0,511500,344,0.9640914015471935,511500,265.231078,0.5330247,21.359417,0.03566665,341,0.0032391357,1501.7241468429565,-0.0036407334
806.0,513000,351,0.9642128758132458,513000,384.81965,0.64263284,20.113026,6.666667e-05,342,0.00031787175,1505.9903633594513,-0.00049998047
873.0,514500,349,0.08688902854919434,514500,2797.862014,0.53878915,17360.824,0.030199995,343,0.002133925,1510.2844746112823,-0.0039383443
955.0,516000,382,0.8160438388586044,516000,662.313108,0.53500307,153.15057,0.021066664,344,0.0024472245,1514.2062060832977,-0.0022116837
1148.0,517500,346,0.9804876670241356,517500,651.36144,0.88923776,10.086096,0.0019999996,345,0.0007123276,1518.5365326404572,-0.0007158225
1338.0,519000,375,0.985561485402286,519000,759.090155,0.8554327,7.746664,0.015933331,346,0.0017605396,1522.5337450504303,-0.0017952375
940.0,520500,377,0.3277909755706787,520500,1235.333562,0.8501062,1332.4194,0.082800016,347,0.005063902,1526.5053527355194,-0.004303802
1098.0,522000,340,0.9326446130871773,522000,663.604499,0.84629714,40.93843,0.015333333,348,0.0018798577,1530.9133682250977,-0.001203411
1146.0,523500,379,0.9952906738035381,523500,747.768004,0.74845773,2.1343994,0.015999995,349,0.0018289106,1534.8654091358185,-0.0019843406
1029.0,525000,350,0.9512079358100891,525000,517.217331,0.69257814,35.334747,0.0053333323,350,0.0010455758,1539.1427989006042,-0.0008859655
914.0,526500,380,0.891506664454937,526500,532.012254,0.743575,59.136475,0.029733319,351,0.002732285,1543.088984966278,-0.0039883754
1294.0,528000,354,0.08724188804626465,528000,688.466574,0.86100745,14508.19,0.009266667,352,0.0014380744,1547.3214948177338,-0.0026449594
1054.0,529500,383,0.9927581567317247,529500,532.251467,0.64384615,3.9795954,0.01746666,353,0.0019628967,1551.2342920303345,-0.00236541
1229.0,531000,363,0.9763134010136127,531000,616.202324,0.9327233,11.998541,0.004,354,0.0015930729,1555.3579506874084,-0.0012658415
1076.0,532500,368,0.42121124267578125,532500,1020.366637,0.9450376,587.41736,0.0,355,0.00029039817,1559.4255592823029,-0.00045032974
759.0,534000,350,0.7333948314189911,534000,746.820094,0.6529274,248.16011,0.018799994,356,0.0015845217,1563.7087986469269,-0.0024061461
883.0,535500,350,0.9661891609430313,535500,476.51841,0.87873876,22.44293,0.04353331,357,0.0033094904,1567.9924230575562,-0.0020168656
722.0,537000,379,0.9534595832228661,537000,258.255984,0.68704283,24.507286,0.031599987,358,0.0027122255,1571.9432756900787,-0.004525049
748.0,538500,350,0.9472842216491699,538500,202.184447,0.54812706,27.310358,0.035599984,359,0.0027878068,1576.227468252182,-0.0025962046
823.0,540000,354,0.27929461002349854,540000,1301.904376,0.43586326,2885.9602,0.014066664,360,0.001972296,1580.4573283195496,-0.0011988912
790.0,541500,350,0.09571856260299683,541500,366.752398,0.44385493,16031.179,0.022466658,361,0.0023966448,1584.7313046455383,-0.0044003753
580.0,543000,351,0.9289937764406204,543000,169.4015,0.53394854,34.214935,0.038933314,362,0.003189802,1589.0043416023254,-0.0062920963
780.0,544500,346,0.8017118871212006,544500,543.797238,0.66862214,122.08998,0.023399992,363,0.002296248,1593.3324670791626,-0.0029798807
984.0,546000,349,0.9945151126012206,546000,546.68792,0.6304597,2.822696,0.03519999,364,0.0028999525,1597.6225423812866,-0.0028071988
911.0,547500,343,0.9827920775860548,547500,490.346274,0.8734693,9.487362,0.012466668,365,0.0020789509,1601.9855720996857,-0.0018328656
781.0,549000,348,0.9172059148550034,549000,301.281158,0.55497235,65.54646,0.034866653,366,0.0023005083,1606.2970662117004,-0.0028582627
947.0,550500,378,0.9971460197120905,550500,462.317365,0.58989805,1.577171,0.025666663,367,0.001770517,1610.2571771144867,-0.0023182265
848.0,552000,351,0.9865181287750602,552000,559.386917,0.60910636,8.811772,0.0019333331,368,0.00079727627,1614.5250396728516,-0.0005130202
1067.0,553500,369,0.9959333054721355,553500,572.572043,0.9351641,1.6560516,0.007933332,369,0.0016176307,1618.5899517536163,-0.0015722183
860.0,555000,350,0.003417074680328369,555000,677.473013,0.60032344,532853.9,0.015066662,370,0.0024388346,1622.8676340579987,-0.003193372
919.0,556500,349,0.9910333007574081,556500,418.701131,0.6656489,4.8805103,0.0011333334,371,0.00057733594,1627.1590716838837,-0.00074383646
1073.0,558000,343,0.9640995673835278,558000,480.141922,0.86185485,23.056923,0.04326667,372,0.0039266027,1631.5279455184937,-0.0009803214
782.0,559500,385,0.9973277251701802,559500,357.443889,0.5593945,1.4476035,0.0021999995,373,0.0008112868,1635.42236495018,-0.0013410443
986.0,561000,335,0.9412153214216232,561000,598.153735,0.5393785,42.002884,0.02693333,374,0.0020883135,1639.8958604335785,-0.0026986836
812.0,562500,347,0.9952170299366117,562500,436.33046,0.56214786,2.9990408,0.015533328,375,0.0020855838,1644.2171700000763,-0.0019090818
824.0,564000,351,0.9912273995578289,564000,319.485927,0.56365645,6.210086,0.029066656,376,0.0018652612,1648.4869430065155,-0.0033210802
904.0,565500,351,0.9924268904142082,565500,466.171523,0.7415922,4.0178933,0.0011333333,377,0.00090253435,1652.7598736286163,-0.0015633639
970.0,567000,362,0.9758958593010902,567000,405.917685,0.78842926,11.186445,0.015466665,378,0.0022004552,1656.8934397697449,-0.0032559417
848.0,568500,350,0.9587017670273781,568500,268.851647,0.50475204,23.987638,0.041133318,379,0.0029292235,1661.172952413559,-0.0030606485
842.0,570000,347,0.4213472008705139,570000,955.577877,0.5491389,1195.7291,0.033399988,380,0.0027177362,1665.4876837730408,-0.002353155
1006.0,571500,336,0.11129641532897949,571500,2220.065589,0.84061605,7354.622,0.046133317,381,0.003351166,1669.9496614933014,-0.0035038157
1396.0,573000,367,0.1134217381477356,573000,2336.633958,0.90131074,7225.473,0.0,382,0.00020186424,1674.026094198227,-0.00021004345
910.0,574500,376,0.982533385977149,574500,479.50749,0.77500427,7.742562,0.03493332,383,0.0033348554,1678.0092754364014,-0.0033212677
1009.0,576000,351,0.09917974472045898,576000,2973.932265,0.6415536,16635.404,0.028999992,384,0.0022057868,1682.279393196106,-0.003693981
971.0,577500,350,0.9313739910721779,577500,2.39218,0.44737598,36.463634,0.015199995,385,0.0010334201,1686.5576031208038,-0.006141064
791.0,579000,346,0.9234071895480156,579000,328.060779,0.41448712,56.81254,0.0,386,0.00012458467,1690.8902606964111,9.8002465e-06
980.0,580500,380,0.9468118920922279,580500,509.705526,0.6073272,32.568554,0.0,387,0.0003311848,1694.8335933685303,-0.0010776067
905.0,582000,354,0.8343817889690399,582000,699.125819,0.62206304,136.13898,0.047999974,388,0.0031128905,1699.066435098648,-0.003180108
801.0,583500,348,0.8007294237613678,583500,304.800554,0.46212733,204.78253,0.031199997,389,0.0023458048,1703.3689575195312,-0.0040745074
857.0,585000,348,0.9591197185218334,585000,302.614716,0.6331844,26.444788,0.011733332,390,0.0014753337,1707.677964925766,-0.00075869664
1032.0,586500,382,0.9968357409816235,586500,639.865159,0.6761185,1.4659245,0.0069333315,391,0.0015977531,1711.5999422073364,-0.0013434488
941.0,588000,342,0.9617764241993427,588000,269.90559,0.6338383,26.368536,0.023533328,392,0.002014112,1715.9846131801605,-0.0028420093
896.0,589500,345,0.6447949707508087,589500,844.057843,0.73440194,362.92017,0.04479998,393,0.0029821005,1720.3301179409027,-0.0028352542
837.0,591000,375,0.5779465138912201,591000,767.104346,0.5438219,559.7096,0.0017333333,394,0.0007361102,1724.3283574581146,-0.0010138181
1047.0,592500,343,0.9233707040548325,592500,449.013591,0.7763375,51.163784,0.019266667,395,0.0027165022,1728.6984827518463,-0.0047295406
1153.0,594000,376,0.9732416439801455,594000,538.1821,0.6943557,14.590145,0.010199998,396,0.0012487557,1732.685954093933,-0.0016517058
853.0,595500,352,0.9127351269125938,595500,302.143295,0.56145465,45.26592,0.0076,397,0.0014250332,1736.9416689872742,-0.002072574
840.0,597000,379,0.0038627982139587402,597000,22854.192984,0.8390614,1451263.4,0.0,398,6.426991e-05,1740.894035100937,0.00016779643
974.0,598500,334,0.9576486796140671,598500,414.092369,0.60845095,23.693344,0.0008666667,399,0.00019873273,1745.3728575706482,-0.0009023101
1103.0,600000,350,0.1441451907157898,600000,2119.846984,0.7588887,7694.2188,0.0,400,0.00033493384,1749.6563520431519,-0.0021640991
1131.0,601500,380,0.9833316467702389,601500,532.803391,0.742217,8.325688,0.055866644,401,0.0035452086,1753.597112417221,-0.004562469
847.0,603000,344,0.8706943690776825,603000,406.565582,0.89002204,68.87641,0.005666666,402,0.0013156628,1757.9492287635803,-0.0017554588
854.0,604500,367,0.9339267462491989,604500,196.604107,0.6143417,35.982376,0.00033333336,403,0.0003092215,1762.0312585830688,-0.0007794643
927.0,606000,342,0.9683487750589848,606000,315.147331,0.72080475,20.783281,0.028399989,404,0.0032450452,1766.4147419929504,-0.00369245
1096.0,607500,375,0.9724824316799641,607500,512.706737,0.7941278,12.745465,0.014599996,405,0.0019923695,1770.4121775627136,-0.0035602194
1283.0,609000,378,0.9756040498614311,609000,677.962962,0.8369026,14.483424,0.041333318,406,0.003539935,1774.3741948604584,-0.0051201666
1128.0,610500,378,0.9205156117677689,610500,559.552144,0.9401869,29.549429,0.017399995,407,0.0019434679,1778.3338041305542,-0.0029496665
1012.0,612000,349,0.4798314571380615,612000,489.786451,0.55617315,838.2805,0.0226,408,0.0019320223,1782.630844116211,-0.0014824397
1025.0,613500,379,0.9546715877950191,613500,1.575023,0.7565646,32.58915,0.008200001,409,0.0013885915,1786.5894832611084,-0.0027123764
1172.0,615000,345,0.9716769512742758,615000,557.032155,0.6702126,16.349133,0.0045333332,410,0.0012426734,1790.927339553833,-0.0010770533
811.0,616500,344,0.9618203788995743,616500,248.975042,0.5860379,20.985466,0.008333333,411,0.0017029723,1795.2873146533966,-0.0017065295
1292.0,618000,375,0.9574394263327122,618000,781.694108,0.71146256,18.931952,0.0029999998,412,0.0009705282,1799.2782592773438,-0.0015191371
1056.0,619500,365,0.975735628977418,619500,488.659944,0.7658461,10.938282,0.008533333,413,0.00084664876,1803.3782896995544,-0.0009902761
1011.0,621000,351,0.6763301491737366,621000,3.97596,0.48132676,154.83336,0.01746666,414,0.001346409,1807.6506571769714,-0.0037357868
1129.0,622500,376,0.7753060013055801,622500,876.819415,0.74575925,147.60136,0.0032,415,0.0005613212,1811.6389150619507,-0.0012690515
991.0,624000,327,0.9782307669520378,624000,609.215554,0.6349346,13.799867,0.0573333,416,0.0043240935,1816.2154519557953,-0.004937924
863.0,625500,381,0.039685964584350586,625500,3422.745451,0.70585436,25776.422,0.016533334,417,0.001643644,1820.1506674289703,-0.002006159
1077.0,627000,332,0.8756586387753487,627000,658.528823,0.585402,76.00593,0.0006,418,0.0005653542,1824.667985200882,-0.00069120066
1013.0,628500,355,0.9154954180121422,628500,287.793296,0.73990464,42.339718,0.02519999,419,0.0028989865,1828.8833973407745,-0.005412436
1293.0,630000,331,0.016974151134490967,630000,681.516464,0.6944615,161033.06,0.013933332,420,0.0014132666,1833.4086275100708,-0.0014901703
1337.0,631500,346,0.7474454343318939,631500,946.271197,0.6992048,187.89076,0.0,421,0.00016071548,1837.7376625537872,-0.00038722265
1500.0,633000,368,0.9470349624752998,633000,647.326578,0.65382004,32.379776,0.015533331,422,0.00078323775,1841.8126940727234,-0.0021190555
1197.0,634500,378,0.9349524602293968,634500,496.395653,0.91353035,28.724749,0.013200002,423,0.0016836432,1845.7768387794495,-0.0020304495
1334.0,636000,372,0.2053428292274475,636000,1909.126581,0.8394809,3319.3022,0.016066663,424,0.001759509,1849.8033382892609,-0.0021444052
1099.0,637500,363,0.9280268847942352,637500,686.062087,0.902562,42.33687,0.016266663,425,0.002157738,1853.934323310852,-0.0024067815
942.0,639000,354,0.9523325152695179,639000,553.985517,0.60530925,31.13805,0.036133323,426,0.0029445963,1858.1621778011322,-0.00152077
1118.0,640500,374,0.5800889134407043,640500,732.586776,0.8245037,303.92352,0.021533333,427,0.0017750483,1862.1684095859528,-0.0023791683
1210.0,642000,368,0.3286164402961731,642000,1439.924183,0.89761573,1421.9873,0.0,428,6.839028e-05,1866.2412469387054,-0.00035074275
1271.0,643500,345,0.24055379629135132,643500,701.088688,0.72044265,2031.0557,0.025333334,429,0.002157789,1870.5825655460358,-0.0012511967
1500.0,645000,369,0.916655421257019,645000,677.3625,0.73581153,38.04461,0.020133331,430,0.0019183148,1874.6389546394348,-0.0025563287
1500.0,646500,364,0.9324420467019081,646500,712.255959,0.68324935,32.75825,0.012933331,431,0.0012116631,1878.7515165805817,-0.001608981
1500.0,648000,370,0.927043579518795,648000,704.599392,0.803426,31.501348,0.021599999,432,0.0017519152,1882.7987463474274,-0.0020250878
1008.0,649500,381,0.9839853830635548,649500,629.584228,0.6583884,7.1234603,0.014466665,433,0.001749878,1886.7331004142761,-0.0011714189
993.0,651000,328,0.9535475969314575,651000,517.738894,0.68302745,29.108465,0.005600001,434,0.0013079671,1891.306203365326,-0.0017885912
1333.0,652500,312,0.000273287296295166,652500,409081.131257,0.80434304,481300320.0,0.081466645,435,0.0051532495,1896.1139798164368,-0.0057163727
1136.0,654000,304,0.9548658728599548,654000,578.965788,0.6730641,17.648321,0.007733334,436,0.0014136807,1901.0460221767426,-0.0019923078
1262.0,655500,294,0.05585581064224243,655500,3260.722335,0.6226647,19104.863,0.0,437,0.00011887447,1906.1414170265198,-0.000638742
1500.0,657000,309,0.9427420981228352,657000,556.710338,0.7140154,34.113483,0.034199987,438,0.0028316919,1910.9947888851166,-0.0054685725
1500.0,658500,311,0.9198487102985382,658500,635.023684,0.8738601,42.169456,0.0056,439,0.0012994971,1915.8084969520569,-0.00044936492
1500.0,660000,327,0.9439324326813221,660000,589.154284,0.88241845,27.261354,0.0,440,0.0006890507,1920.390433549881,-0.0012070211
1029.0,661500,314,0.7053048312664032,661500,870.51351,0.7172467,262.5198,0.012799995,441,0.0016719133,1925.1613283157349,-0.0013385997
1080.0,663000,324,0.9614801183342934,663000,577.01465,0.66792715,20.506119,0.0010666668,442,0.0009381917,1929.7908401489258,-0.00082714885
1473.0,664500,335,0.9577364102005959,664500,759.628535,0.9363512,18.092236,0.0,443,0.00013830297,1934.2662489414215,-0.0007445671
1033.0,666000,334,0.9458103813230991,666000,394.806603,0.8581567,32.318554,0.02259999,444,0.0023888936,1938.7560238838196,-0.0029177126
1395.0,667500,321,0.9449960999190807,667500,576.597068,0.7688509,25.92525,0.008200001,445,0.0008245384,1943.4164412021637,-0.0011636071
1500.0,669000,323,0.9389917477965355,669000,776.431232,0.75305724,29.436193,0.018866668,446,0.0014843671,1948.059966802597,-0.0019230278
1500.0,670500,338,0.9645548462867737,670500,725.884658,0.88573897,21.101727,0.009399999,447,0.001590421,1952.494889497757,-0.0014024922
1500.0,672000,335,0.9425095096230507,672000,764.736619,0.8245997,27.008028,0.0026666669,448,0.0003793528,1956.9722714424133,-0.001073808
1139.0,673500,313,0.9259668365120888,673500,470.462623,0.759343,48.351772,0.03539998,449,0.0031664076,1961.7571654319763,-0.0032509684
1222.0,675000,340,0.9975185601506382,675000,650.154045,0.771674,1.20574,0.0789333,450,0.005452347,1966.1635444164276,-0.003982546
1128.0,676500,344,0.9912181058898568,676500,619.688414,0.85563326,3.314864,0.06666663,451,0.004464562,1970.5163576602936,-0.005511463
1500.0,678000,331,0.9501618891954422,678000,816.105544,0.7423381,27.669992,0.01873333,452,0.0018251432,1975.0374326705933,-0.0035714712
986.0,679500,312,0.9757787100970745,679500,461.549322,0.7734339,13.657428,0.014133335,453,0.0014859241,1979.8363733291626,-0.0009353858
1378.0,681000,335,0.9855516189709306,681000,693.656207,0.6639044,9.032161,0.016133329,454,0.0017290935,1984.3098170757294,-0.0026585967
1303.0,682500,330,0.5733553767204285,682500,930.890918,0.82517576,384.24597,0.0,455,0.00024412191,1988.8553335666656,-0.00069132284
1500.0,684000,322,0.942148320376873,684000,582.856657,0.7330513,37.29131,0.0134666655,456,0.00084030407,1993.5026819705963,-0.0012516846
1434.0,685500,332,0.9560346454381943,685500,755.70853,0.9186895,21.527803,0.0009333334,457,0.0008351178,1998.009762763977,-0.0012789418
1500.0,687000,330,0.9330296069383621,687000,727.011223,0.9878191,24.53985,0.0,458,0.00016578249,2002.5529403686523,-0.00051309646
1011.0,688500,337,0.9723861403763294,688500,616.939764,0.79549927,15.93591,0.04726664,459,0.0033118206,2006.9959127902985,-0.0026000417
1436.0,690000,306,0.9756676070392132,690000,749.948047,0.8893646,12.245231,0.024799995,460,0.002965633,2011.889238357544,-0.0039228047
1341.0,691500,339,0.9364696145057678,691500,366.24716,0.8889782,35.91873,0.024333322,461,0.0024421236,2016.3120856285095,-0.0023848624
1435.0,693000,337,0.9428396597504616,693000,469.108561,0.9943126,29.76626,0.02653333,462,0.002739986,2020.7576456069946,-0.0034226305
1500.0,694500,342,0.9260448962450027,694500,757.391874,0.8296836,31.49597,0.0,463,0.0004864456,2025.1356971263885,-0.00091162254
1500.0,696000,338,0.914205014705658,696000,625.735481,0.7870533,40.304016,0.03213332,464,0.0024314588,2029.56765127182,-0.0035218743
1500.0,697500,335,0.9145382717251778,697500,557.726625,0.85140795,31.071821,0.0032,465,0.00078771403,2034.034039258957,-0.0009138161
1500.0,699000,327,0.9312087818980217,699000,698.366921,0.8166449,29.297867,0.04206665,466,0.0025745786,2038.6203033924103,-0.002663991
1469.0,700500,349,0.19705665111541748,700500,1605.246418,0.856139,1928.6796,0.037399996,467,0.0023392255,2042.9152011871338,-0.0007015398
1500.0,702000,299,0.9108743369579315,702000,847.947868,0.7978508,39.878826,0.016,468,0.0012543746,2047.9174404144287,-0.0016830711
1363.0,703500,325,0.956789243966341,703500,667.505669,0.9384264,20.03727,0.0033999998,469,0.0012038957,2052.5201737880707,-0.0016395529
1500.0,705000,328,0.9450130239129066,705000,544.209617,0.9356848,25.908943,0.0,470,0.00047834183,2057.0870699882507,-0.0016129295
1009.0,706500,302,0.9094691723585129,706500,574.18276,0.60276294,46.668476,0.008133334,471,0.0012495097,2062.053489923477,-0.0036838439
1357.0,708000,308,0.9400686174631119,708000,572.367651,0.7408681,34.19558,0.0,472,0.00050325895,2066.9127628803253,-0.0010494647
1338.0,709500,320,0.9679445996880531,709500,673.503599,0.9375724,17.13261,0.040933333,473,0.0040050973,2071.5928497314453,-0.0019740104
1500.0,711000,324,0.9396162815392017,711000,718.39564,0.9632271,22.241552,0.011733333,474,0.0020515993,2076.221272945404,-0.00155802
1341.0,712500,336,0.3862508535385132,712500,1420.702184,0.7371475,1103.479,0.03139999,475,0.0023125508,2080.6857550144196,-0.0009059169
1500.0,714000,323,0.9503123350441456,714000,778.854632,0.88524795,19.80623,0.021466661,476,0.0025924211,2085.328666448593,-0.0054454925
1287.0,715500,314,0.9355761557817459,715500,612.949415,0.7298042,26.175718,0.028933337,477,0.0019081497,2090.099938392639,-0.0019941344
1232.0,717000,315,0.9574436284601688,717000,811.284112,0.94752365,28.816807,0.018733334,478,0.001864546,2094.8508715629578,-0.0002455869
1500.0,718500,304,0.9038197100162506,718500,829.751532,0.77248764,38.469276,0.0,479,0.00026584812,2099.777772665024,-0.0006268445
929.0,720000,287,0.9585402011871338,720000,484.780814,0.5291411,20.909609,0.002,480,0.0006099319,2105.0006515979767,-0.0010974675
1500.0,721500,312,0.9466938078403473,721500,761.145967,0.668671,23.069258,0.006933332,481,0.0009772449,2109.8070244789124,-0.0011489247
659.0,723000,307,0.9360761195421219,723000,186.939642,0.5088611,28.563547,0.011866664,482,0.0011701473,2114.6931879520416,-0.0029744997
1206.0,724500,331,0.93063934892416,724500,708.72101,0.7155255,43.795364,0.0052666664,483,0.0010088356,2119.2203142642975,-0.0015270016
1500.0,726000,325,0.9399436600506306,726000,725.564014,0.9372578,24.776897,0.008999996,484,0.0017983649,2123.8273434638977,-0.0020677764
880.0,727500,324,0.944566123187542,727500,317.92145,0.89422506,26.637278,0.015533332,485,0.0021941932,2128.4443962574005,-0.0020254562
1301.0,729000,310,0.7970592826604843,729000,819.614636,0.79090154,151.70663,0.050266646,486,0.0035018227,2133.2812008857727,-0.0051773246
1423.0,730500,335,0.39315587282180786,730500,1455.884964,0.85429156,1227.9104,0.08393329,487,0.004919829,2137.7572815418243,-0.0031152712
639.0,732000,337,0.9933768091723323,732000,150.284287,0.62066597,3.2019846,0.013066663,488,0.0019947973,2142.2083830833435,-0.0017000851
1021.0,733500,309,0.9439814910292625,733500,520.176833,0.57771164,37.11235,0.020066662,489,0.0017399485,2147.054359436035,-0.0018916696
1487.0,735000,317,0.9675402082502842,735000,779.511837,0.8298864,16.673695,0.042266652,490,0.0034049863,2151.7746160030365,-0.00459678
714.0,736500,299,0.014885663986206055,736500,9193.851372,0.7553085,233211.95,0.012066667,491,0.0013296102,2156.7898008823395,-0.0009935102
1239.0,738000,328,0.9773797802627087,738000,652.361539,0.75469327,14.362051,0.0067333323,492,0.0018766667,2161.3599791526794,-0.0017759037
655.0,739500,310,0.9426228515803814,739500,88.922017,0.51956785,26.966328,0.012733331,493,0.0013653609,2166.1857800483704,-0.0023727198
989.0,741000,328,0.5481429994106293,741000,890.724012,0.55758893,497.19424,0.005466666,494,0.00048482753,2170.7460935115814,-0.00066672044
851.0,742500,307,0.9463498666882515,742500,279.667858,0.51536226,29.135727,0.0021333331,495,0.0006880223,2175.6284058094025,-0.0012325582
715.0,744000,306,0.9488917924463749,744000,171.274053,0.48935276,24.829662,0.03633331,496,0.0033273562,2180.5298936367035,-0.006616671
1156.0,745500,300,0.8980269059538841,745500,543.068633,0.77440315,78.44005,0.0,497,0.00034075533,2185.519902944565,-0.0008672334
716.0,747000,305,0.9854336511343718,747000,262.36257,0.46469814,6.547451,0.01753333,498,0.001866854,2190.4371757507324,-0.002561058
917.0,748500,337,0.9882728410884738,748500,448.89041,0.62856,5.9978175,0.0023333333,499,0.0008660275,2194.8822395801544,-0.0007729504
1150.0,750000,292,0.025660037994384766,750000,738.800082,0.65356874,141612.25,0.053199973,500,0.005273843,2200.004801750183,-0.005480296
992.0,751500,291,0.9411081001162529,751500,347.671999,0.6237408,30.76271,0.0042666662,501,0.0005579227,2205.1492614746094,-0.00039040536
1434.0,753000,324,0.06301248073577881,753000,2691.33586,0.8251679,10918.731,0.0,502,0.00032742618,2209.7701647281647,-0.0015165566
1245.0,754500,320,0.9556172080338001,754500,610.326585,0.7385313,26.128624,0.04746665,503,0.0034613747,2214.4512856006622,-0.0030192996
781.0,756000,303,0.9905201913788915,756000,337.861801,0.56778795,5.0154657,0.0023333328,504,0.0008711025,2219.39838719368,-0.0011930827
652.0,757500,297,0.9008467718958855,757500,100.384423,0.5166001,55.615555,0.0028666665,505,0.0009136701,2224.4490230083466,-0.0009975933
999.0,759000,290,0.8539343774318695,759000,574.89505,0.6612454,134.38202,0.023933329,506,0.0023068143,2229.6067068576813,-0.0014255685
1071.0,760500,331,0.9506393112242222,760500,529.58005,0.7183533,28.824688,0.012933334,507,0.0018482053,2234.138172149658,-0.0021233098
657.0,762000,305,0.9597848579287529,762000,202.692546,0.5633323,22.482037,0.037266657,508,0.002879234,2239.044614315033,-0.0037483762
979.0,763500,296,0.9773365613073111,763500,480.79034,0.67137206,13.819106,0.011933331,509,0.001234492,2244.10227060318,-0.0023649689
683.0,765000,328,0.9962316395249218,765000,225.130656,0.6113451,2.0320039,0.033999987,510,0.0034626445,2248.6748282909393,-0.0075344914
861.0,766500,313,0.12376540899276733,766500,2201.018095,0.54511887,8727.206,0.0,511,0.00044186666,2253.46328663826,-0.00046243647
944.0,768000,312,0.06590718030929565,768000,449.446647,0.5290147,36869.19,0.080866635,512,0.005651489,2258.258482694626,-0.005541704
1240.0,769500,332,0.9922579382546246,769500,713.549995,0.6834194,3.9304168,0.03613332,513,0.0032817128,2262.7635531425476,-0.0020966968
986.0,771000,307,0.2731485366821289,771000,1322.818015,0.8082374,1995.8978,0.0092,514,0.0013323077,2267.642876148224,-0.0007563103
1294.0,772500,335,0.996574979275465,772500,723.58104,0.71837777,2.3408349,0.03826665,515,0.0032984568,2272.1160480976105,-0.0047478564
823.0,774000,318,0.9429600313305855,774000,309.406752,0.62413687,26.347971,0.01673333,516,0.0015415587,2276.822966814041,-0.0013790514
1452.0,775500,314,0.9717690367251635,775500,877.283446,0.55356985,12.760537,0.0046666665,517,0.00045911677,2281.586282491684,-0.00093390077
1252.0,777000,300,0.9619440771639347,777000,762.799924,0.6826556,23.232615,0.055933304,518,0.003391149,2286.580602645874,-0.0039947233
944.0,778500,319,0.6766409873962402,778500,738.912436,0.4517668,305.18976,0.027799997,519,0.002089871,2291.2763166427612,-0.0016929953
1357.0,780000,281,0.913268156349659,780000,914.15813,0.7474218,58.47025,0.005199999,520,0.0012952032,2296.6134185791016,-0.0021165756
662.0,781500,319,0.9951044647023082,781500,170.638193,0.52883196,2.5569172,0.028399993,521,0.00263426,2301.303388595581,-0.0045617507
1112.0,783000,337,0.9527793750166893,783000,685.746754,0.848754,29.247917,0.0104,522,0.0011436502,2305.749034643173,-0.0011244253
914.0,784500,295,0.013540983200073242,784500,557.320737,0.5806186,70432.64,0.0062666647,523,0.0014263376,2310.8206062316895,-0.0020795611
1438.0,786000,313,0.7916945666074753,786000,1008.002226,0.54529804,125.33416,0.0,524,0.000108033375,2315.604988336563,-3.3837387e-05
939.0,787500,300,0.9613031409680843,787500,499.250656,0.49158746,27.721882,0.015999995,525,0.0014586936,2320.6043741703033,-0.0025043762
899.0,789000,306,0.9697586894035339,789000,521.487792,0.6496363,19.109037,0.015533329,526,0.0028193584,2325.4907705783844,-0.0031102195
929.0,790500,304,0.9869412817060947,790500,439.171357,0.5900096,8.685509,0.0043999995,527,0.000859183,2330.4154300689697,-0.0011532999
780.0,792000,294,0.5392296314239502,792000,754.336492,0.5688106,670.9869,0.0020666667,528,0.0010137269,2335.5132763385773,-0.00042425632
923.0,793500,311,0.959421057254076,793500,274.74643,0.5426339,22.51507,0.011666667,529,0.0015208621,2340.325451374054,-0.0018362338
1089.0,795000,333,0.9802311863750219,795000,344.194573,0.6404419,8.7645035,0.0006000001,530,0.00052466895,2344.8230595588684,-0.0011327675
1014.0,796500,309,0.2339799404144287,796500,1613.40005,0.5477431,3319.4165,0.015999997,531,0.00139846,2349.669256925583,-0.0010405498
908.0,798000,330,0.9958851900883019,798000,393.869237,0.5329533,2.4905212,0.0048,532,0.0014359492,2354.214986562729,-0.0012325805
1176.0,799500,319,0.9640054740011692,799500,495.921045,0.75928956,22.31257,0.029066658,533,0.0019968168,2358.9092769622803,-0.0023575264
1125.0,801000,335,0.37449681758880615,801000,1351.485012,0.57525975,1611.9006,0.01353333,534,0.0018919535,2363.3822436332703,-0.0036421067
1252.0,802500,324,0.9315615743398666,802500,551.822652,0.56375206,30.337986,0.0034666667,535,0.00039047757,2368.006648540497,-0.00066415966
796.0,804000,304,0.6587698459625244,804000,592.173934,0.477894,465.43555,0.015533332,536,0.0011115387,2372.9293820858,-0.0023590196
1133.0,805500,319,0.019842028617858887,805500,8281.023239,0.51596105,169828.98,0.009533331,537,0.0009275448,2377.626618862152,-0.0020889158
754.0,807000,312,0.982489787042141,807000,315.715875,0.52122104,11.496949,0.022933321,538,0.00200691,2382.4206585884094,-0.0022436297
788.0,808500,308,0.9625256732106209,808500,330.316505,0.41429162,23.108437,0.01793333,539,0.0016936007,2387.2811391353607,-0.0032368796
854.0,810000,283,0.9967896228190511,810000,355.524876,0.6915543,1.8839328,0.036266655,540,0.0025015203,2392.5809831619263,-0.0027544182
1088.0,811500,277,0.9929341776296496,811500,488.270429,0.60020804,4.995774,0.02433333,541,0.001725532,2397.993509054184,-0.0019061359
855.0,813000,315,0.9633665755391121,813000,285.562986,0.7239834,23.083242,0.0,542,0.0002257242,2402.750491142273,-8.651472e-05
1114.0,814500,309,0.9380320310592651,814500,664.438558,0.6876841,53.987373,0.045733318,543,0.003081265,2407.593726158142,-0.0035788228
1034.0,816000,312,0.967776283621788,816000,600.208894,0.4815062,17.623795,0.04546666,544,0.0031728586,2412.4011664390564,-0.001577908
1083.0,817500,328,0.9748626239597797,817500,452.352696,0.6931958,12.620129,0.018266661,545,0.002126134,2416.9716556072235,-0.0017485131
1500.0,819000,297,0.9331766292452812,819000,565.604813,0.5224255,36.02245,0.01313333,546,0.001392507,2422.021381855011,-0.0013449917
1500.0,820500,313,0.9440306760370731,820500,633.558186,0.49284673,26.647598,0.0112,547,0.0007226944,2426.8114562034607,-0.0013638032
1395.0,822000,325,0.9349858984351158,822000,959.9285,0.554273,32.250435,0.0014666668,548,0.000621972,2431.4193890094757,-0.00056999834
1056.0,823500,299,0.9596593901515007,823500,605.554316,0.57968473,29.42897,0.020333327,549,0.0016111764,2436.4305279254913,-0.001973049
992.0,825000,333,0.9760157261043787,825000,583.705566,0.5646577,12.00099,0.0036000002,550,0.00072521495,2440.9304389953613,-0.0005820651
1396.0,826500,318,0.9860841343179345,826500,742.112354,0.53560245,6.9747243,0.0,551,0.00028412315,2445.64137506485,-0.00047978072
1500.0,828000,324,0.9284572601318359,828000,601.10678,0.5429352,41.293716,0.0,552,0.00022042144,2450.26021361351,-0.00044134117
1038.0,829500,312,0.4759284257888794,829500,1144.754904,0.6890625,1172.109,0.0,553,0.000683194,2455.060922384262,-7.878212e-05
1184.0,831000,322,0.9039063006639481,831000,672.112406,0.50546,49.00425,0.0070666657,554,0.0008478103,2459.719378709793,-0.00131775
1440.0,832500,324,0.12206846475601196,832500,2078.714549,0.5247975,5444.5024,0.0,555,0.00012177504,2464.3398139476776,-0.00041061096
966.0,834000,303,0.5389534831047058,834000,526.632288,0.4814884,685.635,0.020066667,556,0.0016261011,2469.285429239273,-0.00092721643
878.0,835500,315,0.9565906636416912,835500,379.826948,0.53294075,21.965715,0.0007333334,557,0.0006231302,2474.0477056503296,-0.00032901007
930.0,837000,303,0.9899759283289313,837000,454.928037,0.48711133,7.697224,0.005533332,558,0.0010686376,2478.9915544986725,-0.0024201327
938.0,838500,298,0.9760835375636816,838500,317.998189,0.71664506,13.484254,0.0,559,0.00063815695,2484.021459341049,-0.0010310928
1500.0,840000,322,0.9444186836481094,840000,761.396199,0.46485183,26.449097,0.0106666675,560,0.0010789024,2488.6801981925964,-0.0017640579
1092.0,841500,332,0.9598555825650692,841500,439.509313,0.61133873,23.021885,0.03739999,561,0.0029952899,2493.1923015117645,-0.002551149
1500.0,843000,327,0.9402783364057541,843000,744.467505,0.5180051,34.022987,0.016999995,562,0.0017648442,2497.7757501602173,-0.0013781914
1001.0,844500,328,0.3767099976539612,844500,1081.688071,0.54011434,1049.7847,0.0114,563,0.0013109398,2502.341403722763,-0.0008936074
1486.0,846000,333,0.27215176820755005,846000,1462.376887,0.4841925,1660.8031,0.003133333,564,0.00049402437,2506.841972589493,-0.00071583054
597.0,847500,316,0.9630432464182377,847500,0.0,0.39848992,18.509699,0.0031999997,565,0.0005517108,2511.576385974884,-0.0012961603
1121.0,849000,300,0.973363833501935,849000,584.64442,0.4231886,20.040215,0.014399994,566,0.0012368602,2516.5634717941284,-0.0026837187
983.0,850500,301,0.8247444927692413,850500,500.75548,0.64750314,150.7747,0.012066666,567,0.0021466685,2521.5431201457977,-0.0023022662
778.0,852000,325,0.9838129002600908,852000,378.787466,0.51115507,9.603592,0.060066633,568,0.0043085804,2526.158192396164,-0.0064309807
844.0,853500,311,0.9752500299364328,853500,307.973344,0.43410903,15.055331,0.015933327,569,0.0012775233,2530.9769535064697,-0.004852468
849.0,855000,300,0.9656228236854076,855000,349.752943,0.51074934,19.867376,0.08146664,570,0.0045779045,2535.9677793979645,-0.006338765
592.0,856500,307,0.4388278126716614,856500,92.151047,0.4074627,1051.7043,0.0,571,0.00028866038,2540.8387694358826,-0.0005916849
820.0,858000,298,0.917871817946434,858000,278.548241,0.4407059,35.11896,0.0013333334,572,0.00047756426,2545.8564717769623,-0.0007320523
713.0,859500,316,0.020686984062194824,859500,209.977417,0.415638,267538.12,0.0118666645,573,0.0015700874,2550.5928168296814,-0.0012671187
600.0,861000,318,0.9220874011516571,861000,39.372011,0.30834523,20.901333,0.0064666662,574,0.00070504134,2555.308268547058,-0.00072530075
784.0,862500,304,0.9315476343035698,862500,440.2722,0.3764236,47.338047,0.029466653,575,0.0019577937,2560.240296602249,-0.003909273
770.0,864000,298,0.99341921787709,864000,289.870205,0.45610443,3.1203208,0.025133323,576,0.002138145,2565.2731647491455,-0.004209779
597.0,865500,289,0.9223497435450554,865500,21.242068,0.415028,29.285002,0.00013333333,577,0.00044585954,2570.4581344127655,-0.0008171764
614.0,867000,314,0.8300503492355347,867000,27.300968,0.33753318,33.919212,0.041133318,578,0.0034467734,2575.223323583603,-0.0036683092
813.0,868500,314,0.9856352740898728,868500,244.139805,0.4099019,6.2408504,0.0,579,8.65929e-05,2579.996771335602,3.473192e-05
783.0,870000,309,0.9885916719213128,870000,273.800568,0.46637213,5.675796,0.010866667,580,0.001621555,2584.840562105179,-0.0017756105
840.0,871500,319,0.9199064671993256,871500,140.040378,0.39873052,29.13607,6.666667e-05,581,0.00029854977,2589.5427124500275,-0.0004787341
890.0,873000,306,0.06159675121307373,873000,4059.975404,0.4609389,38033.75,0.021933332,582,0.0017597632,2594.4346561431885,-0.0034107112
805.0,874500,292,0.8603530824184418,874500,254.473141,0.3812325,103.446594,0.0,583,0.00020193157,2599.559227705002,-0.0005660157
577.0,876000,297,0.8928958177566528,876000,38.620837,0.45417786,36.48225,0.025733324,584,0.0021793984,2604.6007001399994,-0.005137044
1261.0,877500,305,0.9552882611751556,877500,591.298735,0.6208738,27.305017,0.078333296,585,0.007085917,2609.512157678604,-0.0060660755
1073.0,879000,321,0.7161526381969452,879000,884.701035,0.45292416,290.94745,0.021999998,586,0.0017332883,2614.181843519211,-0.0019124119
843.0,880500,301,0.9094246849417686,880500,245.603737,0.48996326,49.83322,0.032599982,587,0.0027017242,2619.153152704239,-0.0043678684
1500.0,882000,314,0.9549385569989681,882000,693.07088,0.47473994,28.256014,0.0,588,0.00017403743,2623.92231464386,-0.00020413061
838.0,883500,306,0.9406246580183506,883500,104.182619,0.5355044,30.959427,0.0007333333,589,0.00046117307,2628.815195798874,-0.001567253
844.0,885000,329,0.4090108871459961,885000,982.411691,0.5373257,1184.724,0.023266662,590,0.0021366694,2633.3705825805664,-0.0039534466
750.0,886500,306,0.9333520457148552,886500,204.510822,0.50284123,35.864254,0.011199999,591,0.0015941875,2638.270904302597,-0.00053857634
749.0,888000,284,0.9416150152683258,888000,336.125414,0.46382046,35.52551,0.0,592,8.702293e-05,2643.550158262253,-0.00034239015
765.0,889500,324,0.9447639472782612,889500,137.271052,0.37342075,26.331732,0.0022666664,593,0.0005378884,2648.1686193943024,-0.0006291129
1110.0,891000,304,0.9180808290839195,891000,568.803371,0.54550135,49.205257,0.0,594,0.0005237012,2653.0991706848145,-0.0006082801
963.0,892500,323,0.5322748720645905,892500,939.726915,0.44944653,695.90466,0.0091333315,595,0.0012763148,2657.741929769516,-0.0015035564
866.0,894000,298,0.9523071013391018,894000,309.152473,0.4916009,24.878506,0.025733327,596,0.002215514,2662.7627766132355,-0.0017318401
875.0,895500,317,0.9162314087152481,895500,60.096862,0.45299125,48.7714,0.009333331,597,0.0010688104,2667.489953517914,-0.00223617
889.0,897000,334,0.885555125772953,897000,93.754717,0.4504583,44.342216,0.0,598,0.00041660777,2671.968034029007,0.00060416345
778.0,898500,342,0.8947794213891029,898500,155.137344,0.38691905,52.48582,0.009866668,599,0.0008839533,2676.3529942035675,-0.0027856687
953.0,900000,349,0.9307952895760536,900000,4.782178,0.3896344,22.881096,0.022599995,600,0.0019527193,2680.649740219116,-0.0021294043
876.0,901500,325,0.986059763468802,901500,32.149195,0.38195023,6.1187224,0.009999998,601,0.0013061925,2685.2627277374268,-0.0020449744
888.0,903000,352,0.3392692804336548,903000,1125.237295,0.4090408,1846.1285,0.0017333335,602,0.00030998024,2689.5218036174774,-0.0009941007
735.0,904500,328,0.9691117480397224,904500,265.223972,0.34478745,10.910667,0.016733332,603,0.0015940829,2694.0896332263947,-0.0020193656
803.0,906000,342,0.9455533288419247,906000,94.875392,0.411535,25.478779,0.010399998,604,0.0012391955,2698.4741003513336,-0.003902667
661.0,907500,321,0.8966625705361366,907500,120.190058,0.3531728,44.061,0.020866659,605,0.0019625865,2703.1384921073914,-0.0033245804
730.0,909000,348,0.9907884076237679,909000,288.408257,0.3103319,5.104328,0.01353333,606,0.0013175792,2707.4414224624634,-0.0018922802
887.0,910500,352,0.8205987364053726,910500,452.055338,0.51849616,137.16635,0.014199996,607,0.0014881116,2711.698637485504,-0.0021302758
780.0,912000,350,0.7637500762939453,912000,640.122015,0.43757457,193.61598,0.007133331,608,0.0010197321,2715.9790880680084,-0.0028200275
883.0,913500,339,0.9828675277531147,913500,50.280519,0.43208945,7.409535,0.031133318,609,0.0024101092,2720.398530483246,-0.0031752766
944.0,915000,373,0.919774554669857,915000,3.94514,0.3578513,13.883867,0.003466666,610,0.00055826444,2724.412603378296,-0.0017640241
874.0,916500,337,0.962582167237997,916500,19.081723,0.38369372,11.35883,0.021066658,611,0.001863769,2728.856908082962,-0.0023778784
737.0,918000,324,0.8439902663230896,918000,343.347069,0.34201556,86.780075,0.031866655,612,0.0025433544,2733.473204135895,-0.00534158
557.0,919500,357,0.9647799134254456,919500,3.283343,0.17835167,10.574226,0.0036666668,613,0.00037935626,2737.6681578159332,-0.0013143225
776.0,921000,348,0.9619905725121498,921000,349.074752,0.4055363,20.710638,0.0,614,0.00034299018,2741.975309610367,-0.00031088936
640.0,922500,338,0.8882192447781563,922500,107.081871,0.34590256,43.86187,0.006866665,615,0.0009197912,2746.408898115158,-0.0011830236
875.0,924000,350,0.8661907613277435,924000,367.875213,0.6279431,85.61155,0.027266663,616,0.0020006814,2750.690551996231,-0.0020154445
1004.0,925500,379,0.9548332542181015,925500,602.32238,0.4150544,30.288286,0.011199999,617,0.0012946619,2754.639042854309,-0.0012969635
607.0,927000,353,0.8953639417886734,927000,22.548598,0.35688663,19.981789,0.007666665,618,0.0009173226,2758.8829684257507,-0.0016028779
894.0,928500,351,0.32329386472702026,928500,11.937724,0.2803228,174.05833,0.022799991,619,0.0019086221,2763.1567165851593,-0.0019989873
