total_timesteps,eprewmean,approxkl,value_loss,serial_timesteps,explained_variance,policy_loss,fps,eplenmean,time_elapsed,nupdates,policy_entropy,clipfrac
1500,291.0,5.864122e-05,53.837822,1500,0.8683473765850067,-0.00027841466,348,1500.0,4.298151969909668,1,1.074367,0.0
3000,327.0,1.7905531e-05,42.947968,3000,0.8922176286578178,-0.0001868261,343,1500.0,8.67575216293335,2,1.0167096,0.0
4500,267.6666666666667,0.00013266389,55.13124,4500,0.8827345594763756,-0.0007475429,365,1500.0,12.77633786201477,3,1.0272219,0.0
6000,357.75,1.6744554e-05,29.791199,6000,0.9479812197387218,-0.0002719072,350,1500.0,17.060004949569702,4,1.0207392,0.0
7500,334.0,5.7734156e-05,29.695816,7500,0.9463076218962669,-0.00062394055,352,1436.4,21.309759616851807,5,0.7072515,0.0
9000,322.1666666666667,3.9046427e-05,50.930058,9000,0.9007370918989182,-0.00019758538,347,1447.0,25.625404834747314,6,1.039706,0.0
10500,344.2857142857143,7.412033e-05,37.326286,10500,0.9378666952252388,-0.00065741944,355,1454.5714285714287,29.846928358078003,7,0.98790085,0.0
12000,376.0,2.8473576e-05,26.818727,12000,0.9436971582472324,-0.00029402625,356,1452.875,34.057982444763184,8,0.9990256,0.0
13500,360.8888888888889,6.0159415e-05,54.02043,13500,0.8762464746832848,-0.00042283826,366,1458.111111111111,38.14649248123169,9,1.029514,0.0
15000,344.1,0.00011349271,45.251156,15000,0.9039087146520615,-0.0003869547,372,1462.3,42.17425012588501,10,1.0215933,0.0
16500,324.54545454545456,0.0005264493,55.334087,16500,0.9074588641524315,-0.0028704521,376,1465.7272727272727,46.16372799873352,11,1.0717361,0.0
18000,339.0,1.0691058e-05,27.054537,18000,0.9424126818776131,9.294041e-05,377,1456.25,50.13859724998474,12,0.89032197,0.0
19500,336.46153846153845,2.9455381e-05,42.590946,19500,0.8817195817828178,-0.00022031607,362,1459.6153846153845,54.27288365364075,13,1.0702066,0.0
21000,343.85714285714283,2.4395871e-05,32.76689,21000,0.9368882104754448,-0.0002846558,372,1462.5,58.30513596534729,14,1.0214207,0.0
22500,346.06666666666666,5.9670416e-05,37.179825,22500,0.9161037281155586,-0.00064973667,366,1465.0,62.39628982543945,15,0.9491153,0.0
24000,368.5625,3.3979354e-06,27.386154,24000,0.9207024052739143,-7.707074e-05,393,1467.1875,66.20979380607605,16,1.0167356,0.0
25500,386.94117647058823,3.130821e-05,28.129667,25500,0.9189894869923592,-0.00044560377,392,1469.1176470588234,70.03431630134583,17,1.0261457,0.0
27000,394.0,4.272047e-06,30.845125,27000,0.9412736967206001,-0.0001505067,384,1470.8333333333333,73.93976020812988,18,1.0148786,0.0
28500,398.0,3.6916295e-05,36.28736,28500,0.9175814986228943,-0.00038677984,390,1472.3684210526317,77.78260922431946,19,1.0312068,0.0
30000,409.6,3.2864216e-05,27.067055,30000,0.9482503645122051,-0.0002442558,387,1473.75,81.6514744758606,20,1.00545,0.0
31500,406.76190476190476,2.0799795e-05,37.435055,31500,0.9425403997302055,-0.00028473948,389,1475.0,85.50780606269836,21,0.9682705,0.0
33000,406.04545454545456,8.855135e-06,40.828823,33000,0.9080960676074028,-0.000125517,389,1469.1363636363637,89.36441922187805,22,0.98737365,0.0
34500,418.69565217391306,3.139771e-05,26.44064,34500,0.9184557273983955,-0.00028891506,386,1470.4782608695652,93.2462227344513,23,1.0365297,0.0
36000,423.0416666666667,4.9211107e-05,34.24705,36000,0.8994340822100639,-0.000407705,376,1471.7083333333333,97.23140263557434,24,1.0438669,0.0
37500,436.52,3.5879715e-05,29.013037,37500,0.9063067957758904,-0.00016514682,382,1472.84,101.15490412712097,25,1.057391,0.0
39000,450.65384615384613,6.839661e-05,19.8666,39000,0.9629491791129112,-0.0009686789,387,1473.8846153846155,105.02613568305969,26,1.0272762,0.0
40500,452.7037037037037,3.0197316e-06,33.65633,40500,0.944398820400238,-3.580239e-05,376,1470.962962962963,109.00689458847046,27,1.0254916,0.0
42000,449.9642857142857,2.55048e-06,32.343586,42000,0.9513663686811924,-3.8383758e-05,385,1463.107142857143,112.90293383598328,28,0.9703024,0.0
43500,448.41379310344826,1.223679e-05,25.645851,43500,0.9569439701735973,-8.9261615e-05,386,1459.344827586207,116.78799819946289,29,0.93031126,0.0
45000,442.06451612903226,5.452875e-05,31.306126,45000,0.9521698988974094,-0.0004681852,357,1446.258064516129,120.98503088951111,30,0.7959111,0.0
46500,453.71875,9.251511e-05,25.050743,46500,0.9316770806908607,-0.00060803513,390,1447.9375,124.82353806495667,31,1.039415,0.0
48000,460.8484848484849,3.7142006e-05,28.381554,48000,0.9213975071907043,-0.00021969361,392,1449.5151515151515,128.65063381195068,32,0.9912739,0.0
49500,472.29411764705884,0.00015823555,22.864712,49500,0.9412676766514778,-0.0006928082,372,1451.0,132.6824471950531,33,1.0225519,0.0
51000,480.0857142857143,0.00015710676,29.174335,51000,0.9036730006337166,-0.0008005996,384,1452.4,136.58312702178955,34,1.0987561,0.0
52500,477.5,4.667993e-05,23.384905,52500,0.9546621181070805,-0.0002844451,388,1445.4444444444443,140.44407176971436,35,0.7206535,0.0
54000,484.97297297297297,4.6279416e-05,26.094227,54000,0.9199735298752785,-0.0003638143,375,1446.918918918919,144.4365611076355,36,1.0207295,0.0
55500,478.6578947368421,6.7613296e-06,29.273968,55500,0.9131313115358353,-3.772825e-05,388,1433.5,148.29754304885864,37,0.9880646,0.0
57000,488.0769230769231,1.3938294e-05,25.311638,57000,0.9228295385837555,-0.00011420007,379,1434.6410256410256,152.24918389320374,38,1.1064324,0.0
58500,497.75,5.156713e-05,22.55324,58500,0.937938392162323,-0.0003105795,386,1436.275,156.13418555259705,39,1.0253072,0.0
60000,507.4390243902439,9.737538e-06,22.524979,60000,0.947875052690506,-0.00012164777,387,1437.8292682926829,160.00297951698303,40,0.99024653,0.0
61500,515.3333333333334,3.0810315e-05,23.43408,61500,0.9337511584162712,-0.00025595204,381,1439.3095238095239,163.93684148788452,41,1.0711436,0.0
63000,525.2325581395348,1.7214858e-05,24.819893,63000,0.9501804821193218,-0.00017026845,387,1440.7209302325582,167.8082947731018,42,1.0232291,0.0
64500,517.3555555555556,5.9928407e-06,44.188744,64500,0.9329301714897156,-4.5264685e-05,357,1429.8,172.00218224525452,43,0.85281664,0.0
66000,509.5217391304348,1.1745327e-05,23.64256,66000,0.9447504356503487,-0.00013810526,391,1419.0,175.8380365371704,44,0.6259435,0.0
67500,508.2340425531915,4.675091e-05,22.007383,67500,0.9436674267053604,-0.00033584636,382,1415.7659574468084,179.75789952278137,45,1.0214343,0.0
69000,516.5,1.456436e-05,25.361397,69000,0.9328808858990669,1.921133e-05,377,1417.5208333333333,183.72775292396545,46,1.0672318,0.0
70500,522.0816326530612,3.8252624e-06,27.751629,70500,0.9441824592649937,-6.0638595e-05,373,1419.204081632653,187.74150681495667,47,0.97550344,0.0
72000,522.84,1.18300195e-05,24.82202,72000,0.9373388886451721,-0.00019315536,388,1420.82,191.60688471794128,48,1.1125436,0.0
73500,529.2549019607843,3.4181896e-05,29.688078,73500,0.9438590556383133,-0.00026792035,377,1422.3725490196077,195.57738828659058,49,1.0074675,0.0
75000,528.5961538461538,3.517589e-05,27.889875,75000,0.9536191038787365,-0.00026300066,374,1422.826923076923,199.5849630832672,50,0.97011286,0.0
76500,516.9629629629629,2.2443113e-05,40.164207,76500,0.9317403435707092,-0.00014598461,350,1411.0740740740741,203.86380076408386,51,0.7143571,0.0
78000,510.7818181818182,4.706632e-05,29.856932,78000,0.9404180832207203,-0.000240882,386,1406.8545454545454,207.74638056755066,52,0.73545504,0.0
79500,506.625,3.7289535e-06,30.80468,79500,0.9271780401468277,-0.00023380472,384,1403.3035714285713,211.64812517166138,53,0.9662236,0.0
81000,512.9473684210526,1.0044863e-05,22.651724,81000,0.9570289365947247,-0.00024839875,372,1405.0,215.67460179328918,54,0.94896585,0.0
82500,511.94827586206895,1.2303367e-06,31.520937,82500,0.9485150650143623,-2.2149841e-05,362,1404.344827586207,219.81774187088013,55,0.96912557,0.0
84000,507.23333333333335,0.00013111316,40.200996,84000,0.9330298155546188,-0.0012247898,334,1399.5333333333333,224.3027904033661,56,1.0162307,0.0
85500,507.6885245901639,2.9423638e-05,23.49476,85500,0.9642318934202194,-0.00018602703,344,1398.5245901639344,228.65787386894226,57,0.8320015,0.0
87000,512.0806451612904,2.2910146e-05,24.905989,87000,0.9419586583971977,-0.00023057693,386,1400.1612903225807,232.53622770309448,58,1.0300634,0.0
88500,513.6825396825396,7.78118e-05,36.171803,88500,0.8950746133923531,-0.00031941966,371,1401.7460317460318,236.57410645484924,59,1.0595261,0.0
90000,518.1875,5.7968777e-05,25.165752,90000,0.9434625059366226,-0.00037189477,382,1403.28125,240.4979372024536,60,0.9948008,0.0
91500,518.0,1.44508285e-05,25.450512,91500,0.9623555056750774,-0.00017414284,382,1402.753846153846,244.41542220115662,61,0.84770375,0.0
93000,513.3939393939394,1.9849927e-05,28.8343,93000,0.941191665828228,-0.00017400018,370,1396.8484848484848,248.4645276069641,62,0.7987723,0.0
94500,511.8955223880597,4.3867356e-05,27.092867,94500,0.9383049160242081,-0.00041499615,367,1394.2089552238806,252.5413613319397,63,1.0725359,0.0
96000,516.3970588235294,1.0383744e-05,22.941416,96000,0.9453970044851303,-3.5130593e-05,364,1395.764705882353,256.65858483314514,64,1.0678633,0.0
97500,521.9130434782609,1.1989352e-05,22.106628,97500,0.960911750793457,-0.0001713093,379,1397.2753623188405,260.6136951446533,65,0.9800917,0.0
99000,520.2142857142857,7.3693474e-05,25.878384,99000,0.9401084072887897,-0.0006834513,366,1395.0714285714287,264.71166038513184,66,1.0674537,0.0
100500,520.8333333333334,9.927476e-06,45.31937,100500,0.9204136431217194,-0.00017744102,312,1393.1805555555557,269.5129232406616,67,0.7984241,0.0
102000,520.6712328767123,6.322085e-05,31.253206,102000,0.9468441270291805,-0.00042171087,359,1394.6438356164383,273.6835858821869,68,1.0445828,0.0
103500,519.1756756756756,5.3330226e-05,31.79152,103500,0.9491346068680286,-0.00048049854,370,1395.8783783783783,277.7361798286438,69,0.9447682,0.0
105000,516.3866666666667,6.732229e-05,29.208128,105000,0.9409375414252281,-0.00036304566,371,1394.7066666666667,281.778621673584,70,0.8934732,0.0
106500,521.0,0.000150338,25.587156,106500,0.9496808983385563,-0.0006911741,381,1396.092105263158,285.7111852169037,71,1.0849189,0.0
108000,516.6363636363636,1.4374654e-06,31.02408,108000,0.9355379343032837,-2.1344184e-05,380,1390.3896103896104,289.65698432922363,72,0.834556,0.0
109500,515.2692307692307,1.673592e-06,26.413685,109500,0.9572501368820667,-5.4575685e-05,389,1389.6410256410256,293.5083706378937,73,0.9776958,0.0
111000,513.0506329113924,4.7352205e-06,27.584295,111000,0.9312737286090851,-9.1291375e-05,389,1387.126582278481,297.3550989627838,74,1.0794636,0.0
112500,516.2625,0.0003408034,22.775217,112500,0.9444356746971607,-0.0016370529,376,1388.5375,301.34195613861084,75,1.0704814,0.0
114000,518.0487804878048,1.9238794e-06,39.23211,114000,0.9332555308938026,-2.492623e-05,356,1387.7560975609756,305.55272579193115,76,0.76787317,0.0
115500,517.3373493975904,2.2328726e-05,23.437395,115500,0.9623307250440121,-0.0001406575,388,1386.1566265060242,309.41898345947266,77,0.81126094,0.0
117000,516.0357142857143,1.8817707e-05,30.536528,117000,0.9297904595732689,-0.00025912712,372,1384.857142857143,313.44468116760254,78,0.99973303,0.0
118500,520.6941176470589,0.00042500754,23.205517,118500,0.9513595066964626,-0.0016144147,386,1386.2117647058824,317.322909116745,79,1.0277925,0.0
120000,523.7441860465116,0.00018135711,21.38152,120000,0.9674640037119389,-0.0009840243,379,1387.5348837209303,321.28002190589905,80,0.9799745,0.0
121500,519.9770114942529,1.43489415e-05,36.788754,121500,0.9300473630428314,-0.0001462373,384,1386.4367816091954,325.1854798793793,81,0.9545825,0.0
123000,517.2613636363636,3.4856346e-06,26.094263,123000,0.9438316524028778,-8.5942615e-05,385,1384.090909090909,329.0803723335266,82,1.048084,0.0
124500,520.6404494382023,4.2211384e-05,25.053328,124500,0.9462663270533085,-0.00024736975,382,1385.3932584269662,332.9997806549072,83,1.0119253,0.0
126000,523.2444444444444,0.0001405493,24.096813,126000,0.9608682729303837,-0.00079946505,385,1386.6666666666667,336.8885464668274,84,0.98244387,0.0
127500,522.8791208791209,4.689604e-05,30.045033,127500,0.9236510545015335,-0.00031054055,387,1386.901098901099,340.75744676589966,85,1.107361,0.0
129000,525.6739130434783,4.880278e-05,25.024681,129000,0.9437167793512344,-0.0002921836,379,1388.1304347826087,344.7134988307953,86,1.0066369,0.0
130500,527.8387096774194,8.4535575e-05,26.944952,130500,0.9359185621142387,-0.00045205146,383,1389.3333333333333,348.6258010864258,87,1.0664873,0.0
132000,528.0947368421052,1.344689e-05,44.007896,132000,0.9113084226846695,-0.00014548215,341,1387.9473684210527,353.0202808380127,88,0.95129466,0.0
133500,531.21875,0.00027829042,24.655508,133500,0.9500405937433243,-0.0014025387,374,1389.1145833333333,357.02861738204956,89,1.0194207,0.0
135000,531.659793814433,0.00015229921,24.57385,135000,0.9573655985295773,-0.0007449629,377,1390.2577319587629,361.0046634674072,90,1.0264168,0.0
136500,531.2551020408164,7.7099985e-06,27.891655,136500,0.949882872402668,-8.533731e-06,382,1390.3367346938776,364.92888283729553,91,0.9320668,0.0
138000,532.5050505050505,0.00015203215,19.473152,138000,0.9548168033361435,-0.0009998946,382,1388.4040404040404,368.84992814064026,92,0.8414232,0.0
139500,527.11,6.343189e-05,44.76556,139500,0.9188019931316376,-0.0007028875,337,1379.03,373.291232585907,93,0.78918374,0.0
141000,524.38,0.00029214294,35.827084,141000,0.9208252280950546,-0.0014021428,389,1376.8,377.144504070282,94,0.8328808,0.0002
142500,530.2,2.4690802e-05,26.689856,142500,0.9491616860032082,-0.00013452228,389,1376.8,380.9918797016144,95,0.9946742,0.0
144000,528.36,7.2182156e-06,32.47193,144000,0.9391552545130253,-0.00013782599,387,1376.04,384.8663589954376,96,0.9767959,0.0
145500,530.03,1.1547759e-05,24.496183,145500,0.9533091709017754,-8.6579326e-05,386,1377.87,388.74359941482544,97,0.9065236,0.0
147000,532.58,5.5827836e-06,25.03363,147000,0.955199096351862,-9.3479684e-05,362,1376.4,392.88487482070923,98,0.96929526,0.0
148500,532.28,9.108314e-05,28.072565,148500,0.9449512623250484,-0.0005480658,374,1375.02,396.88826632499695,99,0.99592024,0.0
150000,530.31,0.00012720801,24.479403,150000,0.9583635553717613,-0.0015170205,373,1372.72,400.9025411605835,100,1.044571,0.0
151500,534.12,4.36752e-05,25.157629,151500,0.9573770277202129,-0.00030052612,374,1372.72,404.91173911094666,101,1.0068902,0.0
153000,535.46,1.6263286e-05,28.624395,153000,0.9480143152177334,-3.8737377e-05,379,1369.96,408.86753964424133,102,1.0317723,0.0
154500,539.25,1.1276059e-06,35.27811,154500,0.9437570869922638,1.0402478e-05,352,1369.05,413.1253535747528,103,0.8532634,0.0
156000,545.02,9.987452e-06,25.16574,156000,0.9424981512129307,-0.00010645209,378,1369.05,417.092604637146,104,1.1089911,0.0
157500,542.88,1.2188425e-05,23.878696,157500,0.9407335557043552,-0.00010639319,378,1365.01,421.05996537208557,105,0.6671685,0.0
159000,548.07,0.00019134035,20.260859,159000,0.96003183349967,-0.0009897818,378,1365.01,425.0279686450958,106,1.0044682,0.0
160500,547.16,7.1787974e-05,29.317043,160500,0.9273664802312851,-0.00020415623,336,1362.4,429.4805326461792,107,1.0339543,0.0
162000,548.39,1.04066785e-05,26.106987,162000,0.9385174736380577,-6.875422e-05,368,1362.4,433.5493745803833,108,1.1002027,0.0
163500,551.49,3.1134692e-05,21.105707,163500,0.9688520897179842,-0.00022511357,373,1362.4,437.5717988014221,109,0.9856213,0.0
165000,551.3,6.7466362e-06,31.574017,165000,0.9335176944732666,-0.00012132644,374,1362.4,441.57666420936584,110,1.0251011,0.0
166500,552.7,1.6959058e-05,19.066963,166500,0.9693266209214926,-0.00024164963,369,1362.4,445.6319432258606,111,1.0448036,0.0
168000,555.21,1.2388897e-05,23.765108,168000,0.9574281834065914,-0.00020598699,367,1362.4,449.7189667224884,112,0.9493743,0.0
169500,554.53,2.1036127e-05,33.420563,169500,0.9406697526574135,-0.00020715506,381,1362.2,453.64920020103455,113,0.95542127,0.0
171000,549.73,2.0018399e-05,34.06544,171000,0.9257876053452492,-0.00020570542,387,1361.07,457.51667976379395,114,0.9743312,0.0
172500,550.93,7.543762e-05,28.361225,172500,0.937620684504509,-0.00042127696,390,1361.07,461.35860204696655,115,0.9815691,0.0
174000,550.24,7.673542e-06,20.549118,174000,0.958035122603178,-0.00010482335,391,1361.07,465.18683767318726,116,1.0276104,0.0
175500,547.1,6.1431824e-06,40.435104,175500,0.9293239340186119,-7.857914e-05,347,1357.84,469.506986618042,117,0.95894575,0.0
177000,551.44,8.547812e-05,23.966587,177000,0.9510875642299652,-0.0007000269,390,1360.33,473.35221123695374,118,1.0260377,0.0
178500,555.35,0.00015210955,25.798851,178500,0.9420392103493214,-0.0011112918,370,1361.79,477.3958258628845,119,1.0638899,0.0
180000,555.31,8.089564e-06,24.8549,180000,0.9505101963877678,-0.00012085777,378,1361.31,481.36265754699707,120,0.6198661,0.0
181500,555.97,1.5839581e-05,25.347385,181500,0.958448302000761,-0.00011787273,387,1363.0,485.2322509288788,121,0.9831248,0.0
183000,553.86,8.118664e-05,22.381948,183000,0.9624255076050758,-0.00081098033,377,1362.66,489.2078204154968,122,0.9795824,0.0
184500,549.67,1.6166288e-05,23.116278,184500,0.9502259865403175,-0.00027842599,390,1358.64,493.05433177948,123,0.88484794,0.0
186000,550.51,0.00015003755,21.936657,186000,0.9660644941031933,-0.001318631,373,1358.64,497.0697114467621,124,1.0066856,0.0
187500,543.78,5.0962994e-06,44.707016,187500,0.921310693025589,-4.7165354e-06,334,1353.37,501.5532991886139,125,0.80905694,0.0
189000,537.19,9.6184536e-05,24.050434,189000,0.9375198222696781,-0.0004893567,360,1347.54,505.7134394645691,126,0.61818564,0.0
190500,537.6,0.00017596404,25.508179,190500,0.9550554342567921,-0.0013001341,377,1349.79,509.6871166229248,127,0.9648097,0.0
192000,526.36,1.562751e-05,43.638603,192000,0.9162045121192932,-0.0003019346,352,1344.17,513.9438683986664,128,0.8552774,0.0
193500,526.47,7.819051e-06,24.083471,193500,0.9476471617817879,-8.3048995e-05,373,1344.17,517.9600539207458,129,1.0303246,0.0
195000,523.38,6.983244e-05,21.141169,195000,0.9609761200845242,-0.0006719818,387,1344.17,521.8330335617065,130,1.0491568,0.0
196500,516.88,2.2029195e-05,22.016724,196500,0.95493583381176,-0.0001534567,390,1340.97,525.672425031662,131,0.7473938,0.0
198000,517.24,1.5662074e-05,24.3181,198000,0.9458976089954376,-0.00027778654,375,1340.6,529.6636979579926,132,0.9225129,0.0
199500,520.8,2.5658028e-05,22.580185,199500,0.9632050730288029,-0.00014529616,384,1342.55,533.5698425769806,133,0.9950588,0.0
201000,523.81,1.9675905e-05,23.32174,201000,0.9505563303828239,-0.0001353188,371,1348.22,537.6102063655853,134,0.9911771,0.0
202500,520.02,7.027314e-05,43.683475,202500,0.920885257422924,-0.0004021942,345,1343.04,541.9518558979034,135,0.9228144,0.0
204000,514.02,9.699688e-06,21.225653,204000,0.944333404302597,-0.00015689577,382,1338.94,545.8730435371399,136,0.6351445,0.0
205500,513.42,3.5797224e-05,24.52609,205500,0.9602312594652176,-0.0004443929,387,1335.82,549.7464897632599,137,0.9637907,0.0
207000,509.21,2.0532154e-05,18.943321,207000,0.9593478105962276,-0.0004570407,358,1332.74,553.9261608123779,138,1.0577402,0.0
208500,514.91,4.6627697e-06,34.25523,208500,0.9432970024645329,-0.00013172306,317,1334.33,558.6444931030273,139,0.9420067,0.0
210000,521.45,5.55227e-06,22.848963,210000,0.9524569697678089,-2.3932767e-05,364,1337.99,562.7579276561737,140,1.0857952,0.0
211500,521.31,2.1534375e-05,16.23943,211500,0.946761004626751,-0.00031763315,368,1335.99,566.8262746334076,141,0.52327895,0.0
213000,525.81,7.0146256e-05,24.19983,213000,0.9625806696712971,-0.00037955688,360,1338.13,570.9828646183014,142,0.95849067,0.0
214500,518.66,1.46957755e-05,28.949257,214500,0.9356923848390579,-0.00018959753,363,1332.85,575.1122605800629,143,0.93395066,0.0
216000,520.97,9.296109e-05,20.453028,216000,0.9666880331933498,-0.0005470838,360,1334.18,579.2706303596497,144,1.0002176,0.0
217500,521.38,5.4422662e-06,38.60469,217500,0.9318206310272217,-7.013735e-05,340,1334.92,583.6717443466187,145,0.96954155,0.0
219000,519.84,4.5392793e-05,17.253407,219000,0.9683406092226505,-0.00042206392,379,1333.0,587.6287860870361,146,0.68819153,0.0
220500,513.72,4.535654e-06,22.14358,220500,0.9568188264966011,-8.215601e-05,355,1327.33,591.8474333286285,147,0.7819595,0.0
222000,509.58,8.555551e-05,39.30461,222000,0.9341059550642967,-0.00057037605,334,1320.38,596.3255009651184,148,0.9041562,0.0
223500,509.62,2.83429e-06,23.830769,223500,0.9621901549398899,-2.4205083e-06,347,1319.08,600.642995595932,149,0.79876596,0.0
225000,511.63,9.613826e-06,20.520908,225000,0.9583970382809639,-0.00015989623,366,1321.31,604.741473197937,150,0.8456896,0.0
226500,504.63,3.6406307e-06,40.239376,226500,0.9221256598830223,-4.704979e-05,322,1314.55,609.4001138210297,151,0.9012885,0.0
228000,501.3,2.1398384e-05,20.326828,228000,0.9690101630985737,-0.00020723611,368,1314.55,613.4658319950104,152,0.9686713,0.0
229500,505.96,2.0835483e-05,25.556473,229500,0.9441903792321682,-0.00019154418,338,1317.12,617.901486158371,153,1.0751865,0.0
231000,504.73,9.370613e-06,24.34455,231000,0.9534804560244083,-5.610031e-05,339,1317.12,622.3179750442505,154,0.98907965,0.0
232500,509.56,1.6499936e-05,25.179983,232500,0.952949233353138,-0.00013206134,374,1319.77,626.3281533718109,155,0.89185333,0.0
234000,507.4,4.0929954e-06,20.275114,234000,0.9554745517671108,-5.9635622e-05,369,1315.64,630.3901908397675,156,0.67524374,0.0
235500,511.83,8.7648e-06,21.617271,235500,0.9611540883779526,-0.00010027202,347,1315.78,634.7118620872498,157,1.0313241,0.0
237000,515.75,2.4440747e-05,26.30904,237000,0.9424522630870342,-0.00029639376,352,1317.7,638.964827299118,158,0.96728456,0.0
238500,515.8,2.576506e-05,23.120413,238500,0.9558973051607609,-0.00012415626,336,1317.7,643.4199175834656,159,1.0123034,0.0
240000,522.43,4.9227096e-05,24.068752,240000,0.952248927205801,-0.00048526106,382,1323.13,647.3450961112976,160,1.0347536,0.0
241500,526.69,2.4022944e-05,22.740934,241500,0.9535255171358585,-5.972123e-05,360,1324.81,651.5078806877136,161,1.041301,0.0
243000,532.02,8.65693e-05,22.60882,243000,0.9608769714832306,-0.00047122958,367,1327.9,655.5945317745209,162,1.0042787,0.0
244500,531.94,0.000140369,25.985964,244500,0.9432568103075027,-0.0005820027,357,1327.9,659.7925026416779,163,1.0639892,0.0
246000,533.06,6.8719884e-05,20.154222,246000,0.9762508738785982,-0.0005391278,354,1327.9,664.0287244319916,164,1.0005716,0.0
247500,531.67,4.7885063e-05,28.404749,247500,0.9354643225669861,-0.00032907788,349,1327.78,668.323308467865,165,0.9847829,0.0
249000,531.79,0.00012202653,23.573948,249000,0.956290926784277,-0.0007018995,375,1326.49,672.3160707950592,166,1.0179101,0.0
250500,536.62,0.00013623215,25.279375,250500,0.9510929994285107,-0.0009775213,380,1328.72,676.2630245685577,167,0.9979397,0.0
252000,529.88,8.604011e-05,43.314312,252000,0.9255523458123207,-0.00077293144,354,1323.14,680.4991421699524,168,0.70877767,0.0
253500,535.77,3.7101431e-06,24.872652,253500,0.9528138898313046,-7.470562e-06,391,1325.22,684.332855463028,169,1.0017662,0.0
255000,538.51,5.202359e-05,27.078926,255000,0.938021507114172,-0.00047140205,380,1324.59,688.2763447761536,170,0.87769216,0.0
256500,537.68,7.34481e-05,25.554583,256500,0.9552958942949772,-0.00046777402,382,1324.31,692.1952922344208,171,1.005226,0.0
258000,534.63,7.147248e-05,40.748817,258000,0.9248369336128235,-0.00041524784,356,1317.88,696.4066364765167,172,1.0027187,0.0
259500,529.07,6.971278e-05,19.482498,259500,0.9543046727776527,-0.00018991476,386,1313.17,700.2913527488708,173,0.6128302,0.0
261000,524.68,5.3231885e-05,23.950832,261000,0.948068767786026,-0.0005517366,381,1309.29,704.2201633453369,174,0.8674508,0.0
262500,525.53,0.00012811931,22.113659,262500,0.959871418774128,-0.0005692951,392,1309.29,708.0449113845825,175,1.0561892,0.0
264000,522.07,6.593519e-06,25.948597,264000,0.9589540548622608,-3.539147e-05,358,1304.0,712.2240200042725,176,0.8147627,0.0
265500,522.53,4.2105453e-06,21.660847,265500,0.9678486175835133,-2.5596142e-05,386,1301.58,716.1008720397949,177,0.77834076,0.0
267000,519.23,9.141779e-06,25.841639,267000,0.9403151795268059,-0.00028167755,374,1297.59,720.1076402664185,178,0.97370225,0.0
268500,518.06,4.9488797e-05,25.10736,268500,0.9499456621706486,-0.00052771077,356,1296.83,724.3173570632935,179,0.5607537,0.0
270000,518.28,1.7092423e-05,22.281527,270000,0.9488973505795002,-0.00019769097,387,1296.88,728.1912605762482,180,0.93588585,0.0
271500,526.39,3.0991287e-05,23.02093,271500,0.9658023826777935,-0.00033497825,385,1299.11,732.0848045349121,181,0.9154954,0.0
273000,519.49,1.2629608e-06,35.60632,273000,0.9414426274597645,-9.589051e-06,358,1291.85,736.266227722168,182,0.72810996,0.0
274500,516.67,7.1198037e-06,19.619503,274500,0.9335682317614555,-0.00015605488,386,1287.67,740.148059129715,183,0.607997,0.0
276000,510.11,1.3643178e-05,38.069748,276000,0.9223382547497749,-0.00026949725,350,1279.51,744.4295794963837,184,0.6138877,0.0
277500,508.7,0.00011755863,19.820925,277500,0.950448352843523,-0.0008389486,384,1277.88,748.335832118988,185,0.7434585,0.0
279000,501.57,8.4125e-05,33.716995,279000,0.9238708838820457,-0.00063452194,356,1270.32,752.5499477386475,186,0.5998409,0.0
280500,496.97,3.0754138e-05,20.341108,280500,0.9533390365540981,-0.00013809887,387,1265.49,756.4219946861267,187,0.7837064,0.0
282000,490.7,2.931543e-06,34.478546,282000,0.9406648725271225,-0.00025767024,355,1259.18,760.6425004005432,188,0.7360951,0.0
283500,490.93,9.031821e-06,21.639515,283500,0.9504883252084255,-0.0001007075,373,1258.55,764.6573419570923,189,0.7166264,0.0
285000,488.51,0.000100538964,21.119446,285000,0.9684420824050903,-0.000638039,374,1256.21,768.6672196388245,190,0.92355,0.0
286500,479.99,3.490428e-05,34.027924,286500,0.9431782886385918,-0.00040208042,353,1251.07,772.906632900238,191,0.7733433,0.0
288000,473.96,4.987137e-06,18.903229,288000,0.9525712355971336,-0.00010476287,382,1246.08,776.8290400505066,192,0.66280097,0.0
289500,471.97,1.023607e-05,22.665804,289500,0.953817579895258,-0.00021080219,384,1241.23,780.7258958816528,193,1.0103528,0.0
291000,466.72,5.036993e-06,35.75107,291000,0.9354425445199013,-9.47666e-05,351,1234.84,784.9976861476898,194,0.6318135,0.0
292500,465.43,4.0603113e-06,20.280931,292500,0.9601842053234577,-9.78928e-05,385,1231.23,788.8895690441132,195,0.77307075,0.0
294000,463.68,2.5000083e-05,35.869156,294000,0.9375385120511055,-0.00038722527,355,1223.4,793.1131913661957,196,0.7292328,0.0
295500,460.15,1.5709096e-05,20.849144,295500,0.9560218118131161,-0.00018522497,374,1219.9,797.1200702190399,197,0.72780395,0.0
297000,455.41,4.4214994e-05,25.393442,297000,0.9590590782463551,-0.00040043966,360,1215.99,801.28205037117,198,0.9223185,0.0
298500,456.62,1.3501445e-05,20.460749,298500,0.9696858525276184,-0.00019493351,367,1216.3,805.3666405677795,199,0.9533298,0.0
300000,448.38,6.63515e-06,21.052692,300000,0.9552673436701298,-0.00017015488,333,1210.66,809.8607342243195,200,0.65294665,0.0
301500,446.46,2.8083025e-05,32.92816,301500,0.9341203719377518,-0.00016747008,361,1208.5,814.0154025554657,201,0.82185066,0.0
303000,440.53,7.966397e-06,34.121487,303000,0.9353430941700935,-3.8153208e-05,346,1200.94,818.3431234359741,202,0.74623847,0.0
304500,443.71,1.39960275e-05,22.326147,304500,0.9680907726287842,-0.00016979249,359,1201.68,822.5177702903748,203,0.83948207,0.0
306000,439.72,1.2550758e-05,21.170847,306000,0.9645591825246811,-0.00018690707,344,1201.68,826.8668823242188,204,0.9754347,0.0
307500,441.67,5.24909e-05,25.597937,307500,0.9438672140240669,-0.00079958147,362,1205.43,831.0025789737701,205,0.9631865,0.0
309000,441.77,8.7949076e-05,22.138403,309000,0.9555446617305279,-0.0003907147,347,1203.88,835.3135135173798,206,1.0278826,0.0
310500,449.82,0.0002899002,23.086111,310500,0.9537894316017628,-0.0011841707,348,1209.71,839.623690366745,207,1.0862472,0.0
312000,455.99,1.9200721e-05,26.810232,312000,0.9503427594900131,-0.00010740853,346,1213.09,843.9540979862213,208,1.0124377,0.0
313500,459.33,2.8077038e-05,25.817059,313500,0.9546133689582348,-0.00011582765,373,1214.94,847.9681706428528,209,1.0069075,0.0
315000,461.16,0.00011870312,41.047848,315000,0.9274499788880348,-0.00047517876,344,1215.68,852.3186082839966,210,0.9556536,0.0
316500,457.42,2.9126473e-05,19.751427,316500,0.9387950450181961,-0.00020287508,379,1210.48,856.2745430469513,211,0.52675813,0.0
318000,460.21,2.1694346e-05,22.031574,318000,0.9624042995274067,-0.0001434968,372,1211.0,860.3016581535339,212,0.9141189,0.0
319500,456.64,1.6707203e-05,40.251427,319500,0.9334539622068405,-0.00022935295,345,1208.38,864.6476526260376,213,0.9325352,0.0
321000,455.95,6.6073e-05,18.907715,321000,0.9666042849421501,-0.0005323499,376,1206.51,868.6305255889893,214,0.8283128,0.0
322500,457.0,8.489621e-05,23.5178,322500,0.9561702497303486,-0.00053822,381,1206.71,872.5589301586151,215,0.84804463,0.0
324000,459.61,3.8361402e-05,22.649677,324000,0.9668342731893063,-0.00033605658,384,1209.35,876.4639620780945,216,0.9445542,0.0
325500,457.86,1.8684805e-05,40.354324,325500,0.931492492556572,-0.00022082408,345,1205.96,880.8004341125488,217,0.7440881,0.0
327000,457.54,5.4033368e-05,21.194693,327000,0.9583960138261318,-0.00047278192,379,1205.45,884.7509126663208,218,0.733184,0.0
328500,455.18,3.1504802e-05,25.097673,328500,0.949996829032898,-0.00019555459,380,1203.84,888.6945099830627,219,1.0404307,0.0
330000,461.18,1.5455727e-05,22.49872,330000,0.966535534709692,-0.00029897696,353,1207.02,892.9388015270233,220,0.94335383,0.0
331500,455.13,1.3500042e-05,34.68157,331500,0.9433358125388622,-0.00019599899,334,1202.85,897.4271697998047,221,0.6907513,0.0
333000,453.72,7.7968485e-05,18.924484,333000,0.9711809158325195,-0.00049521495,345,1202.49,901.7634708881378,222,0.87512267,0.0
334500,453.83,8.297027e-06,20.916018,334500,0.9491987638175488,-0.00011970942,348,1201.99,906.064190864563,223,0.7453257,0.0
336000,444.61,3.3946013e-05,34.71198,336000,0.9165903404355049,-0.00037042215,344,1192.56,910.412581205368,224,0.5439072,0.0
337500,451.03,0.00011107898,22.697529,337500,0.9675169847905636,-0.0006484508,378,1196.22,914.381206035614,225,0.9867392,0.0
339000,450.07,3.7739675e-05,22.618723,339000,0.9538714401423931,-0.00013136832,368,1196.05,918.4509024620056,226,0.7141489,0.0
340500,447.17,1.7798582e-05,42.830303,340500,0.9187135174870491,-0.00019274408,346,1194.13,922.7791965007782,227,0.7875082,0.0
342000,451.41,3.1208472e-06,21.48075,342000,0.9624958112835884,-3.369658e-05,361,1198.55,926.9280936717987,228,0.98287004,0.0
343500,455.39,0.00016195033,23.008669,343500,0.9626883156597614,-0.0008819061,351,1201.16,931.198522567749,229,0.9739144,0.0
345000,452.83,0.00013697844,21.279356,345000,0.9344053491950035,-0.00073209795,381,1199.7,935.1270179748535,230,0.6932817,0.0
346500,455.58,1.6745036e-05,39.674217,346500,0.9235899597406387,-0.00016573918,353,1201.0,939.3663775920868,231,0.94558257,0.0
348000,456.9,1.670174e-05,23.798883,348000,0.9635192267596722,-0.00010229056,381,1199.1,943.2961950302124,232,0.82767034,0.0
349500,450.56,3.596399e-06,19.475615,349500,0.952419888228178,-3.4238186e-05,389,1194.72,947.1445822715759,233,0.58561546,0.0
351000,445.59,3.397289e-06,25.545166,351000,0.9437491409480572,-7.132428e-05,384,1191.95,951.0442078113556,234,1.0214102,0.0
352500,447.58,0.000101704594,20.776644,352500,0.9651560187339783,-0.00058095227,379,1192.76,954.9994478225708,235,0.9371959,0.0
354000,450.52,6.738065e-05,24.12124,354000,0.9580285213887691,-0.00043147278,367,1194.29,959.079069852829,236,0.97027993,0.0
355500,442.55,5.0004423e-05,24.591545,355500,0.936869740486145,-0.00018601278,342,1187.02,963.4555809497833,237,0.5507588,0.0
357000,438.32,0.00011546783,21.0821,357000,0.958004791289568,-0.0010468884,372,1184.34,967.4844479560852,238,0.8080128,0.0
358500,437.17,1.9413936e-05,23.738115,358500,0.9586792550981045,-5.835593e-05,385,1182.44,971.3788251876831,239,0.9862311,0.0
360000,437.16,8.051895e-05,22.436651,360000,0.9682867079973221,-0.0003875769,364,1182.44,975.4976336956024,240,0.89482605,0.0
361500,423.69,1.7849523e-05,31.754417,361500,0.9116433709859848,-0.00028213963,355,1171.46,979.7186954021454,241,0.5243252,0.0
363000,420.08,0.000107450076,23.263088,363000,0.9661043025553226,-0.0005296636,390,1169.28,983.5573279857635,242,0.8799173,0.0
364500,417.57,5.060353e-06,34.52509,364500,0.9350566193461418,-0.00014362304,357,1166.25,987.7524120807648,243,0.8077859,0.0
366000,417.61,0.0002507784,25.078585,366000,0.9532184861600399,-0.0013551754,382,1166.25,991.673330783844,244,1.0313641,0.0
367500,412.09,2.9657851e-05,25.271221,367500,0.9465412683784962,-0.00025687402,382,1159.25,995.5915856361389,245,0.77545905,0.0
369000,419.11,3.6742716e-05,22.640066,369000,0.9583015739917755,-0.00033379634,367,1164.83,999.6739826202393,246,1.0475976,0.0
370500,417.48,2.1256497e-05,23.644531,370500,0.9550563469529152,-0.00010374273,370,1161.75,1003.7184913158417,247,1.0268602,0.0
372000,417.06,3.3708013e-05,43.576485,372000,0.9330374002456665,-0.0004028349,345,1161.47,1008.0635147094727,248,0.820952,0.0
373500,416.43,1.1871506e-05,19.722845,373500,0.9521754644811153,-0.00017725602,391,1162.49,1011.8907356262207,249,0.6569742,0.0
375000,412.93,0.00011804579,24.86029,375000,0.9558722376823425,-0.0007281603,389,1159.68,1015.7413849830627,250,0.80208457,0.0
376500,411.11,6.352773e-05,24.548819,376500,0.9291907921433449,-0.0011391384,359,1157.23,1019.9190964698792,251,0.48483136,0.0
378000,404.81,8.395819e-05,23.001266,378000,0.9587529376149178,-0.00033181842,371,1151.81,1023.9526116847992,252,0.8682685,0.0
379500,406.77,3.1279877e-05,37.241817,379500,0.9409559071063995,-0.00039388693,333,1156.07,1028.4513130187988,253,0.8640578,0.0
381000,404.17,2.5655385e-05,17.78973,381000,0.9641141220927238,-0.00034525603,336,1154.83,1032.9064073562622,254,0.6498949,0.0
382500,410.06,5.7616767e-06,25.117989,382500,0.9526099860668182,-5.5022683e-05,332,1159.84,1037.420330286026,255,0.96849513,0.0
384000,407.68,0.0001885311,25.221638,384000,0.9512200504541397,-0.0010451348,378,1158.18,1041.3869018554688,256,0.8477595,6.666667e-05
385500,410.4,5.5330975e-06,39.273216,385500,0.9296954050660133,-5.882275e-05,350,1160.0,1045.6694085597992,257,0.7472416,0.0
387000,410.42,7.076161e-05,20.983467,387000,0.9683465473353863,-0.0006133112,368,1160.0,1049.740042924881,258,1.0427147,0.0
388500,409.77,1.6575714e-05,22.093164,388500,0.9530484229326248,-0.00016045304,371,1159.16,1053.7835018634796,259,0.7650517,0.0
390000,414.83,6.161571e-05,24.664776,390000,0.9603360034525394,-0.0006425937,394,1162.59,1057.5888469219208,260,0.92440706,0.0
391500,416.14,2.9515919e-05,20.841537,391500,0.9444929733872414,-0.0001094797,358,1162.97,1061.7760910987854,261,0.49788082,0.0
393000,417.24,2.4649748e-06,21.100134,393000,0.955067191272974,-7.176846e-05,387,1164.9,1065.648684501648,262,0.8494481,0.0
394500,418.5,4.8848715e-06,35.28313,394500,0.9276576191186905,-0.000105562955,355,1164.89,1069.8627836704254,263,0.68662584,0.0
396000,422.44,4.579983e-05,23.845858,396000,0.9548005014657974,-0.00042944108,389,1166.23,1073.7139592170715,264,0.8571203,0.0
397500,430.28,0.00010718658,23.950384,397500,0.9578350707888603,-0.00044402794,373,1171.06,1077.7302451133728,265,1.0109531,0.0
399000,435.03,2.3508836e-05,22.094875,399000,0.9688138384371996,-0.00019762461,380,1176.5,1081.67476272583,266,0.95888215,0.0
400500,433.73,6.5836735e-05,35.08199,400500,0.9391322992742062,-0.00045688148,343,1174.6,1086.0414488315582,267,0.7370909,0.0
402000,428.49,5.216684e-05,18.540482,402000,0.9378681294620037,-0.00032315747,363,1171.64,1090.168065071106,268,0.5867595,0.0
403500,428.1,1.3025443e-05,22.391375,403500,0.9597163535654545,-0.00014462769,359,1170.8,1094.3405883312225,269,0.97039026,0.0
405000,433.51,3.564694e-05,35.023,405000,0.9441403560340405,-0.00033758936,335,1174.01,1098.8133010864258,270,0.7045692,0.0
406500,438.01,7.6839424e-05,24.086576,406500,0.9622252993285656,-0.0005865207,370,1177.17,1102.859650850296,271,0.8917893,0.0
408000,433.36,9.412582e-06,39.15164,408000,0.9148762673139572,-0.00015068694,332,1171.3,1107.366406917572,272,0.7363334,0.0
409500,434.01,6.498178e-05,21.317934,409500,0.9488585591316223,-0.0005417984,353,1171.91,1111.6090190410614,273,0.6680466,0.0
411000,436.76,0.00015886314,20.48503,411000,0.9631667360663414,-0.0006905499,370,1175.81,1115.6596302986145,274,0.9561908,0.0
412500,443.5,2.6269885e-05,25.361326,412500,0.9503169693052769,-7.208551e-05,366,1180.87,1119.7523453235626,275,1.0100428,0.0
414000,448.66,0.00025929746,23.782377,414000,0.9591857045888901,-0.0009755031,373,1184.37,1123.767638683319,276,1.0155358,0.0
415500,452.71,5.497223e-05,23.766607,415500,0.9589848220348358,-0.00021146309,369,1188.28,1127.8303623199463,277,0.9408722,0.0
417000,456.04,7.549023e-05,26.004473,417000,0.9519850686192513,-0.00048392423,374,1190.43,1131.8343601226807,278,0.95458865,0.0
418500,459.47,0.000105586936,21.099033,418500,0.9674875475466251,-0.0004570975,374,1191.72,1135.837018251419,279,0.9524046,0.0
420000,458.99,5.1778684e-06,34.284424,420000,0.9164687842130661,-4.739326e-05,349,1191.34,1140.1287858486176,280,0.62195706,0.0
421500,460.77,2.5908279e-05,21.204985,421500,0.9539749212563038,-0.00028012742,378,1191.11,1144.0893590450287,281,0.79002833,0.0
423000,456.75,4.4529356e-06,41.987465,423000,0.9331425353884697,-0.00010803422,355,1187.21,1148.3086304664612,282,0.68720555,0.0
424500,452.69,5.391195e-06,22.645266,424500,0.9495349228382111,-0.00013516718,377,1181.55,1152.284631729126,283,0.74258685,0.0
426000,455.18,8.972954e-06,36.354397,426000,0.9446454830467701,-0.00023267746,338,1182.06,1156.72119307518,284,0.8812327,0.0
427500,449.71,1.8028504e-05,21.344213,427500,0.957934346050024,-0.00016642366,364,1177.04,1160.8363041877747,285,0.54688346,0.0
429000,436.65,3.9003913e-05,35.194775,429000,0.9249522835016251,-0.00032756335,337,1166.05,1165.2878637313843,286,0.6951901,0.0
430500,437.6,1.18177e-05,22.356518,430500,0.9557992480695248,-8.796818e-05,359,1166.05,1169.4592802524567,287,1.0612837,0.0
432000,435.16,6.0517636e-05,26.485256,432000,0.9417566284537315,-0.00070668827,373,1163.29,1173.4766209125519,288,0.6986306,0.0
433500,435.17,8.012247e-05,24.478083,433500,0.9506449922919273,-0.00054531865,384,1161.48,1177.374719619751,289,1.0399505,0.0
435000,439.06,2.6481808e-05,39.069183,435000,0.939899031072855,-0.00026409692,342,1164.9,1181.7531096935272,290,0.76510316,0.0
436500,438.06,2.3922883e-05,21.10743,436500,0.9446103759109974,-0.00042196672,374,1163.38,1185.7568714618683,291,0.64841443,0.0
438000,442.44,0.0001003016,22.85902,438000,0.9584424234926701,-0.0003750456,375,1165.25,1189.7511975765228,292,1.0322742,0.0
439500,435.8,0.000119665034,38.949745,439500,0.9377171546220779,-0.0008561882,329,1160.31,1194.3027381896973,293,0.80481005,0.0
441000,438.57,0.0001240071,19.62314,441000,0.9638773240149021,-0.0009344317,353,1164.27,1198.5422229766846,294,0.8166344,0.0
442500,437.53,1.318731e-05,21.02169,442500,0.9501772150397301,-0.00014418626,347,1164.51,1202.8560259342194,295,0.7319611,0.0
444000,435.4,7.243457e-05,22.19175,444000,0.9583529382944107,-0.0007001715,370,1162.53,1206.9068584442139,296,1.0471241,0.0
445500,432.52,1.7913173e-05,37.95549,445500,0.9336056858301163,-0.00014677891,333,1160.33,1211.3987987041473,297,0.7349531,0.0
447000,434.13,1.2244234e-05,18.462774,447000,0.9552587158977985,-0.00014335496,371,1162.96,1215.438113451004,298,0.77973866,0.0
448500,439.71,0.00011839028,22.017601,448500,0.9715102259069681,-0.0006339797,376,1166.56,1219.4196298122406,299,1.0031654,0.0
450000,436.06,2.1405417e-06,24.449795,450000,0.9494433701038361,-2.4124914e-05,362,1162.68,1223.5628681182861,300,0.9212249,0.0
451500,442.1,8.7976245e-05,22.946928,451500,0.9602997452020645,-0.00044576952,352,1168.46,1227.816260099411,301,0.96877706,0.0
453000,448.86,1.9911226e-05,40.654816,453000,0.9364736899733543,-0.00012701024,323,1172.34,1232.4473042488098,302,0.7806029,0.0
454500,442.81,7.4622894e-06,20.838814,454500,0.9526689127087593,-0.0002050367,367,1168.04,1236.5239219665527,303,0.65423465,0.0
456000,447.02,1.3829256e-05,22.604765,456000,0.9659860581159592,-5.9211274e-05,364,1170.06,1240.6390810012817,304,0.9446075,0.0
457500,447.29,2.3128223e-05,35.94503,457500,0.9367147237062454,-0.00038754975,326,1171.37,1245.2295277118683,305,0.7630958,0.0
459000,445.32,2.548014e-06,21.391497,459000,0.965454775840044,-5.15282e-05,363,1169.34,1249.3558583259583,306,0.8068688,0.0
460500,437.73,1.01556125e-05,20.38555,460500,0.9590041898190975,-0.00011427071,359,1164.25,1253.5247688293457,307,0.7525863,0.0
462000,445.67,0.00014029747,22.62317,462000,0.9591983631253242,-0.00081824465,356,1168.35,1257.7291464805603,308,0.9705249,0.0
463500,446.15,2.7837841e-05,38.03816,463500,0.9390536583960056,-0.0003285123,344,1170.08,1262.0789906978607,309,0.93986,0.0
465000,447.55,7.0182155e-06,23.094358,465000,0.9567492194473743,-5.7268753e-05,371,1171.98,1266.1142711639404,310,1.018445,0.0
466500,454.0,3.464251e-05,23.973732,466500,0.9549056813120842,-0.0001925471,375,1176.36,1270.1088697910309,311,1.0193698,0.0
468000,452.83,1.9576839e-05,20.33972,468000,0.9364963620901108,-0.00023864006,372,1175.34,1274.1395444869995,312,0.59569013,0.0
469500,450.26,9.8793134e-05,25.92479,469500,0.9457870349287987,-0.00061010075,365,1172.83,1278.241774559021,313,0.9629818,0.0
471000,446.02,2.6454381e-05,37.318966,471000,0.94556575268507,-0.00013938491,341,1169.4,1282.631095647812,314,0.8629737,0.0
472500,447.69,1.8814568e-06,15.678,472500,0.9718894585967064,-3.0770683e-05,369,1169.66,1286.6958301067352,315,0.6340574,0.0
474000,440.15,2.3189386e-05,39.75515,474000,0.9059860408306122,-0.00034273538,328,1163.21,1291.265222787857,316,0.8428931,0.0
475500,435.1,5.1611707e-05,23.881563,475500,0.9491095282137394,-0.00053433736,356,1158.03,1295.4684808254242,317,0.6697816,0.0
477000,438.87,8.225723e-05,35.066982,477000,0.9438870698213577,-0.0005662434,330,1158.5,1300.007775068283,318,0.83347595,0.0
478500,436.38,9.447495e-06,17.762548,478500,0.964852437376976,-0.00013983328,366,1157.07,1304.1055495738983,319,0.67621684,0.0
480000,436.51,5.55111e-05,32.843647,480000,0.9348184391856194,-0.0008143307,329,1156.62,1308.664140701294,320,0.8408974,0.0
481500,435.97,1.2037781e-05,23.644085,481500,0.9559368118643761,-0.00012013224,356,1156.62,1312.8717439174652,321,1.0215605,0.0
483000,437.6,2.5051066e-05,18.172344,483000,0.9673997312784195,-0.00024103966,355,1160.28,1317.0928463935852,322,0.66359115,0.0
484500,432.27,4.5665412e-05,18.201658,484500,0.9655348211526871,-0.0002324238,367,1157.4,1321.1763062477112,323,0.80847245,0.0
486000,424.91,0.000110669556,42.91625,486000,0.9252681955695152,-0.00059549575,326,1150.08,1325.76975107193,324,0.9270411,0.0
487500,423.96,3.2154892e-06,25.217073,487500,0.9463454522192478,-9.828657e-05,348,1150.04,1330.0686531066895,325,0.671958,0.0
489000,422.89,1.660227e-05,35.59322,489000,0.9325017184019089,-0.0002549684,324,1149.46,1334.6993291378021,326,0.7557679,0.0
490500,423.31,1.8241197e-05,20.31265,490500,0.9471430741250515,-0.00021927981,355,1149.48,1338.9134197235107,327,0.53036416,0.0
492000,424.81,3.7596717e-05,18.724724,492000,0.9593411833047867,-0.0004242408,350,1152.55,1343.195080757141,328,0.8734693,0.0
493500,428.36,9.146502e-05,24.638212,493500,0.9516958668828011,-0.00061806256,364,1154.45,1347.3100063800812,329,1.0227942,0.0
495000,428.0,6.587918e-05,29.845556,495000,0.9461765177547932,-0.00038176085,334,1153.07,1351.790569782257,330,0.69575673,0.0
496500,431.94,0.00016466016,20.776196,496500,0.970891235396266,-0.0010015639,380,1155.4,1355.72873711586,331,0.88560975,0.0
498000,425.03,8.762863e-06,25.49537,498000,0.9245455637574196,-4.6904683e-05,394,1151.67,1359.5291476249695,332,0.8364715,0.0
499500,431.95,1.1445838e-05,22.67945,499500,0.9510585926473141,-6.203143e-05,391,1158.44,1363.3571813106537,333,1.079984,0.0
501000,438.05,7.556791e-05,24.514317,501000,0.9503112956881523,-0.0008115264,388,1161.26,1367.2228736877441,334,1.0661407,0.0
502500,441.61,2.047455e-05,22.192598,502500,0.9594862833619118,-0.00012425781,389,1165.72,1371.0788457393646,335,1.0572675,0.0
504000,437.41,5.085683e-05,25.406013,504000,0.9482540190219879,-0.00048104336,364,1161.23,1375.1948864459991,336,1.0082624,0.0
505500,443.37,0.00034132152,22.790674,505500,0.9552191123366356,-0.0011899818,364,1165.65,1379.307368516922,337,1.065676,0.0
507000,449.27,2.5076932e-05,37.778202,507000,0.9376485459506512,-0.00023641218,344,1169.23,1383.6633794307709,338,0.89205825,0.0
508500,450.63,3.7175116e-05,17.292141,508500,0.9689951203763485,-0.00034900114,366,1169.44,1387.7557303905487,339,0.5840366,0.0
510000,450.24,2.1022379e-05,22.80676,510000,0.951929934322834,-5.4307066e-06,363,1169.4,1391.886858701706,340,0.8016893,0.0
511500,449.2,4.6600676e-06,21.274721,511500,0.948349341750145,-0.00021160847,352,1168.24,1396.1380925178528,341,0.54848266,0.0
513000,451.47,0.00011892526,24.824684,513000,0.9501993767917156,-0.000856192,389,1171.96,1399.9853563308716,342,1.0251008,0.0
514500,451.79,2.780368e-06,22.608469,514500,0.960484504699707,3.1322612e-05,388,1171.96,1403.8515193462372,343,1.012126,0.0
516000,442.69,4.9430284e-05,37.17746,516000,0.8807315826416016,-0.0006734664,356,1163.04,1408.0642066001892,344,0.5289449,0.0
517500,449.26,6.594977e-05,23.72992,517500,0.9583347328007221,-0.0003628865,384,1168.0,1411.9612612724304,345,1.0065353,0.0
519000,451.6,8.004073e-05,24.709831,519000,0.9505772106349468,-0.00052297174,361,1169.38,1416.1163141727448,346,0.7998583,0.0
520500,443.94,5.3631324e-05,36.75985,520500,0.9218489229679108,-0.00037439764,340,1163.45,1420.526138305664,347,0.61320907,0.0
522000,451.43,0.00022090832,22.852667,522000,0.962112233042717,-0.0010484917,380,1169.39,1424.4661054611206,348,0.9811251,0.0
523500,446.51,2.8053259e-05,22.680595,523500,0.9495340101420879,-7.9226065e-06,328,1165.85,1429.0338122844696,349,0.68521285,0.0
525000,445.75,4.0951483e-05,32.478134,525000,0.9126424714922905,-0.0007983403,318,1166.57,1433.7485456466675,350,0.5221106,0.0
526500,439.32,5.5741413e-05,36.90008,526500,0.92361830919981,-0.0006260157,325,1160.0,1438.3505356311798,351,0.69759125,0.0
528000,438.64,8.687477e-06,26.945982,528000,0.9471094682812691,-5.6466943e-06,345,1160.0,1442.6933453083038,352,1.0289912,0.0
529500,433.82,5.5533583e-05,18.473083,529500,0.9649300873279572,-0.0002633336,350,1155.86,1446.977335691452,353,0.6860472,0.0
531000,429.14,3.4645584e-06,21.810907,531000,0.9539598897099495,-5.4002154e-05,340,1151.88,1451.3855967521667,354,0.9736503,0.0
532500,432.38,3.0358362e-05,23.039392,532500,0.9651490934193134,-0.00021593057,364,1153.7,1455.5023245811462,355,0.8891871,0.0
534000,424.86,1.2540786e-05,16.600803,534000,0.9713033810257912,-7.648727e-05,358,1148.43,1459.6835224628448,356,0.97501147,0.0
535500,431.66,4.1905725e-05,33.109093,535500,0.9010907486081123,-0.00056637684,317,1153.95,1464.4011335372925,357,0.54610115,0.0
537000,430.42,6.469877e-06,25.897364,537000,0.9462925083935261,6.5397785e-06,337,1152.58,1468.8417716026306,358,0.885905,0.0
538500,436.17,6.2703126e-05,24.143335,538500,0.953754372894764,-0.00043416268,366,1157.76,1472.9388139247894,359,1.0651289,0.0
540000,443.05,8.319256e-05,44.690773,540000,0.9129829928278923,-0.0006934486,314,1164.46,1477.7132451534271,360,0.9700306,0.0
541500,445.16,1.3738924e-05,22.55173,541500,0.9608318991959095,-8.484044e-05,351,1165.73,1481.9832830429077,361,0.9413173,0.0
543000,449.86,0.0001704976,27.926182,543000,0.9450021162629128,-0.000966675,362,1170.0,1486.116729259491,362,1.0543814,0.0
544500,447.94,5.1454386e-05,20.095121,544500,0.9348247721791267,-0.00046782912,373,1169.47,1490.1353237628937,363,0.44823456,0.0
546000,448.19,1.52208295e-05,25.615097,546000,0.9511060565710068,-0.00020500849,357,1170.85,1494.3284649848938,364,0.8772482,0.0
547500,449.64,1.068535e-05,33.8911,547500,0.9516130797564983,-0.0002445331,333,1170.99,1498.8212456703186,365,0.89300615,0.0
549000,450.38,6.1017195e-06,24.005426,549000,0.9513046070933342,-3.7790556e-05,364,1171.64,1502.9393141269684,366,0.667715,0.0
550500,458.09,2.9582938e-05,21.772312,550500,0.9759613107889891,-0.00039839454,374,1178.65,1506.9493465423584,367,0.991205,0.0
552000,447.67,3.983275e-06,40.913982,552000,0.9073595330119133,-6.9114045e-05,338,1170.71,1511.377641916275,368,0.7901762,0.0
553500,447.02,5.83644e-06,18.315145,553500,0.9358834400773048,-9.269873e-05,385,1169.93,1515.2714684009552,369,0.48387086,0.0
555000,437.73,5.669583e-05,31.156658,555000,0.9356948733329773,-0.00068295933,347,1162.86,1519.5876162052155,370,0.6286903,0.0
556500,436.89,9.870239e-05,18.698627,556500,0.9529186859726906,-0.00050058024,376,1162.71,1523.5726883411407,371,0.67327774,0.0
558000,433.6,2.7239055e-05,8.351703,558000,0.9871719293296337,-9.7697826e-05,378,1158.07,1527.537956237793,372,1.0133941,0.0
559500,440.9,7.828657e-06,19.574686,559500,0.9445037804543972,-0.0001611115,332,1163.94,1532.0479264259338,373,0.5703511,0.0
561000,432.3,1.4276898e-05,33.39285,561000,0.9293516352772713,-0.00025609447,355,1156.4,1536.2689154148102,374,0.73218757,0.0
562500,437.15,3.376749e-05,25.372261,562500,0.9536572806537151,-0.00021611419,345,1159.55,1540.6053462028503,375,0.99421805,0.0
564000,430.54,5.975341e-05,19.444191,564000,0.9510085247457027,-0.00038551795,358,1155.16,1544.793842792511,376,0.5747509,0.0
565500,437.27,1.551988e-05,21.557062,565500,0.9632355347275734,-7.4157224e-06,387,1160.18,1548.661485671997,377,1.0047935,0.0
567000,438.47,5.543407e-05,24.286697,567000,0.9567133858799934,-0.00043225492,373,1160.18,1552.6747817993164,378,1.0000706,0.0
568500,438.08,0.00024369497,21.284319,568500,0.969848969951272,-0.0013920591,373,1159.01,1556.6868817806244,379,0.94113183,0.0
570000,436.94,7.8285215e-05,36.335045,570000,0.9255802184343338,-0.00047856552,343,1158.48,1561.0568447113037,380,0.6128084,0.0
571500,432.62,4.0399045e-06,21.03645,571500,0.9546764977276325,-6.7485824e-05,340,1156.17,1565.4638900756836,381,0.74595,0.0
573000,439.46,9.524207e-06,23.305176,573000,0.9620973393321037,-0.00017141529,343,1160.55,1569.8306035995483,382,0.97720695,0.0
574500,433.2,8.191632e-05,36.141556,574500,0.9203337132930756,-0.00066624663,342,1154.76,1574.2113280296326,383,0.5722469,0.0
576000,433.04,5.106262e-05,22.589258,576000,0.9515755288302898,-0.00041946972,362,1153.54,1578.3525021076202,384,0.88410324,0.0
577500,432.78,3.7611942e-05,23.252354,577500,0.9578218460083008,-0.00030258126,342,1153.54,1582.7345287799835,385,1.0292425,0.0
579000,435.1,0.00012266067,21.639658,579000,0.9682293720543385,-0.001243477,364,1154.93,1586.8464648723602,386,0.90176463,0.0
580500,429.32,2.1659485e-05,31.771494,580500,0.9314893260598183,-0.0005033089,348,1150.96,1591.1524057388306,387,0.5698612,0.0
582000,422.32,6.4387127e-06,22.319098,582000,0.9489584490656853,-0.00016015058,375,1145.87,1595.1454496383667,388,0.76224345,0.0
583500,419.72,6.363957e-05,32.534916,583500,0.9299670532345772,-0.0005465611,340,1142.81,1599.5560970306396,389,0.65421355,0.0
585000,422.62,3.1498672e-05,25.736113,585000,0.955557331442833,-0.00025952936,336,1147.97,1604.0130777359009,390,0.9658849,0.0
586500,424.37,0.00024588415,17.376127,586500,0.9628378786146641,-0.0012880117,379,1149.2,1607.968383550644,391,0.9242885,0.0
588000,425.92,2.1104965e-05,37.331787,588000,0.9441729225218296,-0.00033129618,314,1147.78,1612.7399282455444,392,0.78435194,0.0
589500,431.35,1.8589599e-05,22.328081,589500,0.9617482535541058,-6.032206e-05,385,1153.69,1616.632911682129,393,0.9553542,0.0
591000,437.09,2.466672e-05,22.165474,591000,0.9594261720776558,-8.382359e-05,377,1158.87,1620.6071953773499,394,1.0505639,0.0
592500,437.14,6.1742096e-05,22.156546,592500,0.9600237533450127,-0.0003509004,360,1160.09,1624.7659451961517,395,0.7387369,0.0
594000,436.57,8.920135e-07,37.60954,594000,0.9281305074691772,7.3767383e-06,337,1159.64,1629.2135739326477,396,0.82149607,0.0
595500,443.16,0.00011308672,22.750982,595500,0.9590123891830444,-0.0008399992,370,1164.45,1633.2615542411804,397,1.0317025,0.0
597000,443.65,2.895565e-05,13.21411,597000,0.966592974960804,-0.0004043878,366,1165.65,1637.353179693222,398,0.5738532,0.0
598500,436.89,1.1437754e-06,18.842575,598500,0.9645411185920238,-5.6450855e-05,382,1160.02,1641.2732305526733,399,0.7293453,0.0
600000,433.87,1.9310044e-05,34.372086,600000,0.9203849360346794,-0.0002030059,329,1157.41,1645.827571630478,400,0.58361465,0.0
601500,432.28,4.831288e-05,21.141628,601500,0.9558316320180893,-0.0003856622,374,1158.23,1649.8342468738556,401,0.8257087,0.0
603000,437.26,5.0098834e-06,20.698284,603000,0.9682954214513302,-3.9676404e-05,384,1163.36,1653.7343363761902,402,0.96862185,0.0
604500,437.53,3.5582114e-05,34.432777,604500,0.936465822160244,-0.0004650861,350,1164.36,1658.0187673568726,403,0.85564494,0.0
606000,440.42,4.5634966e-05,16.870062,606000,0.9696946386247873,-0.0002810167,385,1167.21,1661.9125707149506,404,0.7175601,0.0
607500,447.04,1.0190411e-05,23.45991,607500,0.9629542604088783,-0.00026198305,388,1171.82,1665.7711737155914,405,0.9969368,0.0
609000,445.61,1.5032349e-05,17.006327,609000,0.9633833840489388,-8.8251385e-05,388,1170.1,1669.6306517124176,406,0.6984261,0.0
610500,443.82,4.02823e-05,25.093105,610500,0.9486649744212627,-0.00090259896,379,1169.46,1673.5798110961914,407,1.077831,0.0
612000,443.38,2.5627385e-05,23.612864,612000,0.9599662162363529,-0.00025068468,360,1169.56,1677.7439260482788,408,0.99128944,0.0
613500,442.86,3.6784317e-05,38.743748,613500,0.9014039784669876,-0.0003646791,314,1168.53,1682.511628627777,409,0.60121804,0.0
615000,449.95,8.19905e-05,22.968334,615000,0.9676740616559982,-0.0004414969,356,1172.26,1686.7146775722504,410,0.97623396,0.0
616500,443.69,1.7035967e-05,21.541267,616500,0.9583900459110737,-9.209417e-05,381,1166.93,1690.6441140174866,411,0.9076378,0.0
618000,442.91,3.3536064e-05,22.999617,618000,0.9618467316031456,-0.00014409731,349,1166.93,1694.9412524700165,412,1.0038085,0.0
619500,438.22,1.3318989e-05,35.430973,619500,0.9321846067905426,-0.00016749983,346,1164.88,1699.2759537696838,413,0.6802658,0.0
621000,431.44,2.771524e-05,19.798504,621000,0.9599047414958477,-0.0003684124,371,1158.79,1703.3097710609436,414,0.71297103,0.0
622500,431.38,0.00013089874,22.262629,622500,0.9633629769086838,-0.001042428,330,1158.79,1707.8432047367096,415,1.0189244,0.0
624000,434.84,2.1702313e-05,22.334383,624000,0.968760060146451,-0.00010644371,352,1161.68,1712.096997499466,416,0.9262959,0.0
625500,433.09,8.183325e-05,23.263,625500,0.9535712786018848,-0.00089131837,316,1162.28,1716.8375680446625,417,1.004324,0.0
627000,436.85,8.54686e-06,25.65618,627000,0.9138933420181274,-0.000119749944,342,1164.37,1721.2193846702576,418,0.5430895,0.0
628500,443.7,2.76061e-05,22.478357,628500,0.9655110202729702,-0.00017093228,331,1169.68,1725.747729063034,419,1.0214756,0.0
630000,440.58,1.5869988e-05,28.676569,630000,0.9435746483504772,-0.0001273537,346,1167.36,1730.07364487648,420,0.972533,0.0
631500,439.71,9.641506e-06,45.281445,631500,0.9211612492799759,-0.0001201311,311,1167.82,1734.8915047645569,421,0.9531256,0.0
633000,440.06,6.144511e-06,27.315136,633000,0.9352888241410255,-9.558768e-05,352,1167.56,1739.1460316181183,422,0.6556089,0.0
634500,439.82,0.00012365957,23.989374,634500,0.955980934202671,-0.0006019568,330,1167.56,1743.6843135356903,423,1.0661091,0.0
636000,445.45,0.00011757085,20.571362,636000,0.9666779674589634,-0.0005109974,359,1171.48,1747.853699684143,424,0.9718725,0.0
637500,449.34,7.595005e-05,23.527637,637500,0.9678156971931458,-0.00045197044,328,1174.37,1752.4197590351105,425,0.95110077,0.0
639000,451.35,0.00012301299,18.317614,639000,0.968922570347786,-0.0004914308,349,1175.39,1756.7128558158875,426,0.9869505,0.0
640500,450.1,2.1180644e-05,35.67529,640500,0.9298058152198792,-0.00032035954,335,1175.64,1761.1843643188477,427,0.7138366,0.0
642000,457.79,5.919546e-06,24.030994,642000,0.9589024223387241,8.870325e-06,367,1181.16,1765.2650575637817,428,1.0794742,0.0
643500,459.07,1.09538305e-05,16.310778,643500,0.957057423889637,-8.9601934e-05,362,1182.49,1769.404464006424,429,0.66858184,0.0
645000,460.19,1.9447937e-06,23.6213,645000,0.9544595144689083,-0.00013578372,361,1183.07,1773.5566034317017,430,1.0250493,0.0
646500,458.84,1.0397396e-05,34.888004,646500,0.9390234313905239,-0.00016968985,339,1183.98,1777.972820520401,431,0.70691866,0.0
648000,457.52,3.289752e-05,18.127472,648000,0.9541987404227257,-0.00029861907,341,1184.04,1782.3684496879578,432,0.6029307,0.0
649500,452.13,1.7459193e-05,36.379807,649500,0.9463135786354542,-0.00025138055,336,1178.84,1786.8285279273987,433,0.8739475,0.0
651000,454.7,3.8218615e-05,15.781973,651000,0.9652343727648258,-0.00034979553,337,1180.88,1791.27885556221,434,0.65778625,0.0
652500,450.37,1.9482659e-05,21.758583,652500,0.9524034112691879,-0.00038695402,355,1177.53,1795.5030448436737,435,0.79225653,0.0
654000,451.36,5.5146902e-05,31.789688,654000,0.9364541843533516,-0.00047019252,328,1177.47,1800.0631153583527,436,0.6719132,0.0
655500,445.02,1.0213966e-05,19.025826,655500,0.949473399668932,-0.00016932488,361,1172.29,1804.2166318893433,437,0.7341503,0.0
657000,438.0,4.2736232e-05,37.83638,657000,0.928679533302784,-0.00079905137,326,1165.9,1808.8142640590668,438,0.6719015,0.0
658500,432.06,1.9414672e-05,18.808586,658500,0.9572618715465069,-0.00015462238,366,1161.71,1812.9024641513824,439,0.918859,0.0
660000,428.25,3.5689198e-05,32.92957,660000,0.8978129178285599,-0.00062782085,324,1157.47,1817.528489112854,440,0.6272382,0.0
661500,428.58,7.921459e-06,18.22978,661500,0.9585162065923214,-8.800339e-05,348,1157.86,1821.8366124629974,441,0.8064638,0.0
663000,423.23,0.00015352311,27.18879,663000,0.9479745104908943,-0.00076686236,374,1153.81,1825.8445644378662,442,0.9655115,0.0
664500,428.99,0.000104298975,19.018787,664500,0.9659228101372719,-0.0006196746,369,1158.43,1829.9074492454529,443,0.9611865,0.0
666000,433.55,0.0004380282,26.793562,666000,0.9460333473980427,-0.0018974022,362,1163.79,1834.0414652824402,444,1.062231,0.0
667500,434.43,3.315868e-05,33.805443,667500,0.9447973668575287,-8.2772545e-05,339,1164.25,1838.4575791358948,445,0.9063459,0.0
669000,437.24,7.177397e-05,17.925337,669000,0.9698698706924915,-0.0005273032,368,1166.58,1842.5278429985046,446,0.6637915,0.0
670500,438.25,0.000101643316,18.158936,670500,0.9625726006925106,-0.0007826969,371,1167.49,1846.5681381225586,447,0.80471635,0.0
672000,438.9,3.0221669e-05,27.617878,672000,0.9075434356927872,-0.00012377877,341,1168.89,1850.957189321518,448,0.5682059,0.0
673500,446.59,7.618081e-05,22.163355,673500,0.9622175209224224,-0.0005688817,371,1174.44,1854.992538690567,449,1.0094758,0.0
675000,441.82,1.0280374e-05,43.80864,675000,0.9160397052764893,-0.00028241205,337,1168.93,1859.435141324997,450,0.8283648,0.0
676500,447.31,0.00011176779,23.517593,676500,0.959627091884613,-0.00076763437,374,1173.87,1863.4374418258667,451,0.924371,0.0
678000,448.09,6.612023e-05,16.637854,678000,0.9666778780519962,-0.00048498,366,1175.2,1867.5295941829681,452,0.6558181,0.0
679500,448.0,0.0002939794,18.733032,679500,0.9614714980125427,-0.0017518742,377,1176.26,1871.4994337558746,453,0.8716945,0.0
681000,450.44,4.0469706e-05,41.294662,681000,0.9240744411945343,-0.0002494009,344,1175.37,1875.8569424152374,454,0.99463457,0.0
682500,450.31,7.632194e-06,23.87498,682500,0.9579900726675987,-5.2510066e-05,379,1175.37,1879.8073375225067,455,1.0217845,0.0
684000,450.76,0.0002656849,24.34813,684000,0.9523653537034988,-0.0011513701,373,1175.37,1883.8289721012115,456,1.0853375,0.0
685500,451.76,0.00010473839,21.918512,685500,0.9640239886939526,-0.0005280465,364,1176.54,1887.9398288726807,457,0.9736619,0.0
687000,458.73,0.0002391246,20.5222,687000,0.9641399569809437,-0.0010445209,355,1182.02,1892.1640605926514,458,1.0106966,0.0
688500,458.81,0.00022234477,18.188917,688500,0.9415537267923355,-0.00094662653,377,1181.11,1896.133737564087,459,0.5087162,0.0010666667
690000,452.88,0.00015857551,35.894707,690000,0.9381568506360054,-0.0011159605,336,1176.02,1900.5878574848175,460,0.87938464,0.0
691500,454.96,0.00013577341,23.482634,691500,0.9496135413646698,-0.0012881208,378,1177.36,1904.5465459823608,461,0.6027508,0.0
693000,454.75,2.2146969e-05,20.26153,693000,0.9574835300445557,-0.00013584699,377,1176.76,1908.5203518867493,462,1.0219058,0.0
694500,462.56,0.00019330258,25.988188,694500,0.9525640830397606,-0.0017894028,375,1183.07,1912.5102729797363,463,1.0642353,0.0
696000,455.53,6.7730475e-06,31.818157,696000,0.9507066123187542,-4.7815047e-05,337,1179.71,1916.9575946331024,464,0.8744479,0.0
697500,455.76,9.843938e-05,18.427473,697500,0.943444024771452,-0.0005136763,368,1179.19,1921.0255069732666,465,0.6005338,0.0
699000,455.17,7.583442e-06,22.68067,699000,0.9531608186662197,-0.00023621999,369,1177.79,1925.084626197815,466,0.97457725,0.0
700500,461.64,3.6905272e-05,23.363098,700500,0.9662477560341358,-0.00038067013,369,1182.88,1929.1447124481201,467,0.9187687,0.0
702000,462.6,0.00011230223,17.063013,702000,0.9701032694429159,-0.0008929922,380,1183.82,1933.0846226215363,468,1.0560482,0.0
703500,468.67,0.00024732662,22.685171,703500,0.9599345736205578,-0.001342813,385,1188.91,1936.980914592743,469,1.0169318,0.0
705000,466.24,1.6152628e-05,34.243046,705000,0.8950154110789299,-0.00022324176,348,1186.84,1941.2871069908142,470,0.5270188,0.0
706500,462.02,0.00020797463,19.667578,706500,0.9536680653691292,-0.0007255915,382,1185.39,1945.203976392746,471,0.70225435,0.0
708000,459.33,3.430994e-05,30.024063,708000,0.9447450190782547,-0.00035846484,347,1183.98,1949.5220561027527,472,0.7106353,0.0
709500,452.7,2.9182154e-05,19.963089,709500,0.9518486335873604,-0.00020755334,353,1179.15,1953.7710502147675,473,0.64713454,0.0
711000,451.07,7.2793405e-06,31.54975,711000,0.9437933601438999,3.1035333e-06,328,1178.02,1958.335608959198,474,0.72393835,0.0
712500,450.72,5.3016833e-05,17.872313,712500,0.9441323280334473,-0.00058479956,362,1178.36,1962.4718425273895,475,0.60655713,0.0
714000,443.52,7.077899e-06,20.370012,714000,0.9622827060520649,-6.0649836e-05,370,1173.26,1966.5160777568817,476,0.96468836,0.0
715500,447.5,1.5258231e-05,35.54453,715500,0.8981913775205612,-0.0004348036,331,1175.68,1971.0478489398956,477,0.5398619,0.0
717000,452.25,2.0591153e-05,23.753235,717000,0.9664975851774216,-0.00013160332,355,1179.49,1975.2666745185852,478,1.0097184,0.0
718500,452.37,7.333687e-06,21.723642,718500,0.9470535963773727,-9.3906645e-05,360,1179.73,1979.4253661632538,479,0.7505071,0.0
720000,445.35,2.448909e-05,30.492495,720000,0.9193792194128036,-0.00052945304,337,1173.64,1983.8655359745026,480,0.5869393,0.0
721500,446.15,2.8175023e-06,20.26384,721500,0.9554516635835171,-5.5951543e-05,342,1174.59,1988.2451741695404,481,0.84418714,0.0
723000,444.26,3.9562747e-05,35.659206,723000,0.9213651344180107,-0.00045236744,337,1169.83,1992.6957590579987,482,0.6382083,0.0
724500,443.79,0.0001542149,24.06948,724500,0.961211122572422,-0.0006383222,357,1169.83,1996.8988342285156,483,1.0034528,0.0
726000,446.7,6.635339e-06,17.454828,726000,0.9667617604136467,-0.00015792681,370,1173.46,2000.952222585678,484,0.81354356,0.0
727500,444.83,5.4117636e-06,21.776506,727500,0.9473032914102077,-1.24581065e-05,366,1173.1,2005.0483555793762,485,0.84031236,0.0
729000,444.47,7.161896e-06,20.382267,729000,0.9711262211203575,-7.9826845e-05,373,1173.1,2009.067373752594,486,0.91681707,0.0
730500,439.92,3.542373e-05,33.31854,730500,0.9045669659972191,-0.00035749472,315,1173.2,2013.814773797989,487,0.6315124,0.0
732000,441.87,1.2989696e-05,23.79597,732000,0.959250882267952,-5.0807383e-05,329,1173.2,2018.3691403865814,488,1.0591404,0.0
733500,442.46,1.8104789e-05,19.468075,733500,0.9493247680366039,-9.500249e-05,357,1173.76,2022.565697669983,489,0.66316,0.0
735000,439.67,1.8354154e-05,24.772007,735000,0.952740803360939,-0.00012704088,342,1171.61,2026.946871995926,490,1.0755091,0.0
736500,441.96,2.1488051e-05,22.67152,736500,0.9601621851325035,-0.00017572907,376,1173.85,2030.9271273612976,491,1.0047164,0.0
738000,448.84,2.7754628e-05,37.745296,738000,0.9396218098700047,-0.00029418452,355,1178.39,2035.14906001091,492,0.9316585,0.0
739500,443.41,1.8360869e-06,17.937584,739500,0.9615583717823029,-6.7570385e-05,371,1174.76,2039.191142320633,493,0.65463585,0.0
741000,442.22,9.550807e-05,28.21025,741000,0.9531872384250164,-0.0007351943,379,1174.76,2043.1452615261078,494,1.0834053,0.0
742500,443.4,5.354465e-06,16.791115,742500,0.9614062458276749,-0.000114553346,380,1173.95,2047.0923917293549,495,0.73485965,0.0
744000,441.27,5.0574174e-05,25.54737,744000,0.9459969103336334,-0.00051962154,336,1171.91,2051.553561449051,496,0.65978605,0.0
745500,435.5,0.000104596904,25.903542,745500,0.946371603757143,-0.00054429343,388,1167.19,2055.4196774959564,497,0.93520385,0.0
747000,438.38,5.6336332e-05,24.370996,747000,0.9539074115455151,-0.00049686333,375,1167.66,2059.4122960567474,498,1.1106486,0.0
748500,439.46,0.00010112028,34.95291,748500,0.9411358423531055,-0.00079207396,352,1168.67,2063.6732614040375,499,0.7682488,0.0
750000,446.35,0.00010751361,25.023767,750000,0.9524427279829979,-0.0004140097,376,1174.42,2067.662609100342,500,1.0639106,0.0
751500,446.7,0.0001395594,23.309744,751500,0.9578950703144073,-0.00078950106,386,1174.42,2071.5412154197693,501,1.0758576,0.0
753000,439.16,6.456102e-05,21.313362,753000,0.9436927959322929,-0.0003141114,386,1169.37,2075.422016620636,502,0.6871485,0.0
754500,441.31,3.702401e-05,20.851816,754500,0.9723383653908968,-0.000100229496,385,1171.73,2079.315188407898,503,0.96477234,0.0
756000,439.21,2.4949659e-05,20.84084,756000,0.9560972303152084,-0.0002848533,375,1170.64,2083.3131942749023,504,1.0509531,0.0
757500,439.97,0.00011115192,23.5819,757500,0.9585922546684742,-0.0006283313,367,1170.64,2087.3958325386047,505,1.0276121,0.0
759000,445.99,3.2388838e-05,32.231388,759000,0.9375617727637291,-0.000272246,346,1175.62,2091.725277662277,506,1.0361273,0.0
760500,440.83,7.7472556e-05,35.879395,760500,0.9131491333246231,-0.0006866868,355,1174.26,2095.941395998001,507,0.6078413,0.0
762000,440.93,3.5383462e-05,21.635283,762000,0.9464066028594971,-0.0003913695,351,1175.11,2100.211280107498,508,0.8322584,0.0
763500,442.01,0.00025346392,23.719046,763500,0.9556792750954628,-0.0014138394,359,1175.11,2104.3900117874146,509,1.0301374,0.0
765000,448.67,4.872417e-05,21.60457,765000,0.971367260441184,-0.00038625847,345,1179.94,2108.725786924362,510,0.9607277,0.0
766500,446.03,1.6723974e-05,40.735016,766500,0.9288869500160217,-0.00021065504,330,1177.3,2113.2610852718353,511,0.8032919,0.0
768000,446.07,2.3821229e-05,19.993721,768000,0.9495706483721733,-0.00031245942,371,1177.9,2117.29683637619,512,0.6380748,0.0
769500,443.55,0.00020883171,37.35973,769500,0.9264690652489662,-0.0016493489,332,1174.54,2121.8032360076904,513,0.7066334,0.0
771000,450.98,0.00016395222,23.633316,771000,0.9582212455570698,-0.00041574583,383,1181.79,2125.719517469406,514,1.0187502,0.0
772500,450.02,3.3148957e-05,15.792739,772500,0.9579426161944866,-0.00015941655,382,1180.52,2129.6390397548676,515,0.66993296,0.0
774000,450.43,8.4367975e-06,21.167551,774000,0.9554051905870438,-8.23362e-05,370,1181.17,2133.6882956027985,516,1.1197252,0.0
775500,457.62,7.148771e-05,35.309124,775500,0.9397179111838341,-0.00080181845,349,1186.91,2137.985311985016,517,0.7572803,0.0
777000,456.44,8.871954e-06,17.412636,777000,0.9569589234888554,-0.00017378018,348,1185.68,2142.291871547699,518,0.72065943,0.0
778500,456.78,8.710569e-05,39.140125,778500,0.9228975772857666,-0.0008632712,314,1183.87,2147.059062242508,519,0.6766764,0.0
780000,456.04,4.326734e-05,18.92101,780000,0.9608068130910397,-0.00028791043,384,1182.53,2150.963591337204,520,0.91461104,0.0
781500,461.48,2.0792208e-05,25.605274,781500,0.9506236016750336,-0.00012115495,351,1186.58,2155.2351241111755,521,1.0735692,0.0
783000,461.1,0.0005310556,21.356787,783000,0.9592507928609848,-0.0022291776,358,1186.58,2159.417054414749,522,1.0122145,6.666667e-05
784500,454.31,4.2876665e-05,34.6697,784500,0.9445138052105904,-0.00033005516,316,1180.71,2164.149777650833,523,0.8656088,0.0
786000,452.72,4.0657484e-05,27.75866,786000,0.9296371936798096,-0.00038455613,349,1180.07,2168.4402463436127,524,0.6599151,0.0
787500,449.26,9.2331116e-05,24.265486,787500,0.9489912316203117,-0.00067055144,369,1178.47,2172.4993653297424,525,0.8674477,0.0
789000,451.71,2.5489842e-05,20.321022,789000,0.9526931159198284,-0.0002706173,337,1181.66,2176.9440495967865,526,0.6751744,0.0
790500,457.7,1.6086025e-05,27.928543,790500,0.945215243846178,-6.856784e-05,340,1186.59,2181.3495552539825,527,1.0680618,0.0
792000,450.76,0.0001962381,18.32645,792000,0.9575945287942886,-0.0013363059,381,1181.83,2185.284569501877,528,0.7409304,0.0
793500,454.57,3.123885e-05,28.638666,793500,0.9526454210281372,-0.0001813033,362,1186.22,2189.425215482712,529,0.95493674,0.0
795000,447.85,2.123028e-05,14.516125,795000,0.9552281610667706,-0.00051003305,353,1181.22,2193.6711854934692,530,0.56111425,0.0
796500,452.79,7.990073e-06,23.208452,796500,0.9546412490308285,-5.0030717e-06,378,1185.07,2197.6329870224,531,1.0522879,0.0
798000,451.04,0.000101687474,35.74401,798000,0.9378382936120033,-0.0008574263,344,1182.31,2201.982988357544,532,0.8435844,0.0
799500,450.72,6.543479e-05,28.503586,799500,0.940498199313879,-0.00038400493,365,1184.66,2206.0901823043823,533,1.0648053,0.0
801000,444.85,5.9299207e-05,24.867237,801000,0.9521469734609127,-0.00023547927,391,1179.08,2209.923314809799,534,0.6524807,0.0
802500,437.12,7.210917e-05,21.12615,802500,0.957072339951992,-0.00075727276,378,1173.61,2213.8892529010773,535,0.9629433,0.0
804000,429.88,2.2776157e-05,31.873375,804000,0.9440222941339016,-0.0002655997,350,1168.76,2218.1696190834045,536,0.8357689,0.0
805500,432.34,4.787716e-05,17.858566,805500,0.9582769386470318,-0.0005117895,378,1171.91,2222.1287105083466,537,0.66506433,0.0
807000,434.99,2.9867886e-05,23.285707,807000,0.9620191156864166,-0.0002566946,365,1175.14,2226.230475664139,538,1.0372685,0.0
808500,437.26,0.00011784137,14.037281,808500,0.9676788970828056,-0.00069412956,371,1176.19,2230.2671296596527,539,0.88564056,0.0
810000,442.62,0.0001615246,22.073,810000,0.958471667021513,-0.00059648347,384,1181.64,2234.1652677059174,540,1.0803275,0.0
811500,449.52,0.000117945274,28.545631,811500,0.9529126845300198,-0.0007550145,360,1187.7,2238.331605195999,541,0.9219666,0.0
813000,436.55,3.0531646e-05,36.67687,813000,0.9338672682642937,-0.0002971907,352,1177.95,2242.585988998413,542,0.6428789,0.0
814500,435.25,1.4032504e-05,18.905153,814500,0.9477961845695972,-0.00018883104,365,1176.58,2246.693475484848,543,0.69436324,0.0
816000,435.2,1.0879778e-05,26.976564,816000,0.9328701123595238,-0.00010829368,332,1179.14,2251.2101440429688,544,0.65545875,0.0
817500,434.35,9.585889e-05,21.60542,817500,0.9596839100122452,-0.00079959986,363,1179.14,2255.342365026474,545,1.0145,0.0
819000,435.87,0.00043705694,23.748632,819000,0.9546730779111385,-0.0026656536,388,1177.81,2259.2069981098175,546,0.75025064,0.0005333333
820500,428.72,5.0999097e-05,22.740112,820500,0.9539106972515583,-0.00012586001,381,1172.2,2263.1374127864838,547,0.97266805,0.0
822000,429.25,7.532716e-05,29.545593,822000,0.9439732246100903,-0.0007804219,345,1171.88,2267.4751908779144,548,0.7401572,0.0
823500,434.53,1.3245128e-05,33.811947,823500,0.9366322904825211,-0.00014571335,353,1177.1,2271.721491098404,549,1.0410256,0.0
825000,440.23,2.0523603e-05,27.71846,825000,0.9487306177616119,-0.00015602977,370,1181.89,2275.77196931839,550,1.0751216,0.0
826500,437.36,1.3349169e-05,17.402071,826500,0.9555617570877075,-0.00038359192,379,1179.34,2279.725993871689,551,0.6126555,0.0
828000,440.94,3.709408e-05,28.405354,828000,0.9510940052568913,-0.00028393947,357,1182.98,2283.924209356308,552,0.95092285,0.0
829500,439.21,0.00011250128,27.589937,829500,0.898803360760212,-0.0009695927,351,1182.85,2288.1861543655396,553,0.4948993,0.0
831000,443.25,3.998707e-05,31.616333,831000,0.9384284503757954,-0.00017067685,352,1187.41,2292.4448008537292,554,0.9890983,0.0
832500,448.39,3.909287e-05,24.361858,832500,0.959682397544384,-0.0005896153,362,1192.51,2296.58039188385,555,1.0051026,0.0
834000,443.63,2.704613e-05,20.265112,834000,0.935418501496315,-0.00013302553,349,1189.73,2300.8753752708435,556,0.68278396,0.0
835500,438.52,2.6355292e-06,39.335777,835500,0.9250950962305069,-7.1529976e-05,343,1185.54,2305.237820625305,557,0.78355163,0.0
837000,445.07,9.531412e-05,22.402397,837000,0.9617453813552856,-0.0006001241,367,1190.32,2309.323434114456,558,1.0642924,0.0
838500,444.79,4.098504e-06,20.617535,838500,0.9400185868144035,1.0899093e-05,379,1190.83,2313.278425216675,559,0.70851356,0.0
840000,443.34,2.4150708e-05,31.313732,840000,0.8903754130005836,-0.00022110056,340,1188.8,2317.679822206497,560,0.559769,0.0
841500,447.39,0.00016038987,26.88401,841500,0.9463597945868969,-0.0010572553,355,1193.41,2321.9039208889008,561,1.0469371,0.0
843000,453.48,6.474258e-05,21.734419,843000,0.960696417838335,-0.00020060435,370,1198.58,2325.953334093094,562,1.0358341,0.0
844500,446.17,2.0376363e-05,38.368137,844500,0.9276978597044945,-0.000296201,314,1190.26,2330.7191026210785,563,0.9079273,0.0
846000,447.26,4.785388e-05,18.537025,846000,0.9503722190856934,-0.00020783543,373,1190.51,2334.7399117946625,564,0.6037474,0.0
847500,441.48,2.2788368e-05,20.421526,847500,0.9575379230082035,-0.00017631539,371,1184.73,2338.779323577881,565,0.87528276,0.0
849000,446.84,4.3796223e-05,34.576874,849000,0.9420961067080498,-0.0001899787,332,1186.65,2343.2894055843353,566,0.822134,0.0
850500,438.47,1.3422448e-05,16.6339,850500,0.9474201388657093,-0.000118839365,386,1180.6,2347.1698322296143,567,0.5622174,0.0
852000,444.51,3.105152e-05,24.311487,852000,0.957551870495081,-0.0002659674,337,1185.37,2351.609309196472,568,1.001793,0.0
853500,435.96,3.6772215e-06,32.178246,853500,0.941449411213398,-0.000118177115,334,1177.3,2356.0883190631866,569,0.7072789,0.0
855000,428.97,2.879367e-05,18.824457,855000,0.9527949951589108,-0.00026143237,367,1171.77,2360.169531583786,570,0.69301635,0.0
856500,434.76,0.00016863544,21.858337,856500,0.9680889062583447,-0.0007317,364,1176.89,2364.2821214199066,571,0.9271639,0.0
858000,428.67,2.2937766e-05,32.968796,858000,0.9459043331444263,-0.00021556213,345,1169.61,2368.623674631119,572,0.6766005,0.0
859500,428.43,2.0701038e-06,19.379173,859500,0.9430551752448082,5.038838e-06,356,1171.43,2372.8298008441925,573,0.7676786,0.0
861000,428.69,2.7933274e-05,19.52255,861000,0.9588887430727482,-0.0003326421,333,1172.34,2377.3247408866882,574,1.0238084,0.0
862500,430.24,7.3497336e-06,31.661873,862500,0.9360046610236168,-0.00017814743,344,1175.34,2381.6840608119965,575,0.6662478,0.0
864000,427.69,8.562747e-05,30.46922,864000,0.9524234794080257,-0.00082403136,348,1174.98,2385.994545698166,576,0.89603895,0.0
865500,421.51,3.7182144e-05,17.47142,865500,0.9653194546699524,-0.0003218068,373,1170.62,2390.0088980197906,577,0.89085174,0.0
867000,419.95,3.5974078e-06,38.626205,867000,0.9342605546116829,-9.584893e-05,349,1168.03,2394.3036091327667,578,0.69274336,0.0
868500,418.79,4.1376818e-05,24.458164,868500,0.9546216316521168,-0.00020478832,373,1168.03,2398.3246631622314,579,1.0115374,0.0
870000,422.01,9.0581256e-05,27.027515,870000,0.9454226940870285,-0.00046610046,376,1169.84,2402.305726289749,580,0.8719412,0.0
871500,421.82,6.027181e-06,25.250181,871500,0.95841845870018,-5.8091315e-05,370,1169.84,2406.355786561966,581,0.9737153,0.0
873000,428.45,1.5383115e-05,20.319214,873000,0.9696030747145414,-0.00015915756,373,1175.02,2410.368187904358,582,0.9867604,0.0
874500,420.68,3.380945e-05,18.974424,874500,0.9665783233940601,-0.00036893788,392,1168.5,2414.1891191005707,583,0.9674295,0.0
876000,420.67,4.5240322e-05,27.989058,876000,0.9472926966845989,-0.0003121365,366,1168.38,2418.2790813446045,584,1.0588303,0.0
877500,424.02,2.041802e-05,33.972057,877500,0.9210744872689247,-0.0004250044,314,1170.07,2423.055648326874,585,0.6318433,0.0
879000,423.72,7.79594e-05,16.294415,879000,0.9458499848842621,-0.00051179435,368,1169.5,2427.1289834976196,586,0.6515789,0.0
880500,416.58,0.00014057707,21.222462,880500,0.959429919719696,-0.0010114172,347,1164.33,2431.445481777191,587,0.9710246,0.0
882000,419.38,2.5667228e-05,44.087433,882000,0.9206585362553596,-0.00025790813,323,1166.77,2436.079617023468,588,0.9730568,0.0
883500,416.92,2.4130997e-05,12.408475,883500,0.9310924932360649,-0.00010166207,367,1165.32,2440.16254901886,589,0.46355265,0.0
885000,416.11,4.5295883e-06,30.984015,885000,0.9291017279028893,-5.1678257e-05,303,1166.11,2445.101066827774,590,0.8255884,0.0
886500,422.18,8.0403835e-05,30.338284,886500,0.938122633844614,-0.00070923043,316,1172.2,2449.836259841919,591,1.0780568,0.0
888000,415.53,9.450414e-05,15.931009,888000,0.9277032166719437,-0.0007136539,373,1166.94,2453.8579914569855,592,0.51428443,0.0
889500,414.61,0.00010332375,18.394772,889500,0.9624334499239922,-0.0009149946,343,1166.01,2458.220363855362,593,0.91973335,0.0
891000,419.53,7.690765e-06,30.605104,891000,0.9429924711585045,-6.212346e-05,338,1170.54,2462.6528372764587,594,1.003939,0.0
892500,415.18,5.2838506e-05,31.200964,892500,0.9369501993060112,-0.0004970239,355,1168.92,2466.870181798935,595,0.6392262,0.0
894000,416.84,2.944645e-05,17.423891,894000,0.9568320102989674,-0.00028423697,361,1170.02,2471.0213434696198,596,0.6896174,0.0
895500,421.47,0.00013154179,21.891329,895500,0.9652549438178539,-0.00081471243,352,1176.04,2475.278463602066,597,0.92985755,0.0
897000,419.93,3.356601e-06,26.173967,897000,0.9440572187304497,1.3280222e-05,351,1176.08,2479.541158437729,598,1.0083935,0.0
898500,422.58,0.00010611251,40.317093,898500,0.9319026917219162,-0.00062911474,337,1179.22,2483.986148118973,599,0.92938185,0.0
900000,415.63,0.00015382358,13.904274,900000,0.9216353222727776,-0.0006683825,354,1173.79,2488.2123024463654,600,0.49534085,6.666667e-05
901500,409.87,2.563194e-05,21.045465,901500,0.9555590637028217,-0.00011448748,349,1168.32,2492.507029056549,601,0.93174994,0.0
903000,415.27,6.0567203e-05,28.944592,903000,0.9427887126803398,-0.000309477,338,1174.19,2496.9392352104187,602,1.0736836,0.0
